activity_id,week,location_id,co_share_group
R0101,1,PLAT:LSX:J1B:EB,M01W01
R0101,1,PLAT:LSX:N1C:EB,M01W01
R0101,1,SEC:LSX:J1B_N1C:EB,M01W01
R0101,2,PLAT:LSX:J1B:EB,M01W02
R0101,2,PLAT:LSX:N1C:EB,M01W02
R0101,2,SEC:LSX:J1B_N1C:EB,M01W02
R0101,3,PLAT:LSX:J1B:EB,M01W03
R0101,3,PLAT:LSX:N1C:EB,M01W03
R0101,3,SEC:LSX:J1B_N1C:EB,M01W03
R0102,4,PLAT:LSX:N1C:WB,M01W04
R0102,4,PLAT:LSX:N1D:WB,M01W04
R0102,4,SEC:LSX:N1C_N1D:WB,M01W04
R0102,5,PLAT:LSX:N1C:WB,M01W05
R0102,5,PLAT:LSX:N1D:WB,M01W05
R0102,5,SEC:LSX:N1C_N1D:WB,M01W05
R0103,6,PLAT:LSX:J1A:EB,M01W06
R0103,6,PLAT:LSX:J1B:EB,M01W06
R0103,6,SEC:LSX:J1A_J1B:EB,M01W06
R0104,7,PLAT:LSY:J1B:WB,M01W07
R0104,7,PLAT:LSY:S1C:WB,M01W07
R0104,7,PLAT:LSY:S1D:WB,M01W07
R0104,7,SEC:LSY:J1B_S1C:WB,M01W07
R0104,7,SEC:LSY:S1C_S1D:WB,M01W07
R0104,8,PLAT:LSY:J1B:WB,M01W08
R0104,8,PLAT:LSY:S1C:WB,M01W08
R0104,8,PLAT:LSY:S1D:WB,M01W08
R0104,8,SEC:LSY:J1B_S1C:WB,M01W08
R0104,8,SEC:LSY:S1C_S1D:WB,M01W08
R0105,9,PLAT:LSY:S1C:WB,M01W09
R0105,9,PLAT:LSY:S1D:WB,M01W09
R0105,9,SEC:LSY:S1C_S1D:WB,M01W09
R0106,10,PLAT:LSY:J1A:EB,M01W10
R0106,10,PLAT:LSY:J1B:EB,M01W10
R0106,10,SEC:LSY:J1A_J1B:EB,M01W10
R0106,11,PLAT:LSY:J1A:EB,M01W11
R0106,11,PLAT:LSY:J1B:EB,M01W11
R0106,11,SEC:LSY:J1A_J1B:EB,M01W11
R0107,12,PLAT:LSX:J1B:WB,M01W12
R0107,12,PLAT:LSX:N1C:WB,M01W12
R0107,12,PLAT:LSX:N1D:WB,M01W12
R0107,12,SEC:LSX:J1B_N1C:WB,M01W12
R0107,12,SEC:LSX:N1C_N1D:WB,M01W12
R0107,13,PLAT:LSX:J1B:WB,M01W13
R0107,13,PLAT:LSX:N1C:WB,M01W13
R0107,13,PLAT:LSX:N1D:WB,M01W13
R0107,13,SEC:LSX:J1B_N1C:WB,M01W13
R0107,13,SEC:LSX:N1C_N1D:WB,M01W13
R0108,14,PLAT:LSY:S1C:EB,M01W14
R0108,14,PLAT:LSY:S1D:EB,M01W14
R0108,14,SEC:LSY:S1C_S1D:EB,M01W14
R0109,4,PLAT:LSX:N1C:WB,M01W04
R0109,4,PLAT:LSX:N1D:WB,M01W04
R0109,4,SEC:LSX:N1C_N1D:WB,M01W04
R0109,5,PLAT:LSX:N1C:WB,M01W05
R0109,5,PLAT:LSX:N1D:WB,M01W05
R0109,5,SEC:LSX:N1C_N1D:WB,M01W05
R0201,1,PLAT:LSX:J2B:EB,M02W01
R0201,1,PLAT:LSX:N2C:EB,M02W01
R0201,1,SEC:LSX:J2B_N2C:EB,M02W01
R0201,2,PLAT:LSX:J2B:EB,M02W02
R0201,2,PLAT:LSX:N2C:EB,M02W02
R0201,2,SEC:LSX:J2B_N2C:EB,M02W02
R0201,3,PLAT:LSX:J2B:EB,M02W03
R0201,3,PLAT:LSX:N2C:EB,M02W03
R0201,3,SEC:LSX:J2B_N2C:EB,M02W03
R0202,4,PLAT:LSX:N2C:WB,M02W04
R0202,4,PLAT:LSX:N2D:WB,M02W04
R0202,4,SEC:LSX:N2C_N2D:WB,M02W04
R0202,5,PLAT:LSX:N2C:WB,M02W05
R0202,5,PLAT:LSX:N2D:WB,M02W05
R0202,5,SEC:LSX:N2C_N2D:WB,M02W05
R0203,6,PLAT:LSX:J2A:EB,M02W06
R0203,6,PLAT:LSX:J2B:EB,M02W06
R0203,6,SEC:LSX:J2A_J2B:EB,M02W06
R0204,7,PLAT:LSY:J2B:WB,M02W07
R0204,7,PLAT:LSY:S2C:WB,M02W07
R0204,7,PLAT:LSY:S2D:WB,M02W07
R0204,7,SEC:LSY:J2B_S2C:WB,M02W07
R0204,7,SEC:LSY:S2C_S2D:WB,M02W07
R0204,8,PLAT:LSY:J2B:WB,M02W08
R0204,8,PLAT:LSY:S2C:WB,M02W08
R0204,8,PLAT:LSY:S2D:WB,M02W08
R0204,8,SEC:LSY:J2B_S2C:WB,M02W08
R0204,8,SEC:LSY:S2C_S2D:WB,M02W08
R0205,9,PLAT:LSY:S2C:WB,M02W09
R0205,9,PLAT:LSY:S2D:WB,M02W09
R0205,9,SEC:LSY:S2C_S2D:WB,M02W09
R0206,10,PLAT:LSY:J2A:EB,M02W10
R0206,10,PLAT:LSY:J2B:EB,M02W10
R0206,10,SEC:LSY:J2A_J2B:EB,M02W10
R0206,11,PLAT:LSY:J2A:EB,M02W11
R0206,11,PLAT:LSY:J2B:EB,M02W11
R0206,11,SEC:LSY:J2A_J2B:EB,M02W11
R0207,12,PLAT:LSX:J2B:WB,M02W12
R0207,12,PLAT:LSX:N2C:WB,M02W12
R0207,12,PLAT:LSX:N2D:WB,M02W12
R0207,12,SEC:LSX:J2B_N2C:WB,M02W12
R0207,12,SEC:LSX:N2C_N2D:WB,M02W12
R0207,13,PLAT:LSX:J2B:WB,M02W13
R0207,13,PLAT:LSX:N2C:WB,M02W13
R0207,13,PLAT:LSX:N2D:WB,M02W13
R0207,13,SEC:LSX:J2B_N2C:WB,M02W13
R0207,13,SEC:LSX:N2C_N2D:WB,M02W13
R0208,14,PLAT:LSY:S2C:EB,M02W14
R0208,14,PLAT:LSY:S2D:EB,M02W14
R0208,14,SEC:LSY:S2C_S2D:EB,M02W14
R0209,4,PLAT:LSX:N2C:WB,M02W04
R0209,4,PLAT:LSX:N2D:WB,M02W04
R0209,4,SEC:LSX:N2C_N2D:WB,M02W04
R0209,5,PLAT:LSX:N2C:WB,M02W05
R0209,5,PLAT:LSX:N2D:WB,M02W05
R0209,5,SEC:LSX:N2C_N2D:WB,M02W05
R0301,1,PLAT:LSX:J3B:EB,M03W01
R0301,1,PLAT:LSX:N3C:EB,M03W01
R0301,1,SEC:LSX:J3B_N3C:EB,M03W01
R0301,2,PLAT:LSX:J3B:EB,M03W02
R0301,2,PLAT:LSX:N3C:EB,M03W02
R0301,2,SEC:LSX:J3B_N3C:EB,M03W02
R0301,3,PLAT:LSX:J3B:EB,M03W03
R0301,3,PLAT:LSX:N3C:EB,M03W03
R0301,3,SEC:LSX:J3B_N3C:EB,M03W03
R0302,4,PLAT:LSX:N3C:WB,M03W04
R0302,4,PLAT:LSX:N3D:WB,M03W04
R0302,4,SEC:LSX:N3C_N3D:WB,M03W04
R0302,5,PLAT:LSX:N3C:WB,M03W05
R0302,5,PLAT:LSX:N3D:WB,M03W05
R0302,5,SEC:LSX:N3C_N3D:WB,M03W05
R0303,6,PLAT:LSX:J3A:EB,M03W06
R0303,6,PLAT:LSX:J3B:EB,M03W06
R0303,6,SEC:LSX:J3A_J3B:EB,M03W06
R0304,7,PLAT:LSY:J3B:WB,M03W07
R0304,7,PLAT:LSY:S3C:WB,M03W07
R0304,7,PLAT:LSY:S3D:WB,M03W07
R0304,7,SEC:LSY:J3B_S3C:WB,M03W07
R0304,7,SEC:LSY:S3C_S3D:WB,M03W07
R0304,8,PLAT:LSY:J3B:WB,M03W08
R0304,8,PLAT:LSY:S3C:WB,M03W08
R0304,8,PLAT:LSY:S3D:WB,M03W08
R0304,8,SEC:LSY:J3B_S3C:WB,M03W08
R0304,8,SEC:LSY:S3C_S3D:WB,M03W08
R0305,9,PLAT:LSY:S3C:WB,M03W09
R0305,9,PLAT:LSY:S3D:WB,M03W09
R0305,9,SEC:LSY:S3C_S3D:WB,M03W09
R0306,10,PLAT:LSY:J3A:EB,M03W10
R0306,10,PLAT:LSY:J3B:EB,M03W10
R0306,10,SEC:LSY:J3A_J3B:EB,M03W10
R0306,11,PLAT:LSY:J3A:EB,M03W11
R0306,11,PLAT:LSY:J3B:EB,M03W11
R0306,11,SEC:LSY:J3A_J3B:EB,M03W11
R0307,12,PLAT:LSX:J3B:WB,M03W12
R0307,12,PLAT:LSX:N3C:WB,M03W12
R0307,12,PLAT:LSX:N3D:WB,M03W12
R0307,12,SEC:LSX:J3B_N3C:WB,M03W12
R0307,12,SEC:LSX:N3C_N3D:WB,M03W12
R0307,13,PLAT:LSX:J3B:WB,M03W13
R0307,13,PLAT:LSX:N3C:WB,M03W13
R0307,13,PLAT:LSX:N3D:WB,M03W13
R0307,13,SEC:LSX:J3B_N3C:WB,M03W13
R0307,13,SEC:LSX:N3C_N3D:WB,M03W13
R0308,14,PLAT:LSY:S3C:EB,M03W14
R0308,14,PLAT:LSY:S3D:EB,M03W14
R0308,14,SEC:LSY:S3C_S3D:EB,M03W14
R0309,4,PLAT:LSX:N3C:WB,M03W04
R0309,4,PLAT:LSX:N3D:WB,M03W04
R0309,4,SEC:LSX:N3C_N3D:WB,M03W04
R0309,5,PLAT:LSX:N3C:WB,M03W05
R0309,5,PLAT:LSX:N3D:WB,M03W05
R0309,5,SEC:LSX:N3C_N3D:WB,M03W05
R0401,1,PLAT:LSX:J4B:EB,M04W01
R0401,1,PLAT:LSX:N4C:EB,M04W01
R0401,1,SEC:LSX:J4B_N4C:EB,M04W01
R0401,2,PLAT:LSX:J4B:EB,M04W02
R0401,2,PLAT:LSX:N4C:EB,M04W02
R0401,2,SEC:LSX:J4B_N4C:EB,M04W02
R0401,3,PLAT:LSX:J4B:EB,M04W03
R0401,3,PLAT:LSX:N4C:EB,M04W03
R0401,3,SEC:LSX:J4B_N4C:EB,M04W03
R0402,4,PLAT:LSX:N4C:WB,M04W04
R0402,4,PLAT:LSX:N4D:WB,M04W04
R0402,4,SEC:LSX:N4C_N4D:WB,M04W04
R0402,5,PLAT:LSX:N4C:WB,M04W05
R0402,5,PLAT:LSX:N4D:WB,M04W05
R0402,5,SEC:LSX:N4C_N4D:WB,M04W05
R0403,6,PLAT:LSX:J4A:EB,M04W06
R0403,6,PLAT:LSX:J4B:EB,M04W06
R0403,6,SEC:LSX:J4A_J4B:EB,M04W06
R0404,7,PLAT:LSY:J4B:WB,M04W07
R0404,7,PLAT:LSY:S4C:WB,M04W07
R0404,7,PLAT:LSY:S4D:WB,M04W07
R0404,7,SEC:LSY:J4B_S4C:WB,M04W07
R0404,7,SEC:LSY:S4C_S4D:WB,M04W07
R0404,8,PLAT:LSY:J4B:WB,M04W08
R0404,8,PLAT:LSY:S4C:WB,M04W08
R0404,8,PLAT:LSY:S4D:WB,M04W08
R0404,8,SEC:LSY:J4B_S4C:WB,M04W08
R0404,8,SEC:LSY:S4C_S4D:WB,M04W08
R0405,9,PLAT:LSY:S4C:WB,M04W09
R0405,9,PLAT:LSY:S4D:WB,M04W09
R0405,9,SEC:LSY:S4C_S4D:WB,M04W09
R0406,10,PLAT:LSY:J4A:EB,M04W10
R0406,10,PLAT:LSY:J4B:EB,M04W10
R0406,10,SEC:LSY:J4A_J4B:EB,M04W10
R0406,11,PLAT:LSY:J4A:EB,M04W11
R0406,11,PLAT:LSY:J4B:EB,M04W11
R0406,11,SEC:LSY:J4A_J4B:EB,M04W11
R0407,12,PLAT:LSX:J4B:WB,M04W12
R0407,12,PLAT:LSX:N4C:WB,M04W12
R0407,12,PLAT:LSX:N4D:WB,M04W12
R0407,12,SEC:LSX:J4B_N4C:WB,M04W12
R0407,12,SEC:LSX:N4C_N4D:WB,M04W12
R0407,13,PLAT:LSX:J4B:WB,M04W13
R0407,13,PLAT:LSX:N4C:WB,M04W13
R0407,13,PLAT:LSX:N4D:WB,M04W13
R0407,13,SEC:LSX:J4B_N4C:WB,M04W13
R0407,13,SEC:LSX:N4C_N4D:WB,M04W13
R0408,14,PLAT:LSY:S4C:EB,M04W14
R0408,14,PLAT:LSY:S4D:EB,M04W14
R0408,14,SEC:LSY:S4C_S4D:EB,M04W14
R0409,4,PLAT:LSX:N4C:WB,M04W04
R0409,4,PLAT:LSX:N4D:WB,M04W04
R0409,4,SEC:LSX:N4C_N4D:WB,M04W04
R0409,5,PLAT:LSX:N4C:WB,M04W05
R0409,5,PLAT:LSX:N4D:WB,M04W05
R0409,5,SEC:LSX:N4C_N4D:WB,M04W05
R0501,1,PLAT:LSX:J5B:EB,M05W01
R0501,1,PLAT:LSX:N5C:EB,M05W01
R0501,1,SEC:LSX:J5B_N5C:EB,M05W01
R0501,2,PLAT:LSX:J5B:EB,M05W02
R0501,2,PLAT:LSX:N5C:EB,M05W02
R0501,2,SEC:LSX:J5B_N5C:EB,M05W02
R0501,3,PLAT:LSX:J5B:EB,M05W03
R0501,3,PLAT:LSX:N5C:EB,M05W03
R0501,3,SEC:LSX:J5B_N5C:EB,M05W03
R0502,4,PLAT:LSX:N5C:WB,M05W04
R0502,4,PLAT:LSX:N5D:WB,M05W04
R0502,4,SEC:LSX:N5C_N5D:WB,M05W04
R0502,5,PLAT:LSX:N5C:WB,M05W05
R0502,5,PLAT:LSX:N5D:WB,M05W05
R0502,5,SEC:LSX:N5C_N5D:WB,M05W05
R0503,6,PLAT:LSX:J5A:EB,M05W06
R0503,6,PLAT:LSX:J5B:EB,M05W06
R0503,6,SEC:LSX:J5A_J5B:EB,M05W06
R0504,7,PLAT:LSY:J5B:WB,M05W07
R0504,7,PLAT:LSY:S5C:WB,M05W07
R0504,7,PLAT:LSY:S5D:WB,M05W07
R0504,7,SEC:LSY:J5B_S5C:WB,M05W07
R0504,7,SEC:LSY:S5C_S5D:WB,M05W07
R0504,8,PLAT:LSY:J5B:WB,M05W08
R0504,8,PLAT:LSY:S5C:WB,M05W08
R0504,8,PLAT:LSY:S5D:WB,M05W08
R0504,8,SEC:LSY:J5B_S5C:WB,M05W08
R0504,8,SEC:LSY:S5C_S5D:WB,M05W08
R0505,9,PLAT:LSY:S5C:WB,M05W09
R0505,9,PLAT:LSY:S5D:WB,M05W09
R0505,9,SEC:LSY:S5C_S5D:WB,M05W09
R0506,10,PLAT:LSY:J5A:EB,M05W10
R0506,10,PLAT:LSY:J5B:EB,M05W10
R0506,10,SEC:LSY:J5A_J5B:EB,M05W10
R0506,11,PLAT:LSY:J5A:EB,M05W11
R0506,11,PLAT:LSY:J5B:EB,M05W11
R0506,11,SEC:LSY:J5A_J5B:EB,M05W11
R0507,12,PLAT:LSX:J5B:WB,M05W12
R0507,12,PLAT:LSX:N5C:WB,M05W12
R0507,12,PLAT:LSX:N5D:WB,M05W12
R0507,12,SEC:LSX:J5B_N5C:WB,M05W12
R0507,12,SEC:LSX:N5C_N5D:WB,M05W12
R0507,13,PLAT:LSX:J5B:WB,M05W13
R0507,13,PLAT:LSX:N5C:WB,M05W13
R0507,13,PLAT:LSX:N5D:WB,M05W13
R0507,13,SEC:LSX:J5B_N5C:WB,M05W13
R0507,13,SEC:LSX:N5C_N5D:WB,M05W13
R0508,14,PLAT:LSY:S5C:EB,M05W14
R0508,14,PLAT:LSY:S5D:EB,M05W14
R0508,14,SEC:LSY:S5C_S5D:EB,M05W14
R0509,4,PLAT:LSX:N5C:WB,M05W04
R0509,4,PLAT:LSX:N5D:WB,M05W04
R0509,4,SEC:LSX:N5C_N5D:WB,M05W04
R0509,5,PLAT:LSX:N5C:WB,M05W05
R0509,5,PLAT:LSX:N5D:WB,M05W05
R0509,5,SEC:LSX:N5C_N5D:WB,M05W05
R0601,1,PLAT:LSX:J6B:EB,M06W01
R0601,1,PLAT:LSX:N6C:EB,M06W01
R0601,1,SEC:LSX:J6B_N6C:EB,M06W01
R0601,2,PLAT:LSX:J6B:EB,M06W02
R0601,2,PLAT:LSX:N6C:EB,M06W02
R0601,2,SEC:LSX:J6B_N6C:EB,M06W02
R0601,3,PLAT:LSX:J6B:EB,M06W03
R0601,3,PLAT:LSX:N6C:EB,M06W03
R0601,3,SEC:LSX:J6B_N6C:EB,M06W03
R0602,4,PLAT:LSX:N6C:WB,M06W04
R0602,4,PLAT:LSX:N6D:WB,M06W04
R0602,4,SEC:LSX:N6C_N6D:WB,M06W04
R0602,5,PLAT:LSX:N6C:WB,M06W05
R0602,5,PLAT:LSX:N6D:WB,M06W05
R0602,5,SEC:LSX:N6C_N6D:WB,M06W05
R0603,6,PLAT:LSX:J6A:EB,M06W06
R0603,6,PLAT:LSX:J6B:EB,M06W06
R0603,6,SEC:LSX:J6A_J6B:EB,M06W06
R0604,7,PLAT:LSY:J6B:WB,M06W07
R0604,7,PLAT:LSY:S6C:WB,M06W07
R0604,7,PLAT:LSY:S6D:WB,M06W07
R0604,7,SEC:LSY:J6B_S6C:WB,M06W07
R0604,7,SEC:LSY:S6C_S6D:WB,M06W07
R0604,8,PLAT:LSY:J6B:WB,M06W08
R0604,8,PLAT:LSY:S6C:WB,M06W08
R0604,8,PLAT:LSY:S6D:WB,M06W08
R0604,8,SEC:LSY:J6B_S6C:WB,M06W08
R0604,8,SEC:LSY:S6C_S6D:WB,M06W08
R0605,9,PLAT:LSY:S6C:WB,M06W09
R0605,9,PLAT:LSY:S6D:WB,M06W09
R0605,9,SEC:LSY:S6C_S6D:WB,M06W09
R0606,10,PLAT:LSY:J6A:EB,M06W10
R0606,10,PLAT:LSY:J6B:EB,M06W10
R0606,10,SEC:LSY:J6A_J6B:EB,M06W10
R0606,11,PLAT:LSY:J6A:EB,M06W11
R0606,11,PLAT:LSY:J6B:EB,M06W11
R0606,11,SEC:LSY:J6A_J6B:EB,M06W11
R0607,12,PLAT:LSX:J6B:WB,M06W12
R0607,12,PLAT:LSX:N6C:WB,M06W12
R0607,12,PLAT:LSX:N6D:WB,M06W12
R0607,12,SEC:LSX:J6B_N6C:WB,M06W12
R0607,12,SEC:LSX:N6C_N6D:WB,M06W12
R0607,13,PLAT:LSX:J6B:WB,M06W13
R0607,13,PLAT:LSX:N6C:WB,M06W13
R0607,13,PLAT:LSX:N6D:WB,M06W13
R0607,13,SEC:LSX:J6B_N6C:WB,M06W13
R0607,13,SEC:LSX:N6C_N6D:WB,M06W13
R0608,14,PLAT:LSY:S6C:EB,M06W14
R0608,14,PLAT:LSY:S6D:EB,M06W14
R0608,14,SEC:LSY:S6C_S6D:EB,M06W14
R0609,4,PLAT:LSX:N6C:WB,M06W04
R0609,4,PLAT:LSX:N6D:WB,M06W04
R0609,4,SEC:LSX:N6C_N6D:WB,M06W04
R0609,5,PLAT:LSX:N6C:WB,M06W05
R0609,5,PLAT:LSX:N6D:WB,M06W05
R0609,5,SEC:LSX:N6C_N6D:WB,M06W05
R0701,1,PLAT:LSX:J7B:EB,M07W01
R0701,1,PLAT:LSX:N7C:EB,M07W01
R0701,1,SEC:LSX:J7B_N7C:EB,M07W01
R0701,2,PLAT:LSX:J7B:EB,M07W02
R0701,2,PLAT:LSX:N7C:EB,M07W02
R0701,2,SEC:LSX:J7B_N7C:EB,M07W02
R0701,3,PLAT:LSX:J7B:EB,M07W03
R0701,3,PLAT:LSX:N7C:EB,M07W03
R0701,3,SEC:LSX:J7B_N7C:EB,M07W03
R0702,4,PLAT:LSX:N7C:WB,M07W04
R0702,4,PLAT:LSX:N7D:WB,M07W04
R0702,4,SEC:LSX:N7C_N7D:WB,M07W04
R0702,5,PLAT:LSX:N7C:WB,M07W05
R0702,5,PLAT:LSX:N7D:WB,M07W05
R0702,5,SEC:LSX:N7C_N7D:WB,M07W05
R0703,6,PLAT:LSX:J7A:EB,M07W06
R0703,6,PLAT:LSX:J7B:EB,M07W06
R0703,6,SEC:LSX:J7A_J7B:EB,M07W06
R0704,7,PLAT:LSY:J7B:WB,M07W07
R0704,7,PLAT:LSY:S7C:WB,M07W07
R0704,7,PLAT:LSY:S7D:WB,M07W07
R0704,7,SEC:LSY:J7B_S7C:WB,M07W07
R0704,7,SEC:LSY:S7C_S7D:WB,M07W07
R0704,8,PLAT:LSY:J7B:WB,M07W08
R0704,8,PLAT:LSY:S7C:WB,M07W08
R0704,8,PLAT:LSY:S7D:WB,M07W08
R0704,8,SEC:LSY:J7B_S7C:WB,M07W08
R0704,8,SEC:LSY:S7C_S7D:WB,M07W08
R0705,9,PLAT:LSY:S7C:WB,M07W09
R0705,9,PLAT:LSY:S7D:WB,M07W09
R0705,9,SEC:LSY:S7C_S7D:WB,M07W09
R0706,10,PLAT:LSY:J7A:EB,M07W10
R0706,10,PLAT:LSY:J7B:EB,M07W10
R0706,10,SEC:LSY:J7A_J7B:EB,M07W10
R0706,11,PLAT:LSY:J7A:EB,M07W11
R0706,11,PLAT:LSY:J7B:EB,M07W11
R0706,11,SEC:LSY:J7A_J7B:EB,M07W11
R0707,12,PLAT:LSX:J7B:WB,M07W12
R0707,12,PLAT:LSX:N7C:WB,M07W12
R0707,12,PLAT:LSX:N7D:WB,M07W12
R0707,12,SEC:LSX:J7B_N7C:WB,M07W12
R0707,12,SEC:LSX:N7C_N7D:WB,M07W12
R0707,13,PLAT:LSX:J7B:WB,M07W13
R0707,13,PLAT:LSX:N7C:WB,M07W13
R0707,13,PLAT:LSX:N7D:WB,M07W13
R0707,13,SEC:LSX:J7B_N7C:WB,M07W13
R0707,13,SEC:LSX:N7C_N7D:WB,M07W13
R0708,14,PLAT:LSY:S7C:EB,M07W14
R0708,14,PLAT:LSY:S7D:EB,M07W14
R0708,14,SEC:LSY:S7C_S7D:EB,M07W14
R0709,4,PLAT:LSX:N7C:WB,M07W04
R0709,4,PLAT:LSX:N7D:WB,M07W04
R0709,4,SEC:LSX:N7C_N7D:WB,M07W04
R0709,5,PLAT:LSX:N7C:WB,M07W05
R0709,5,PLAT:LSX:N7D:WB,M07W05
R0709,5,SEC:LSX:N7C_N7D:WB,M07W05
R0801,1,PLAT:LSX:J8B:EB,M08W01
R0801,1,PLAT:LSX:N8C:EB,M08W01
R0801,1,SEC:LSX:J8B_N8C:EB,M08W01
R0801,2,PLAT:LSX:J8B:EB,M08W02
R0801,2,PLAT:LSX:N8C:EB,M08W02
R0801,2,SEC:LSX:J8B_N8C:EB,M08W02
R0801,3,PLAT:LSX:J8B:EB,M08W03
R0801,3,PLAT:LSX:N8C:EB,M08W03
R0801,3,SEC:LSX:J8B_N8C:EB,M08W03
R0802,4,PLAT:LSX:N8C:WB,M08W04
R0802,4,PLAT:LSX:N8D:WB,M08W04
R0802,4,SEC:LSX:N8C_N8D:WB,M08W04
R0802,5,PLAT:LSX:N8C:WB,M08W05
R0802,5,PLAT:LSX:N8D:WB,M08W05
R0802,5,SEC:LSX:N8C_N8D:WB,M08W05
R0803,6,PLAT:LSX:J8A:EB,M08W06
R0803,6,PLAT:LSX:J8B:EB,M08W06
R0803,6,SEC:LSX:J8A_J8B:EB,M08W06
R0804,7,PLAT:LSY:J8B:WB,M08W07
R0804,7,PLAT:LSY:S8C:WB,M08W07
R0804,7,PLAT:LSY:S8D:WB,M08W07
R0804,7,SEC:LSY:J8B_S8C:WB,M08W07
R0804,7,SEC:LSY:S8C_S8D:WB,M08W07
R0804,8,PLAT:LSY:J8B:WB,M08W08
R0804,8,PLAT:LSY:S8C:WB,M08W08
R0804,8,PLAT:LSY:S8D:WB,M08W08
R0804,8,SEC:LSY:J8B_S8C:WB,M08W08
R0804,8,SEC:LSY:S8C_S8D:WB,M08W08
R0805,9,PLAT:LSY:S8C:WB,M08W09
R0805,9,PLAT:LSY:S8D:WB,M08W09
R0805,9,SEC:LSY:S8C_S8D:WB,M08W09
R0806,10,PLAT:LSY:J8A:EB,M08W10
R0806,10,PLAT:LSY:J8B:EB,M08W10
R0806,10,SEC:LSY:J8A_J8B:EB,M08W10
R0806,11,PLAT:LSY:J8A:EB,M08W11
R0806,11,PLAT:LSY:J8B:EB,M08W11
R0806,11,SEC:LSY:J8A_J8B:EB,M08W11
R0807,12,PLAT:LSX:J8B:WB,M08W12
R0807,12,PLAT:LSX:N8C:WB,M08W12
R0807,12,PLAT:LSX:N8D:WB,M08W12
R0807,12,SEC:LSX:J8B_N8C:WB,M08W12
R0807,12,SEC:LSX:N8C_N8D:WB,M08W12
R0807,13,PLAT:LSX:J8B:WB,M08W13
R0807,13,PLAT:LSX:N8C:WB,M08W13
R0807,13,PLAT:LSX:N8D:WB,M08W13
R0807,13,SEC:LSX:J8B_N8C:WB,M08W13
R0807,13,SEC:LSX:N8C_N8D:WB,M08W13
R0808,14,PLAT:LSY:S8C:EB,M08W14
R0808,14,PLAT:LSY:S8D:EB,M08W14
R0808,14,SEC:LSY:S8C_S8D:EB,M08W14
R0809,4,PLAT:LSX:N8C:WB,M08W04
R0809,4,PLAT:LSX:N8D:WB,M08W04
R0809,4,SEC:LSX:N8C_N8D:WB,M08W04
R0809,5,PLAT:LSX:N8C:WB,M08W05
R0809,5,PLAT:LSX:N8D:WB,M08W05
R0809,5,SEC:LSX:N8C_N8D:WB,M08W05
R0901,1,PLAT:LSX:J9B:EB,M09W01
R0901,1,PLAT:LSX:N9C:EB,M09W01
R0901,1,SEC:LSX:J9B_N9C:EB,M09W01
R0901,2,PLAT:LSX:J9B:EB,M09W02
R0901,2,PLAT:LSX:N9C:EB,M09W02
R0901,2,SEC:LSX:J9B_N9C:EB,M09W02
R0901,3,PLAT:LSX:J9B:EB,M09W03
R0901,3,PLAT:LSX:N9C:EB,M09W03
R0901,3,SEC:LSX:J9B_N9C:EB,M09W03
R0902,4,PLAT:LSX:N9C:WB,M09W04
R0902,4,PLAT:LSX:N9D:WB,M09W04
R0902,4,SEC:LSX:N9C_N9D:WB,M09W04
R0902,5,PLAT:LSX:N9C:WB,M09W05
R0902,5,PLAT:LSX:N9D:WB,M09W05
R0902,5,SEC:LSX:N9C_N9D:WB,M09W05
R0903,6,PLAT:LSX:J9A:EB,M09W06
R0903,6,PLAT:LSX:J9B:EB,M09W06
R0903,6,SEC:LSX:J9A_J9B:EB,M09W06
R0904,7,PLAT:LSY:J9B:WB,M09W07
R0904,7,PLAT:LSY:S9C:WB,M09W07
R0904,7,PLAT:LSY:S9D:WB,M09W07
R0904,7,SEC:LSY:J9B_S9C:WB,M09W07
R0904,7,SEC:LSY:S9C_S9D:WB,M09W07
R0904,8,PLAT:LSY:J9B:WB,M09W08
R0904,8,PLAT:LSY:S9C:WB,M09W08
R0904,8,PLAT:LSY:S9D:WB,M09W08
R0904,8,SEC:LSY:J9B_S9C:WB,M09W08
R0904,8,SEC:LSY:S9C_S9D:WB,M09W08
R0905,9,PLAT:LSY:S9C:WB,M09W09
R0905,9,PLAT:LSY:S9D:WB,M09W09
R0905,9,SEC:LSY:S9C_S9D:WB,M09W09
R0906,10,PLAT:LSY:J9A:EB,M09W10
R0906,10,PLAT:LSY:J9B:EB,M09W10
R0906,10,SEC:LSY:J9A_J9B:EB,M09W10
R0906,11,PLAT:LSY:J9A:EB,M09W11
R0906,11,PLAT:LSY:J9B:EB,M09W11
R0906,11,SEC:LSY:J9A_J9B:EB,M09W11
R0907,12,PLAT:LSX:J9B:WB,M09W12
R0907,12,PLAT:LSX:N9C:WB,M09W12
R0907,12,PLAT:LSX:N9D:WB,M09W12
R0907,12,SEC:LSX:J9B_N9C:WB,M09W12
R0907,12,SEC:LSX:N9C_N9D:WB,M09W12
R0907,13,PLAT:LSX:J9B:WB,M09W13
R0907,13,PLAT:LSX:N9C:WB,M09W13
R0907,13,PLAT:LSX:N9D:WB,M09W13
R0907,13,SEC:LSX:J9B_N9C:WB,M09W13
R0907,13,SEC:LSX:N9C_N9D:WB,M09W13
R0908,14,PLAT:LSY:S9C:EB,M09W14
R0908,14,PLAT:LSY:S9D:EB,M09W14
R0908,14,SEC:LSY:S9C_S9D:EB,M09W14
R0909,4,PLAT:LSX:N9C:WB,M09W04
R0909,4,PLAT:LSX:N9D:WB,M09W04
R0909,4,SEC:LSX:N9C_N9D:WB,M09W04
R0909,5,PLAT:LSX:N9C:WB,M09W05
R0909,5,PLAT:LSX:N9D:WB,M09W05
R0909,5,SEC:LSX:N9C_N9D:WB,M09W05
R1001,1,PLAT:LSX:J10B:EB,M10W01
R1001,1,PLAT:LSX:N10C:EB,M10W01
R1001,1,SEC:LSX:J10B_N10C:EB,M10W01
R1001,2,PLAT:LSX:J10B:EB,M10W02
R1001,2,PLAT:LSX:N10C:EB,M10W02
R1001,2,SEC:LSX:J10B_N10C:EB,M10W02
R1001,3,PLAT:LSX:J10B:EB,M10W03
R1001,3,PLAT:LSX:N10C:EB,M10W03
R1001,3,SEC:LSX:J10B_N10C:EB,M10W03
R1002,4,PLAT:LSX:N10C:WB,M10W04
R1002,4,PLAT:LSX:N10D:WB,M10W04
R1002,4,SEC:LSX:N10C_N10D:WB,M10W04
R1002,5,PLAT:LSX:N10C:WB,M10W05
R1002,5,PLAT:LSX:N10D:WB,M10W05
R1002,5,SEC:LSX:N10C_N10D:WB,M10W05
R1003,6,PLAT:LSX:J10A:EB,M10W06
R1003,6,PLAT:LSX:J10B:EB,M10W06
R1003,6,SEC:LSX:J10A_J10B:EB,M10W06
R1004,7,PLAT:LSY:J10B:WB,M10W07
R1004,7,PLAT:LSY:S10C:WB,M10W07
R1004,7,PLAT:LSY:S10D:WB,M10W07
R1004,7,SEC:LSY:J10B_S10C:WB,M10W07
R1004,7,SEC:LSY:S10C_S10D:WB,M10W07
R1004,8,PLAT:LSY:J10B:WB,M10W08
R1004,8,PLAT:LSY:S10C:WB,M10W08
R1004,8,PLAT:LSY:S10D:WB,M10W08
R1004,8,SEC:LSY:J10B_S10C:WB,M10W08
R1004,8,SEC:LSY:S10C_S10D:WB,M10W08
R1005,9,PLAT:LSY:S10C:WB,M10W09
R1005,9,PLAT:LSY:S10D:WB,M10W09
R1005,9,SEC:LSY:S10C_S10D:WB,M10W09
R1006,10,PLAT:LSY:J10A:EB,M10W10
R1006,10,PLAT:LSY:J10B:EB,M10W10
R1006,10,SEC:LSY:J10A_J10B:EB,M10W10
R1006,11,PLAT:LSY:J10A:EB,M10W11
R1006,11,PLAT:LSY:J10B:EB,M10W11
R1006,11,SEC:LSY:J10A_J10B:EB,M10W11
R1007,12,PLAT:LSX:J10B:WB,M10W12
R1007,12,PLAT:LSX:N10C:WB,M10W12
R1007,12,PLAT:LSX:N10D:WB,M10W12
R1007,12,SEC:LSX:J10B_N10C:WB,M10W12
R1007,12,SEC:LSX:N10C_N10D:WB,M10W12
R1007,13,PLAT:LSX:J10B:WB,M10W13
R1007,13,PLAT:LSX:N10C:WB,M10W13
R1007,13,PLAT:LSX:N10D:WB,M10W13
R1007,13,SEC:LSX:J10B_N10C:WB,M10W13
R1007,13,SEC:LSX:N10C_N10D:WB,M10W13
R1008,14,PLAT:LSY:S10C:EB,M10W14
R1008,14,PLAT:LSY:S10D:EB,M10W14
R1008,14,SEC:LSY:S10C_S10D:EB,M10W14
R1009,4,PLAT:LSX:N10C:WB,M10W04
R1009,4,PLAT:LSX:N10D:WB,M10W04
R1009,4,SEC:LSX:N10C_N10D:WB,M10W04
R1009,5,PLAT:LSX:N10C:WB,M10W05
R1009,5,PLAT:LSX:N10D:WB,M10W05
R1009,5,SEC:LSX:N10C_N10D:WB,M10W05
R1101,1,PLAT:LSX:J11B:EB,M11W01
R1101,1,PLAT:LSX:N11C:EB,M11W01
R1101,1,SEC:LSX:J11B_N11C:EB,M11W01
R1101,2,PLAT:LSX:J11B:EB,M11W02
R1101,2,PLAT:LSX:N11C:EB,M11W02
R1101,2,SEC:LSX:J11B_N11C:EB,M11W02
R1101,3,PLAT:LSX:J11B:EB,M11W03
R1101,3,PLAT:LSX:N11C:EB,M11W03
R1101,3,SEC:LSX:J11B_N11C:EB,M11W03
R1102,4,PLAT:LSX:N11C:WB,M11W04
R1102,4,PLAT:LSX:N11D:WB,M11W04
R1102,4,SEC:LSX:N11C_N11D:WB,M11W04
R1102,5,PLAT:LSX:N11C:WB,M11W05
R1102,5,PLAT:LSX:N11D:WB,M11W05
R1102,5,SEC:LSX:N11C_N11D:WB,M11W05
R1103,6,PLAT:LSX:J11A:EB,M11W06
R1103,6,PLAT:LSX:J11B:EB,M11W06
R1103,6,SEC:LSX:J11A_J11B:EB,M11W06
R1104,7,PLAT:LSY:J11B:WB,M11W07
R1104,7,PLAT:LSY:S11C:WB,M11W07
R1104,7,PLAT:LSY:S11D:WB,M11W07
R1104,7,SEC:LSY:J11B_S11C:WB,M11W07
R1104,7,SEC:LSY:S11C_S11D:WB,M11W07
R1104,8,PLAT:LSY:J11B:WB,M11W08
R1104,8,PLAT:LSY:S11C:WB,M11W08
R1104,8,PLAT:LSY:S11D:WB,M11W08
R1104,8,SEC:LSY:J11B_S11C:WB,M11W08
R1104,8,SEC:LSY:S11C_S11D:WB,M11W08
R1105,9,PLAT:LSY:S11C:WB,M11W09
R1105,9,PLAT:LSY:S11D:WB,M11W09
R1105,9,SEC:LSY:S11C_S11D:WB,M11W09
R1106,10,PLAT:LSY:J11A:EB,M11W10
R1106,10,PLAT:LSY:J11B:EB,M11W10
R1106,10,SEC:LSY:J11A_J11B:EB,M11W10
R1106,11,PLAT:LSY:J11A:EB,M11W11
R1106,11,PLAT:LSY:J11B:EB,M11W11
R1106,11,SEC:LSY:J11A_J11B:EB,M11W11
R1107,12,PLAT:LSX:J11B:WB,M11W12
R1107,12,PLAT:LSX:N11C:WB,M11W12
R1107,12,PLAT:LSX:N11D:WB,M11W12
R1107,12,SEC:LSX:J11B_N11C:WB,M11W12
R1107,12,SEC:LSX:N11C_N11D:WB,M11W12
R1107,13,PLAT:LSX:J11B:WB,M11W13
R1107,13,PLAT:LSX:N11C:WB,M11W13
R1107,13,PLAT:LSX:N11D:WB,M11W13
R1107,13,SEC:LSX:J11B_N11C:WB,M11W13
R1107,13,SEC:LSX:N11C_N11D:WB,M11W13
R1108,14,PLAT:LSY:S11C:EB,M11W14
R1108,14,PLAT:LSY:S11D:EB,M11W14
R1108,14,SEC:LSY:S11C_S11D:EB,M11W14
R1109,4,PLAT:LSX:N11C:WB,M11W04
R1109,4,PLAT:LSX:N11D:WB,M11W04
R1109,4,SEC:LSX:N11C_N11D:WB,M11W04
R1109,5,PLAT:LSX:N11C:WB,M11W05
R1109,5,PLAT:LSX:N11D:WB,M11W05
R1109,5,SEC:LSX:N11C_N11D:WB,M11W05
R1201,1,PLAT:LSX:J12B:EB,M12W01
R1201,1,PLAT:LSX:N12C:EB,M12W01
R1201,1,SEC:LSX:J12B_N12C:EB,M12W01
R1201,2,PLAT:LSX:J12B:EB,M12W02
R1201,2,PLAT:LSX:N12C:EB,M12W02
R1201,2,SEC:LSX:J12B_N12C:EB,M12W02
R1201,3,PLAT:LSX:J12B:EB,M12W03
R1201,3,PLAT:LSX:N12C:EB,M12W03
R1201,3,SEC:LSX:J12B_N12C:EB,M12W03
R1202,4,PLAT:LSX:N12C:WB,M12W04
R1202,4,PLAT:LSX:N12D:WB,M12W04
R1202,4,SEC:LSX:N12C_N12D:WB,M12W04
R1202,5,PLAT:LSX:N12C:WB,M12W05
R1202,5,PLAT:LSX:N12D:WB,M12W05
R1202,5,SEC:LSX:N12C_N12D:WB,M12W05
R1203,6,PLAT:LSX:J12A:EB,M12W06
R1203,6,PLAT:LSX:J12B:EB,M12W06
R1203,6,SEC:LSX:J12A_J12B:EB,M12W06
R1204,7,PLAT:LSY:J12B:WB,M12W07
R1204,7,PLAT:LSY:S12C:WB,M12W07
R1204,7,PLAT:LSY:S12D:WB,M12W07
R1204,7,SEC:LSY:J12B_S12C:WB,M12W07
R1204,7,SEC:LSY:S12C_S12D:WB,M12W07
R1204,8,PLAT:LSY:J12B:WB,M12W08
R1204,8,PLAT:LSY:S12C:WB,M12W08
R1204,8,PLAT:LSY:S12D:WB,M12W08
R1204,8,SEC:LSY:J12B_S12C:WB,M12W08
R1204,8,SEC:LSY:S12C_S12D:WB,M12W08
R1205,9,PLAT:LSY:S12C:WB,M12W09
R1205,9,PLAT:LSY:S12D:WB,M12W09
R1205,9,SEC:LSY:S12C_S12D:WB,M12W09
R1206,10,PLAT:LSY:J12A:EB,M12W10
R1206,10,PLAT:LSY:J12B:EB,M12W10
R1206,10,SEC:LSY:J12A_J12B:EB,M12W10
R1206,11,PLAT:LSY:J12A:EB,M12W11
R1206,11,PLAT:LSY:J12B:EB,M12W11
R1206,11,SEC:LSY:J12A_J12B:EB,M12W11
R1207,12,PLAT:LSX:J12B:WB,M12W12
R1207,12,PLAT:LSX:N12C:WB,M12W12
R1207,12,PLAT:LSX:N12D:WB,M12W12
R1207,12,SEC:LSX:J12B_N12C:WB,M12W12
R1207,12,SEC:LSX:N12C_N12D:WB,M12W12
R1207,13,PLAT:LSX:J12B:WB,M12W13
R1207,13,PLAT:LSX:N12C:WB,M12W13
R1207,13,PLAT:LSX:N12D:WB,M12W13
R1207,13,SEC:LSX:J12B_N12C:WB,M12W13
R1207,13,SEC:LSX:N12C_N12D:WB,M12W13
R1208,14,PLAT:LSY:S12C:EB,M12W14
R1208,14,PLAT:LSY:S12D:EB,M12W14
R1208,14,SEC:LSY:S12C_S12D:EB,M12W14
R1209,4,PLAT:LSX:N12C:WB,M12W04
R1209,4,PLAT:LSX:N12D:WB,M12W04
R1209,4,SEC:LSX:N12C_N12D:WB,M12W04
R1209,5,PLAT:LSX:N12C:WB,M12W05
R1209,5,PLAT:LSX:N12D:WB,M12W05
R1209,5,SEC:LSX:N12C_N12D:WB,M12W05
R1301,1,PLAT:LSX:J13B:EB,M13W01
R1301,1,PLAT:LSX:N13C:EB,M13W01
R1301,1,SEC:LSX:J13B_N13C:EB,M13W01
R1301,2,PLAT:LSX:J13B:EB,M13W02
R1301,2,PLAT:LSX:N13C:EB,M13W02
R1301,2,SEC:LSX:J13B_N13C:EB,M13W02
R1301,3,PLAT:LSX:J13B:EB,M13W03
R1301,3,PLAT:LSX:N13C:EB,M13W03
R1301,3,SEC:LSX:J13B_N13C:EB,M13W03
R1302,4,PLAT:LSX:N13C:WB,M13W04
R1302,4,PLAT:LSX:N13D:WB,M13W04
R1302,4,SEC:LSX:N13C_N13D:WB,M13W04
R1302,5,PLAT:LSX:N13C:WB,M13W05
R1302,5,PLAT:LSX:N13D:WB,M13W05
R1302,5,SEC:LSX:N13C_N13D:WB,M13W05
R1303,6,PLAT:LSX:J13A:EB,M13W06
R1303,6,PLAT:LSX:J13B:EB,M13W06
R1303,6,SEC:LSX:J13A_J13B:EB,M13W06
R1304,7,PLAT:LSY:J13B:WB,M13W07
R1304,7,PLAT:LSY:S13C:WB,M13W07
R1304,7,PLAT:LSY:S13D:WB,M13W07
R1304,7,SEC:LSY:J13B_S13C:WB,M13W07
R1304,7,SEC:LSY:S13C_S13D:WB,M13W07
R1304,8,PLAT:LSY:J13B:WB,M13W08
R1304,8,PLAT:LSY:S13C:WB,M13W08
R1304,8,PLAT:LSY:S13D:WB,M13W08
R1304,8,SEC:LSY:J13B_S13C:WB,M13W08
R1304,8,SEC:LSY:S13C_S13D:WB,M13W08
R1305,9,PLAT:LSY:S13C:WB,M13W09
R1305,9,PLAT:LSY:S13D:WB,M13W09
R1305,9,SEC:LSY:S13C_S13D:WB,M13W09
R1306,10,PLAT:LSY:J13A:EB,M13W10
R1306,10,PLAT:LSY:J13B:EB,M13W10
R1306,10,SEC:LSY:J13A_J13B:EB,M13W10
R1306,11,PLAT:LSY:J13A:EB,M13W11
R1306,11,PLAT:LSY:J13B:EB,M13W11
R1306,11,SEC:LSY:J13A_J13B:EB,M13W11
R1307,12,PLAT:LSX:J13B:WB,M13W12
R1307,12,PLAT:LSX:N13C:WB,M13W12
R1307,12,PLAT:LSX:N13D:WB,M13W12
R1307,12,SEC:LSX:J13B_N13C:WB,M13W12
R1307,12,SEC:LSX:N13C_N13D:WB,M13W12
R1307,13,PLAT:LSX:J13B:WB,M13W13
R1307,13,PLAT:LSX:N13C:WB,M13W13
R1307,13,PLAT:LSX:N13D:WB,M13W13
R1307,13,SEC:LSX:J13B_N13C:WB,M13W13
R1307,13,SEC:LSX:N13C_N13D:WB,M13W13
R1308,14,PLAT:LSY:S13C:EB,M13W14
R1308,14,PLAT:LSY:S13D:EB,M13W14
R1308,14,SEC:LSY:S13C_S13D:EB,M13W14
R1309,4,PLAT:LSX:N13C:WB,M13W04
R1309,4,PLAT:LSX:N13D:WB,M13W04
R1309,4,SEC:LSX:N13C_N13D:WB,M13W04
R1309,5,PLAT:LSX:N13C:WB,M13W05
R1309,5,PLAT:LSX:N13D:WB,M13W05
R1309,5,SEC:LSX:N13C_N13D:WB,M13W05
R1401,1,PLAT:LSX:J14B:EB,M14W01
R1401,1,PLAT:LSX:N14C:EB,M14W01
R1401,1,SEC:LSX:J14B_N14C:EB,M14W01
R1401,2,PLAT:LSX:J14B:EB,M14W02
R1401,2,PLAT:LSX:N14C:EB,M14W02
R1401,2,SEC:LSX:J14B_N14C:EB,M14W02
R1401,3,PLAT:LSX:J14B:EB,M14W03
R1401,3,PLAT:LSX:N14C:EB,M14W03
R1401,3,SEC:LSX:J14B_N14C:EB,M14W03
R1402,4,PLAT:LSX:N14C:WB,M14W04
R1402,4,PLAT:LSX:N14D:WB,M14W04
R1402,4,SEC:LSX:N14C_N14D:WB,M14W04
R1402,5,PLAT:LSX:N14C:WB,M14W05
R1402,5,PLAT:LSX:N14D:WB,M14W05
R1402,5,SEC:LSX:N14C_N14D:WB,M14W05
R1403,6,PLAT:LSX:J14A:EB,M14W06
R1403,6,PLAT:LSX:J14B:EB,M14W06
R1403,6,SEC:LSX:J14A_J14B:EB,M14W06
R1404,7,PLAT:LSY:J14B:WB,M14W07
R1404,7,PLAT:LSY:S14C:WB,M14W07
R1404,7,PLAT:LSY:S14D:WB,M14W07
R1404,7,SEC:LSY:J14B_S14C:WB,M14W07
R1404,7,SEC:LSY:S14C_S14D:WB,M14W07
R1404,8,PLAT:LSY:J14B:WB,M14W08
R1404,8,PLAT:LSY:S14C:WB,M14W08
R1404,8,PLAT:LSY:S14D:WB,M14W08
R1404,8,SEC:LSY:J14B_S14C:WB,M14W08
R1404,8,SEC:LSY:S14C_S14D:WB,M14W08
R1405,9,PLAT:LSY:S14C:WB,M14W09
R1405,9,PLAT:LSY:S14D:WB,M14W09
R1405,9,SEC:LSY:S14C_S14D:WB,M14W09
R1406,10,PLAT:LSY:J14A:EB,M14W10
R1406,10,PLAT:LSY:J14B:EB,M14W10
R1406,10,SEC:LSY:J14A_J14B:EB,M14W10
R1406,11,PLAT:LSY:J14A:EB,M14W11
R1406,11,PLAT:LSY:J14B:EB,M14W11
R1406,11,SEC:LSY:J14A_J14B:EB,M14W11
R1407,12,PLAT:LSX:J14B:WB,M14W12
R1407,12,PLAT:LSX:N14C:WB,M14W12
R1407,12,PLAT:LSX:N14D:WB,M14W12
R1407,12,SEC:LSX:J14B_N14C:WB,M14W12
R1407,12,SEC:LSX:N14C_N14D:WB,M14W12
R1407,13,PLAT:LSX:J14B:WB,M14W13
R1407,13,PLAT:LSX:N14C:WB,M14W13
R1407,13,PLAT:LSX:N14D:WB,M14W13
R1407,13,SEC:LSX:J14B_N14C:WB,M14W13
R1407,13,SEC:LSX:N14C_N14D:WB,M14W13
R1408,14,PLAT:LSY:S14C:EB,M14W14
R1408,14,PLAT:LSY:S14D:EB,M14W14
R1408,14,SEC:LSY:S14C_S14D:EB,M14W14
R1409,4,PLAT:LSX:N14C:WB,M14W04
R1409,4,PLAT:LSX:N14D:WB,M14W04
R1409,4,SEC:LSX:N14C_N14D:WB,M14W04
R1409,5,PLAT:LSX:N14C:WB,M14W05
R1409,5,PLAT:LSX:N14D:WB,M14W05
R1409,5,SEC:LSX:N14C_N14D:WB,M14W05
R1501,1,PLAT:LSX:J15B:EB,M15W01
R1501,1,PLAT:LSX:N15C:EB,M15W01
R1501,1,SEC:LSX:J15B_N15C:EB,M15W01
R1501,2,PLAT:LSX:J15B:EB,M15W02
R1501,2,PLAT:LSX:N15C:EB,M15W02
R1501,2,SEC:LSX:J15B_N15C:EB,M15W02
R1501,3,PLAT:LSX:J15B:EB,M15W03
R1501,3,PLAT:LSX:N15C:EB,M15W03
R1501,3,SEC:LSX:J15B_N15C:EB,M15W03
R1502,4,PLAT:LSX:N15C:WB,M15W04
R1502,4,PLAT:LSX:N15D:WB,M15W04
R1502,4,SEC:LSX:N15C_N15D:WB,M15W04
R1502,5,PLAT:LSX:N15C:WB,M15W05
R1502,5,PLAT:LSX:N15D:WB,M15W05
R1502,5,SEC:LSX:N15C_N15D:WB,M15W05
R1503,6,PLAT:LSX:J15A:EB,M15W06
R1503,6,PLAT:LSX:J15B:EB,M15W06
R1503,6,SEC:LSX:J15A_J15B:EB,M15W06
R1504,7,PLAT:LSY:J15B:WB,M15W07
R1504,7,PLAT:LSY:S15C:WB,M15W07
R1504,7,PLAT:LSY:S15D:WB,M15W07
R1504,7,SEC:LSY:J15B_S15C:WB,M15W07
R1504,7,SEC:LSY:S15C_S15D:WB,M15W07
R1504,8,PLAT:LSY:J15B:WB,M15W08
R1504,8,PLAT:LSY:S15C:WB,M15W08
R1504,8,PLAT:LSY:S15D:WB,M15W08
R1504,8,SEC:LSY:J15B_S15C:WB,M15W08
R1504,8,SEC:LSY:S15C_S15D:WB,M15W08
R1505,9,PLAT:LSY:S15C:WB,M15W09
R1505,9,PLAT:LSY:S15D:WB,M15W09
R1505,9,SEC:LSY:S15C_S15D:WB,M15W09
R1506,10,PLAT:LSY:J15A:EB,M15W10
R1506,10,PLAT:LSY:J15B:EB,M15W10
R1506,10,SEC:LSY:J15A_J15B:EB,M15W10
R1506,11,PLAT:LSY:J15A:EB,M15W11
R1506,11,PLAT:LSY:J15B:EB,M15W11
R1506,11,SEC:LSY:J15A_J15B:EB,M15W11
R1507,12,PLAT:LSX:J15B:WB,M15W12
R1507,12,PLAT:LSX:N15C:WB,M15W12
R1507,12,PLAT:LSX:N15D:WB,M15W12
R1507,12,SEC:LSX:J15B_N15C:WB,M15W12
R1507,12,SEC:LSX:N15C_N15D:WB,M15W12
R1507,13,PLAT:LSX:J15B:WB,M15W13
R1507,13,PLAT:LSX:N15C:WB,M15W13
R1507,13,PLAT:LSX:N15D:WB,M15W13
R1507,13,SEC:LSX:J15B_N15C:WB,M15W13
R1507,13,SEC:LSX:N15C_N15D:WB,M15W13
R1508,14,PLAT:LSY:S15C:EB,M15W14
R1508,14,PLAT:LSY:S15D:EB,M15W14
R1508,14,SEC:LSY:S15C_S15D:EB,M15W14
R1509,4,PLAT:LSX:N15C:WB,M15W04
R1509,4,PLAT:LSX:N15D:WB,M15W04
R1509,4,SEC:LSX:N15C_N15D:WB,M15W04
R1509,5,PLAT:LSX:N15C:WB,M15W05
R1509,5,PLAT:LSX:N15D:WB,M15W05
R1509,5,SEC:LSX:N15C_N15D:WB,M15W05
R1601,1,PLAT:LSX:J16B:EB,M16W01
R1601,1,PLAT:LSX:N16C:EB,M16W01
R1601,1,SEC:LSX:J16B_N16C:EB,M16W01
R1601,2,PLAT:LSX:J16B:EB,M16W02
R1601,2,PLAT:LSX:N16C:EB,M16W02
R1601,2,SEC:LSX:J16B_N16C:EB,M16W02
R1601,3,PLAT:LSX:J16B:EB,M16W03
R1601,3,PLAT:LSX:N16C:EB,M16W03
R1601,3,SEC:LSX:J16B_N16C:EB,M16W03
R1602,4,PLAT:LSX:N16C:WB,M16W04
R1602,4,PLAT:LSX:N16D:WB,M16W04
R1602,4,SEC:LSX:N16C_N16D:WB,M16W04
R1602,5,PLAT:LSX:N16C:WB,M16W05
R1602,5,PLAT:LSX:N16D:WB,M16W05
R1602,5,SEC:LSX:N16C_N16D:WB,M16W05
R1603,6,PLAT:LSX:J16A:EB,M16W06
R1603,6,PLAT:LSX:J16B:EB,M16W06
R1603,6,SEC:LSX:J16A_J16B:EB,M16W06
R1604,7,PLAT:LSY:J16B:WB,M16W07
R1604,7,PLAT:LSY:S16C:WB,M16W07
R1604,7,PLAT:LSY:S16D:WB,M16W07
R1604,7,SEC:LSY:J16B_S16C:WB,M16W07
R1604,7,SEC:LSY:S16C_S16D:WB,M16W07
R1604,8,PLAT:LSY:J16B:WB,M16W08
R1604,8,PLAT:LSY:S16C:WB,M16W08
R1604,8,PLAT:LSY:S16D:WB,M16W08
R1604,8,SEC:LSY:J16B_S16C:WB,M16W08
R1604,8,SEC:LSY:S16C_S16D:WB,M16W08
R1605,9,PLAT:LSY:S16C:WB,M16W09
R1605,9,PLAT:LSY:S16D:WB,M16W09
R1605,9,SEC:LSY:S16C_S16D:WB,M16W09
R1606,10,PLAT:LSY:J16A:EB,M16W10
R1606,10,PLAT:LSY:J16B:EB,M16W10
R1606,10,SEC:LSY:J16A_J16B:EB,M16W10
R1606,11,PLAT:LSY:J16A:EB,M16W11
R1606,11,PLAT:LSY:J16B:EB,M16W11
R1606,11,SEC:LSY:J16A_J16B:EB,M16W11
R1607,12,PLAT:LSX:J16B:WB,M16W12
R1607,12,PLAT:LSX:N16C:WB,M16W12
R1607,12,PLAT:LSX:N16D:WB,M16W12
R1607,12,SEC:LSX:J16B_N16C:WB,M16W12
R1607,12,SEC:LSX:N16C_N16D:WB,M16W12
R1607,13,PLAT:LSX:J16B:WB,M16W13
R1607,13,PLAT:LSX:N16C:WB,M16W13
R1607,13,PLAT:LSX:N16D:WB,M16W13
R1607,13,SEC:LSX:J16B_N16C:WB,M16W13
R1607,13,SEC:LSX:N16C_N16D:WB,M16W13
R1608,14,PLAT:LSY:S16C:EB,M16W14
R1608,14,PLAT:LSY:S16D:EB,M16W14
R1608,14,SEC:LSY:S16C_S16D:EB,M16W14
R1609,4,PLAT:LSX:N16C:WB,M16W04
R1609,4,PLAT:LSX:N16D:WB,M16W04
R1609,4,SEC:LSX:N16C_N16D:WB,M16W04
R1609,5,PLAT:LSX:N16C:WB,M16W05
R1609,5,PLAT:LSX:N16D:WB,M16W05
R1609,5,SEC:LSX:N16C_N16D:WB,M16W05
R1701,1,PLAT:LSX:J17B:EB,M17W01
R1701,1,PLAT:LSX:N17C:EB,M17W01
R1701,1,SEC:LSX:J17B_N17C:EB,M17W01
R1701,2,PLAT:LSX:J17B:EB,M17W02
R1701,2,PLAT:LSX:N17C:EB,M17W02
R1701,2,SEC:LSX:J17B_N17C:EB,M17W02
R1701,3,PLAT:LSX:J17B:EB,M17W03
R1701,3,PLAT:LSX:N17C:EB,M17W03
R1701,3,SEC:LSX:J17B_N17C:EB,M17W03
R1702,4,PLAT:LSX:N17C:WB,M17W04
R1702,4,PLAT:LSX:N17D:WB,M17W04
R1702,4,SEC:LSX:N17C_N17D:WB,M17W04
R1702,5,PLAT:LSX:N17C:WB,M17W05
R1702,5,PLAT:LSX:N17D:WB,M17W05
R1702,5,SEC:LSX:N17C_N17D:WB,M17W05
R1703,6,PLAT:LSX:J17A:EB,M17W06
R1703,6,PLAT:LSX:J17B:EB,M17W06
R1703,6,SEC:LSX:J17A_J17B:EB,M17W06
R1704,7,PLAT:LSY:J17B:WB,M17W07
R1704,7,PLAT:LSY:S17C:WB,M17W07
R1704,7,PLAT:LSY:S17D:WB,M17W07
R1704,7,SEC:LSY:J17B_S17C:WB,M17W07
R1704,7,SEC:LSY:S17C_S17D:WB,M17W07
R1704,8,PLAT:LSY:J17B:WB,M17W08
R1704,8,PLAT:LSY:S17C:WB,M17W08
R1704,8,PLAT:LSY:S17D:WB,M17W08
R1704,8,SEC:LSY:J17B_S17C:WB,M17W08
R1704,8,SEC:LSY:S17C_S17D:WB,M17W08
R1705,9,PLAT:LSY:S17C:WB,M17W09
R1705,9,PLAT:LSY:S17D:WB,M17W09
R1705,9,SEC:LSY:S17C_S17D:WB,M17W09
R1706,10,PLAT:LSY:J17A:EB,M17W10
R1706,10,PLAT:LSY:J17B:EB,M17W10
R1706,10,SEC:LSY:J17A_J17B:EB,M17W10
R1706,11,PLAT:LSY:J17A:EB,M17W11
R1706,11,PLAT:LSY:J17B:EB,M17W11
R1706,11,SEC:LSY:J17A_J17B:EB,M17W11
R1707,12,PLAT:LSX:J17B:WB,M17W12
R1707,12,PLAT:LSX:N17C:WB,M17W12
R1707,12,PLAT:LSX:N17D:WB,M17W12
R1707,12,SEC:LSX:J17B_N17C:WB,M17W12
R1707,12,SEC:LSX:N17C_N17D:WB,M17W12
R1707,13,PLAT:LSX:J17B:WB,M17W13
R1707,13,PLAT:LSX:N17C:WB,M17W13
R1707,13,PLAT:LSX:N17D:WB,M17W13
R1707,13,SEC:LSX:J17B_N17C:WB,M17W13
R1707,13,SEC:LSX:N17C_N17D:WB,M17W13
R1708,14,PLAT:LSY:S17C:EB,M17W14
R1708,14,PLAT:LSY:S17D:EB,M17W14
R1708,14,SEC:LSY:S17C_S17D:EB,M17W14
R1709,4,PLAT:LSX:N17C:WB,M17W04
R1709,4,PLAT:LSX:N17D:WB,M17W04
R1709,4,SEC:LSX:N17C_N17D:WB,M17W04
R1709,5,PLAT:LSX:N17C:WB,M17W05
R1709,5,PLAT:LSX:N17D:WB,M17W05
R1709,5,SEC:LSX:N17C_N17D:WB,M17W05
R1801,1,PLAT:LSX:J18B:EB,M18W01
R1801,1,PLAT:LSX:N18C:EB,M18W01
R1801,1,SEC:LSX:J18B_N18C:EB,M18W01
R1801,2,PLAT:LSX:J18B:EB,M18W02
R1801,2,PLAT:LSX:N18C:EB,M18W02
R1801,2,SEC:LSX:J18B_N18C:EB,M18W02
R1801,3,PLAT:LSX:J18B:EB,M18W03
R1801,3,PLAT:LSX:N18C:EB,M18W03
R1801,3,SEC:LSX:J18B_N18C:EB,M18W03
R1802,4,PLAT:LSX:N18C:WB,M18W04
R1802,4,PLAT:LSX:N18D:WB,M18W04
R1802,4,SEC:LSX:N18C_N18D:WB,M18W04
R1802,5,PLAT:LSX:N18C:WB,M18W05
R1802,5,PLAT:LSX:N18D:WB,M18W05
R1802,5,SEC:LSX:N18C_N18D:WB,M18W05
R1803,6,PLAT:LSX:J18A:EB,M18W06
R1803,6,PLAT:LSX:J18B:EB,M18W06
R1803,6,SEC:LSX:J18A_J18B:EB,M18W06
R1804,7,PLAT:LSY:J18B:WB,M18W07
R1804,7,PLAT:LSY:S18C:WB,M18W07
R1804,7,PLAT:LSY:S18D:WB,M18W07
R1804,7,SEC:LSY:J18B_S18C:WB,M18W07
R1804,7,SEC:LSY:S18C_S18D:WB,M18W07
R1804,8,PLAT:LSY:J18B:WB,M18W08
R1804,8,PLAT:LSY:S18C:WB,M18W08
R1804,8,PLAT:LSY:S18D:WB,M18W08
R1804,8,SEC:LSY:J18B_S18C:WB,M18W08
R1804,8,SEC:LSY:S18C_S18D:WB,M18W08
R1805,9,PLAT:LSY:S18C:WB,M18W09
R1805,9,PLAT:LSY:S18D:WB,M18W09
R1805,9,SEC:LSY:S18C_S18D:WB,M18W09
R1806,10,PLAT:LSY:J18A:EB,M18W10
R1806,10,PLAT:LSY:J18B:EB,M18W10
R1806,10,SEC:LSY:J18A_J18B:EB,M18W10
R1806,11,PLAT:LSY:J18A:EB,M18W11
R1806,11,PLAT:LSY:J18B:EB,M18W11
R1806,11,SEC:LSY:J18A_J18B:EB,M18W11
R1807,12,PLAT:LSX:J18B:WB,M18W12
R1807,12,PLAT:LSX:N18C:WB,M18W12
R1807,12,PLAT:LSX:N18D:WB,M18W12
R1807,12,SEC:LSX:J18B_N18C:WB,M18W12
R1807,12,SEC:LSX:N18C_N18D:WB,M18W12
R1807,13,PLAT:LSX:J18B:WB,M18W13
R1807,13,PLAT:LSX:N18C:WB,M18W13
R1807,13,PLAT:LSX:N18D:WB,M18W13
R1807,13,SEC:LSX:J18B_N18C:WB,M18W13
R1807,13,SEC:LSX:N18C_N18D:WB,M18W13
R1808,14,PLAT:LSY:S18C:EB,M18W14
R1808,14,PLAT:LSY:S18D:EB,M18W14
R1808,14,SEC:LSY:S18C_S18D:EB,M18W14
R1809,4,PLAT:LSX:N18C:WB,M18W04
R1809,4,PLAT:LSX:N18D:WB,M18W04
R1809,4,SEC:LSX:N18C_N18D:WB,M18W04
R1809,5,PLAT:LSX:N18C:WB,M18W05
R1809,5,PLAT:LSX:N18D:WB,M18W05
R1809,5,SEC:LSX:N18C_N18D:WB,M18W05
R1901,1,PLAT:LSX:J19B:EB,M19W01
R1901,1,PLAT:LSX:N19C:EB,M19W01
R1901,1,SEC:LSX:J19B_N19C:EB,M19W01
R1901,2,PLAT:LSX:J19B:EB,M19W02
R1901,2,PLAT:LSX:N19C:EB,M19W02
R1901,2,SEC:LSX:J19B_N19C:EB,M19W02
R1901,3,PLAT:LSX:J19B:EB,M19W03
R1901,3,PLAT:LSX:N19C:EB,M19W03
R1901,3,SEC:LSX:J19B_N19C:EB,M19W03
R1902,4,PLAT:LSX:N19C:WB,M19W04
R1902,4,PLAT:LSX:N19D:WB,M19W04
R1902,4,SEC:LSX:N19C_N19D:WB,M19W04
R1902,5,PLAT:LSX:N19C:WB,M19W05
R1902,5,PLAT:LSX:N19D:WB,M19W05
R1902,5,SEC:LSX:N19C_N19D:WB,M19W05
R1903,6,PLAT:LSX:J19A:EB,M19W06
R1903,6,PLAT:LSX:J19B:EB,M19W06
R1903,6,SEC:LSX:J19A_J19B:EB,M19W06
R1904,7,PLAT:LSY:J19B:WB,M19W07
R1904,7,PLAT:LSY:S19C:WB,M19W07
R1904,7,PLAT:LSY:S19D:WB,M19W07
R1904,7,SEC:LSY:J19B_S19C:WB,M19W07
R1904,7,SEC:LSY:S19C_S19D:WB,M19W07
R1904,8,PLAT:LSY:J19B:WB,M19W08
R1904,8,PLAT:LSY:S19C:WB,M19W08
R1904,8,PLAT:LSY:S19D:WB,M19W08
R1904,8,SEC:LSY:J19B_S19C:WB,M19W08
R1904,8,SEC:LSY:S19C_S19D:WB,M19W08
R1905,9,PLAT:LSY:S19C:WB,M19W09
R1905,9,PLAT:LSY:S19D:WB,M19W09
R1905,9,SEC:LSY:S19C_S19D:WB,M19W09
R1906,10,PLAT:LSY:J19A:EB,M19W10
R1906,10,PLAT:LSY:J19B:EB,M19W10
R1906,10,SEC:LSY:J19A_J19B:EB,M19W10
R1906,11,PLAT:LSY:J19A:EB,M19W11
R1906,11,PLAT:LSY:J19B:EB,M19W11
R1906,11,SEC:LSY:J19A_J19B:EB,M19W11
R1907,12,PLAT:LSX:J19B:WB,M19W12
R1907,12,PLAT:LSX:N19C:WB,M19W12
R1907,12,PLAT:LSX:N19D:WB,M19W12
R1907,12,SEC:LSX:J19B_N19C:WB,M19W12
R1907,12,SEC:LSX:N19C_N19D:WB,M19W12
R1907,13,PLAT:LSX:J19B:WB,M19W13
R1907,13,PLAT:LSX:N19C:WB,M19W13
R1907,13,PLAT:LSX:N19D:WB,M19W13
R1907,13,SEC:LSX:J19B_N19C:WB,M19W13
R1907,13,SEC:LSX:N19C_N19D:WB,M19W13
R1908,14,PLAT:LSY:S19C:EB,M19W14
R1908,14,PLAT:LSY:S19D:EB,M19W14
R1908,14,SEC:LSY:S19C_S19D:EB,M19W14
R1909,4,PLAT:LSX:N19C:WB,M19W04
R1909,4,PLAT:LSX:N19D:WB,M19W04
R1909,4,SEC:LSX:N19C_N19D:WB,M19W04
R1909,5,PLAT:LSX:N19C:WB,M19W05
R1909,5,PLAT:LSX:N19D:WB,M19W05
R1909,5,SEC:LSX:N19C_N19D:WB,M19W05
R2001,1,PLAT:LSX:J20B:EB,M20W01
R2001,1,PLAT:LSX:N20C:EB,M20W01
R2001,1,SEC:LSX:J20B_N20C:EB,M20W01
R2001,2,PLAT:LSX:J20B:EB,M20W02
R2001,2,PLAT:LSX:N20C:EB,M20W02
R2001,2,SEC:LSX:J20B_N20C:EB,M20W02
R2001,3,PLAT:LSX:J20B:EB,M20W03
R2001,3,PLAT:LSX:N20C:EB,M20W03
R2001,3,SEC:LSX:J20B_N20C:EB,M20W03
R2002,4,PLAT:LSX:N20C:WB,M20W04
R2002,4,PLAT:LSX:N20D:WB,M20W04
R2002,4,SEC:LSX:N20C_N20D:WB,M20W04
R2002,5,PLAT:LSX:N20C:WB,M20W05
R2002,5,PLAT:LSX:N20D:WB,M20W05
R2002,5,SEC:LSX:N20C_N20D:WB,M20W05
R2003,6,PLAT:LSX:J20A:EB,M20W06
R2003,6,PLAT:LSX:J20B:EB,M20W06
R2003,6,SEC:LSX:J20A_J20B:EB,M20W06
R2004,7,PLAT:LSY:J20B:WB,M20W07
R2004,7,PLAT:LSY:S20C:WB,M20W07
R2004,7,PLAT:LSY:S20D:WB,M20W07
R2004,7,SEC:LSY:J20B_S20C:WB,M20W07
R2004,7,SEC:LSY:S20C_S20D:WB,M20W07
R2004,8,PLAT:LSY:J20B:WB,M20W08
R2004,8,PLAT:LSY:S20C:WB,M20W08
R2004,8,PLAT:LSY:S20D:WB,M20W08
R2004,8,SEC:LSY:J20B_S20C:WB,M20W08
R2004,8,SEC:LSY:S20C_S20D:WB,M20W08
R2005,9,PLAT:LSY:S20C:WB,M20W09
R2005,9,PLAT:LSY:S20D:WB,M20W09
R2005,9,SEC:LSY:S20C_S20D:WB,M20W09
R2006,10,PLAT:LSY:J20A:EB,M20W10
R2006,10,PLAT:LSY:J20B:EB,M20W10
R2006,10,SEC:LSY:J20A_J20B:EB,M20W10
R2006,11,PLAT:LSY:J20A:EB,M20W11
R2006,11,PLAT:LSY:J20B:EB,M20W11
R2006,11,SEC:LSY:J20A_J20B:EB,M20W11
R2007,12,PLAT:LSX:J20B:WB,M20W12
R2007,12,PLAT:LSX:N20C:WB,M20W12
R2007,12,PLAT:LSX:N20D:WB,M20W12
R2007,12,SEC:LSX:J20B_N20C:WB,M20W12
R2007,12,SEC:LSX:N20C_N20D:WB,M20W12
R2007,13,PLAT:LSX:J20B:WB,M20W13
R2007,13,PLAT:LSX:N20C:WB,M20W13
R2007,13,PLAT:LSX:N20D:WB,M20W13
R2007,13,SEC:LSX:J20B_N20C:WB,M20W13
R2007,13,SEC:LSX:N20C_N20D:WB,M20W13
R2008,14,PLAT:LSY:S20C:EB,M20W14
R2008,14,PLAT:LSY:S20D:EB,M20W14
R2008,14,SEC:LSY:S20C_S20D:EB,M20W14
R2009,4,PLAT:LSX:N20C:WB,M20W04
R2009,4,PLAT:LSX:N20D:WB,M20W04
R2009,4,SEC:LSX:N20C_N20D:WB,M20W04
R2009,5,PLAT:LSX:N20C:WB,M20W05
R2009,5,PLAT:LSX:N20D:WB,M20W05
R2009,5,SEC:LSX:N20C_N20D:WB,M20W05
R2101,1,PLAT:LSX:J21B:EB,M21W01
R2101,1,PLAT:LSX:N21C:EB,M21W01
R2101,1,SEC:LSX:J21B_N21C:EB,M21W01
R2101,2,PLAT:LSX:J21B:EB,M21W02
R2101,2,PLAT:LSX:N21C:EB,M21W02
R2101,2,SEC:LSX:J21B_N21C:EB,M21W02
R2101,3,PLAT:LSX:J21B:EB,M21W03
R2101,3,PLAT:LSX:N21C:EB,M21W03
R2101,3,SEC:LSX:J21B_N21C:EB,M21W03
R2102,4,PLAT:LSX:N21C:WB,M21W04
R2102,4,PLAT:LSX:N21D:WB,M21W04
R2102,4,SEC:LSX:N21C_N21D:WB,M21W04
R2102,5,PLAT:LSX:N21C:WB,M21W05
R2102,5,PLAT:LSX:N21D:WB,M21W05
R2102,5,SEC:LSX:N21C_N21D:WB,M21W05
R2103,6,PLAT:LSX:J21A:EB,M21W06
R2103,6,PLAT:LSX:J21B:EB,M21W06
R2103,6,SEC:LSX:J21A_J21B:EB,M21W06
R2104,7,PLAT:LSY:J21B:WB,M21W07
R2104,7,PLAT:LSY:S21C:WB,M21W07
R2104,7,PLAT:LSY:S21D:WB,M21W07
R2104,7,SEC:LSY:J21B_S21C:WB,M21W07
R2104,7,SEC:LSY:S21C_S21D:WB,M21W07
R2104,8,PLAT:LSY:J21B:WB,M21W08
R2104,8,PLAT:LSY:S21C:WB,M21W08
R2104,8,PLAT:LSY:S21D:WB,M21W08
R2104,8,SEC:LSY:J21B_S21C:WB,M21W08
R2104,8,SEC:LSY:S21C_S21D:WB,M21W08
R2105,9,PLAT:LSY:S21C:WB,M21W09
R2105,9,PLAT:LSY:S21D:WB,M21W09
R2105,9,SEC:LSY:S21C_S21D:WB,M21W09
R2106,10,PLAT:LSY:J21A:EB,M21W10
R2106,10,PLAT:LSY:J21B:EB,M21W10
R2106,10,SEC:LSY:J21A_J21B:EB,M21W10
R2106,11,PLAT:LSY:J21A:EB,M21W11
R2106,11,PLAT:LSY:J21B:EB,M21W11
R2106,11,SEC:LSY:J21A_J21B:EB,M21W11
R2107,12,PLAT:LSX:J21B:WB,M21W12
R2107,12,PLAT:LSX:N21C:WB,M21W12
R2107,12,PLAT:LSX:N21D:WB,M21W12
R2107,12,SEC:LSX:J21B_N21C:WB,M21W12
R2107,12,SEC:LSX:N21C_N21D:WB,M21W12
R2107,13,PLAT:LSX:J21B:WB,M21W13
R2107,13,PLAT:LSX:N21C:WB,M21W13
R2107,13,PLAT:LSX:N21D:WB,M21W13
R2107,13,SEC:LSX:J21B_N21C:WB,M21W13
R2107,13,SEC:LSX:N21C_N21D:WB,M21W13
R2108,14,PLAT:LSY:S21C:EB,M21W14
R2108,14,PLAT:LSY:S21D:EB,M21W14
R2108,14,SEC:LSY:S21C_S21D:EB,M21W14
R2109,4,PLAT:LSX:N21C:WB,M21W04
R2109,4,PLAT:LSX:N21D:WB,M21W04
R2109,4,SEC:LSX:N21C_N21D:WB,M21W04
R2109,5,PLAT:LSX:N21C:WB,M21W05
R2109,5,PLAT:LSX:N21D:WB,M21W05
R2109,5,SEC:LSX:N21C_N21D:WB,M21W05
R2201,1,PLAT:LSX:J22B:EB,M22W01
R2201,1,PLAT:LSX:N22C:EB,M22W01
R2201,1,SEC:LSX:J22B_N22C:EB,M22W01
R2201,2,PLAT:LSX:J22B:EB,M22W02
R2201,2,PLAT:LSX:N22C:EB,M22W02
R2201,2,SEC:LSX:J22B_N22C:EB,M22W02
R2201,3,PLAT:LSX:J22B:EB,M22W03
R2201,3,PLAT:LSX:N22C:EB,M22W03
R2201,3,SEC:LSX:J22B_N22C:EB,M22W03
R2202,4,PLAT:LSX:N22C:WB,M22W04
R2202,4,PLAT:LSX:N22D:WB,M22W04
R2202,4,SEC:LSX:N22C_N22D:WB,M22W04
R2202,5,PLAT:LSX:N22C:WB,M22W05
R2202,5,PLAT:LSX:N22D:WB,M22W05
R2202,5,SEC:LSX:N22C_N22D:WB,M22W05
R2203,6,PLAT:LSX:J22A:EB,M22W06
R2203,6,PLAT:LSX:J22B:EB,M22W06
R2203,6,SEC:LSX:J22A_J22B:EB,M22W06
R2204,7,PLAT:LSY:J22B:WB,M22W07
R2204,7,PLAT:LSY:S22C:WB,M22W07
R2204,7,PLAT:LSY:S22D:WB,M22W07
R2204,7,SEC:LSY:J22B_S22C:WB,M22W07
R2204,7,SEC:LSY:S22C_S22D:WB,M22W07
R2204,8,PLAT:LSY:J22B:WB,M22W08
R2204,8,PLAT:LSY:S22C:WB,M22W08
R2204,8,PLAT:LSY:S22D:WB,M22W08
R2204,8,SEC:LSY:J22B_S22C:WB,M22W08
R2204,8,SEC:LSY:S22C_S22D:WB,M22W08
R2205,9,PLAT:LSY:S22C:WB,M22W09
R2205,9,PLAT:LSY:S22D:WB,M22W09
R2205,9,SEC:LSY:S22C_S22D:WB,M22W09
R2206,10,PLAT:LSY:J22A:EB,M22W10
R2206,10,PLAT:LSY:J22B:EB,M22W10
R2206,10,SEC:LSY:J22A_J22B:EB,M22W10
R2206,11,PLAT:LSY:J22A:EB,M22W11
R2206,11,PLAT:LSY:J22B:EB,M22W11
R2206,11,SEC:LSY:J22A_J22B:EB,M22W11
R2207,12,PLAT:LSX:J22B:WB,M22W12
R2207,12,PLAT:LSX:N22C:WB,M22W12
R2207,12,PLAT:LSX:N22D:WB,M22W12
R2207,12,SEC:LSX:J22B_N22C:WB,M22W12
R2207,12,SEC:LSX:N22C_N22D:WB,M22W12
R2207,13,PLAT:LSX:J22B:WB,M22W13
R2207,13,PLAT:LSX:N22C:WB,M22W13
R2207,13,PLAT:LSX:N22D:WB,M22W13
R2207,13,SEC:LSX:J22B_N22C:WB,M22W13
R2207,13,SEC:LSX:N22C_N22D:WB,M22W13
R2208,14,PLAT:LSY:S22C:EB,M22W14
R2208,14,PLAT:LSY:S22D:EB,M22W14
R2208,14,SEC:LSY:S22C_S22D:EB,M22W14
R2209,4,PLAT:LSX:N22C:WB,M22W04
R2209,4,PLAT:LSX:N22D:WB,M22W04
R2209,4,SEC:LSX:N22C_N22D:WB,M22W04
R2209,5,PLAT:LSX:N22C:WB,M22W05
R2209,5,PLAT:LSX:N22D:WB,M22W05
R2209,5,SEC:LSX:N22C_N22D:WB,M22W05
R2301,1,PLAT:LSX:J23B:EB,M23W01
R2301,1,PLAT:LSX:N23C:EB,M23W01
R2301,1,SEC:LSX:J23B_N23C:EB,M23W01
R2301,2,PLAT:LSX:J23B:EB,M23W02
R2301,2,PLAT:LSX:N23C:EB,M23W02
R2301,2,SEC:LSX:J23B_N23C:EB,M23W02
R2301,3,PLAT:LSX:J23B:EB,M23W03
R2301,3,PLAT:LSX:N23C:EB,M23W03
R2301,3,SEC:LSX:J23B_N23C:EB,M23W03
R2302,4,PLAT:LSX:N23C:WB,M23W04
R2302,4,PLAT:LSX:N23D:WB,M23W04
R2302,4,SEC:LSX:N23C_N23D:WB,M23W04
R2302,5,PLAT:LSX:N23C:WB,M23W05
R2302,5,PLAT:LSX:N23D:WB,M23W05
R2302,5,SEC:LSX:N23C_N23D:WB,M23W05
R2303,6,PLAT:LSX:J23A:EB,M23W06
R2303,6,PLAT:LSX:J23B:EB,M23W06
R2303,6,SEC:LSX:J23A_J23B:EB,M23W06
R2304,7,PLAT:LSY:J23B:WB,M23W07
R2304,7,PLAT:LSY:S23C:WB,M23W07
R2304,7,PLAT:LSY:S23D:WB,M23W07
R2304,7,SEC:LSY:J23B_S23C:WB,M23W07
R2304,7,SEC:LSY:S23C_S23D:WB,M23W07
R2304,8,PLAT:LSY:J23B:WB,M23W08
R2304,8,PLAT:LSY:S23C:WB,M23W08
R2304,8,PLAT:LSY:S23D:WB,M23W08
R2304,8,SEC:LSY:J23B_S23C:WB,M23W08
R2304,8,SEC:LSY:S23C_S23D:WB,M23W08
R2305,9,PLAT:LSY:S23C:WB,M23W09
R2305,9,PLAT:LSY:S23D:WB,M23W09
R2305,9,SEC:LSY:S23C_S23D:WB,M23W09
R2306,10,PLAT:LSY:J23A:EB,M23W10
R2306,10,PLAT:LSY:J23B:EB,M23W10
R2306,10,SEC:LSY:J23A_J23B:EB,M23W10
R2306,11,PLAT:LSY:J23A:EB,M23W11
R2306,11,PLAT:LSY:J23B:EB,M23W11
R2306,11,SEC:LSY:J23A_J23B:EB,M23W11
R2307,12,PLAT:LSX:J23B:WB,M23W12
R2307,12,PLAT:LSX:N23C:WB,M23W12
R2307,12,PLAT:LSX:N23D:WB,M23W12
R2307,12,SEC:LSX:J23B_N23C:WB,M23W12
R2307,12,SEC:LSX:N23C_N23D:WB,M23W12
R2307,13,PLAT:LSX:J23B:WB,M23W13
R2307,13,PLAT:LSX:N23C:WB,M23W13
R2307,13,PLAT:LSX:N23D:WB,M23W13
R2307,13,SEC:LSX:J23B_N23C:WB,M23W13
R2307,13,SEC:LSX:N23C_N23D:WB,M23W13
R2308,14,PLAT:LSY:S23C:EB,M23W14
R2308,14,PLAT:LSY:S23D:EB,M23W14
R2308,14,SEC:LSY:S23C_S23D:EB,M23W14
R2309,4,PLAT:LSX:N23C:WB,M23W04
R2309,4,PLAT:LSX:N23D:WB,M23W04
R2309,4,SEC:LSX:N23C_N23D:WB,M23W04
R2309,5,PLAT:LSX:N23C:WB,M23W05
R2309,5,PLAT:LSX:N23D:WB,M23W05
R2309,5,SEC:LSX:N23C_N23D:WB,M23W05
R2401,1,PLAT:LSX:J24B:EB,M24W01
R2401,1,PLAT:LSX:N24C:EB,M24W01
R2401,1,SEC:LSX:J24B_N24C:EB,M24W01
R2401,2,PLAT:LSX:J24B:EB,M24W02
R2401,2,PLAT:LSX:N24C:EB,M24W02
R2401,2,SEC:LSX:J24B_N24C:EB,M24W02
R2401,3,PLAT:LSX:J24B:EB,M24W03
R2401,3,PLAT:LSX:N24C:EB,M24W03
R2401,3,SEC:LSX:J24B_N24C:EB,M24W03
R2402,4,PLAT:LSX:N24C:WB,M24W04
R2402,4,PLAT:LSX:N24D:WB,M24W04
R2402,4,SEC:LSX:N24C_N24D:WB,M24W04
R2402,5,PLAT:LSX:N24C:WB,M24W05
R2402,5,PLAT:LSX:N24D:WB,M24W05
R2402,5,SEC:LSX:N24C_N24D:WB,M24W05
R2403,6,PLAT:LSX:J24A:EB,M24W06
R2403,6,PLAT:LSX:J24B:EB,M24W06
R2403,6,SEC:LSX:J24A_J24B:EB,M24W06
R2404,7,PLAT:LSY:J24B:WB,M24W07
R2404,7,PLAT:LSY:S24C:WB,M24W07
R2404,7,PLAT:LSY:S24D:WB,M24W07
R2404,7,SEC:LSY:J24B_S24C:WB,M24W07
R2404,7,SEC:LSY:S24C_S24D:WB,M24W07
R2404,8,PLAT:LSY:J24B:WB,M24W08
R2404,8,PLAT:LSY:S24C:WB,M24W08
R2404,8,PLAT:LSY:S24D:WB,M24W08
R2404,8,SEC:LSY:J24B_S24C:WB,M24W08
R2404,8,SEC:LSY:S24C_S24D:WB,M24W08
R2405,9,PLAT:LSY:S24C:WB,M24W09
R2405,9,PLAT:LSY:S24D:WB,M24W09
R2405,9,SEC:LSY:S24C_S24D:WB,M24W09
R2406,10,PLAT:LSY:J24A:EB,M24W10
R2406,10,PLAT:LSY:J24B:EB,M24W10
R2406,10,SEC:LSY:J24A_J24B:EB,M24W10
R2406,11,PLAT:LSY:J24A:EB,M24W11
R2406,11,PLAT:LSY:J24B:EB,M24W11
R2406,11,SEC:LSY:J24A_J24B:EB,M24W11
R2407,12,PLAT:LSX:J24B:WB,M24W12
R2407,12,PLAT:LSX:N24C:WB,M24W12
R2407,12,PLAT:LSX:N24D:WB,M24W12
R2407,12,SEC:LSX:J24B_N24C:WB,M24W12
R2407,12,SEC:LSX:N24C_N24D:WB,M24W12
R2407,13,PLAT:LSX:J24B:WB,M24W13
R2407,13,PLAT:LSX:N24C:WB,M24W13
R2407,13,PLAT:LSX:N24D:WB,M24W13
R2407,13,SEC:LSX:J24B_N24C:WB,M24W13
R2407,13,SEC:LSX:N24C_N24D:WB,M24W13
R2408,14,PLAT:LSY:S24C:EB,M24W14
R2408,14,PLAT:LSY:S24D:EB,M24W14
R2408,14,SEC:LSY:S24C_S24D:EB,M24W14
R2409,4,PLAT:LSX:N24C:WB,M24W04
R2409,4,PLAT:LSX:N24D:WB,M24W04
R2409,4,SEC:LSX:N24C_N24D:WB,M24W04
R2409,5,PLAT:LSX:N24C:WB,M24W05
R2409,5,PLAT:LSX:N24D:WB,M24W05
R2409,5,SEC:LSX:N24C_N24D:WB,M24W05
R2501,1,PLAT:LSX:J25B:EB,M25W01
R2501,1,PLAT:LSX:N25C:EB,M25W01
R2501,1,SEC:LSX:J25B_N25C:EB,M25W01
R2501,2,PLAT:LSX:J25B:EB,M25W02
R2501,2,PLAT:LSX:N25C:EB,M25W02
R2501,2,SEC:LSX:J25B_N25C:EB,M25W02
R2501,3,PLAT:LSX:J25B:EB,M25W03
R2501,3,PLAT:LSX:N25C:EB,M25W03
R2501,3,SEC:LSX:J25B_N25C:EB,M25W03
R2502,4,PLAT:LSX:N25C:WB,M25W04
R2502,4,PLAT:LSX:N25D:WB,M25W04
R2502,4,SEC:LSX:N25C_N25D:WB,M25W04
R2502,5,PLAT:LSX:N25C:WB,M25W05
R2502,5,PLAT:LSX:N25D:WB,M25W05
R2502,5,SEC:LSX:N25C_N25D:WB,M25W05
R2503,6,PLAT:LSX:J25A:EB,M25W06
R2503,6,PLAT:LSX:J25B:EB,M25W06
R2503,6,SEC:LSX:J25A_J25B:EB,M25W06
R2504,7,PLAT:LSY:J25B:WB,M25W07
R2504,7,PLAT:LSY:S25C:WB,M25W07
R2504,7,PLAT:LSY:S25D:WB,M25W07
R2504,7,SEC:LSY:J25B_S25C:WB,M25W07
R2504,7,SEC:LSY:S25C_S25D:WB,M25W07
R2504,8,PLAT:LSY:J25B:WB,M25W08
R2504,8,PLAT:LSY:S25C:WB,M25W08
R2504,8,PLAT:LSY:S25D:WB,M25W08
R2504,8,SEC:LSY:J25B_S25C:WB,M25W08
R2504,8,SEC:LSY:S25C_S25D:WB,M25W08
R2505,9,PLAT:LSY:S25C:WB,M25W09
R2505,9,PLAT:LSY:S25D:WB,M25W09
R2505,9,SEC:LSY:S25C_S25D:WB,M25W09
R2506,10,PLAT:LSY:J25A:EB,M25W10
R2506,10,PLAT:LSY:J25B:EB,M25W10
R2506,10,SEC:LSY:J25A_J25B:EB,M25W10
R2506,11,PLAT:LSY:J25A:EB,M25W11
R2506,11,PLAT:LSY:J25B:EB,M25W11
R2506,11,SEC:LSY:J25A_J25B:EB,M25W11
R2507,12,PLAT:LSX:J25B:WB,M25W12
R2507,12,PLAT:LSX:N25C:WB,M25W12
R2507,12,PLAT:LSX:N25D:WB,M25W12
R2507,12,SEC:LSX:J25B_N25C:WB,M25W12
R2507,12,SEC:LSX:N25C_N25D:WB,M25W12
R2507,13,PLAT:LSX:J25B:WB,M25W13
R2507,13,PLAT:LSX:N25C:WB,M25W13
R2507,13,PLAT:LSX:N25D:WB,M25W13
R2507,13,SEC:LSX:J25B_N25C:WB,M25W13
R2507,13,SEC:LSX:N25C_N25D:WB,M25W13
R2508,14,PLAT:LSY:S25C:EB,M25W14
R2508,14,PLAT:LSY:S25D:EB,M25W14
R2508,14,SEC:LSY:S25C_S25D:EB,M25W14
R2509,4,PLAT:LSX:N25C:WB,M25W04
R2509,4,PLAT:LSX:N25D:WB,M25W04
R2509,4,SEC:LSX:N25C_N25D:WB,M25W04
R2509,5,PLAT:LSX:N25C:WB,M25W05
R2509,5,PLAT:LSX:N25D:WB,M25W05
R2509,5,SEC:LSX:N25C_N25D:WB,M25W05
R2601,1,PLAT:LSX:J26B:EB,M26W01
R2601,1,PLAT:LSX:N26C:EB,M26W01
R2601,1,SEC:LSX:J26B_N26C:EB,M26W01
R2601,2,PLAT:LSX:J26B:EB,M26W02
R2601,2,PLAT:LSX:N26C:EB,M26W02
R2601,2,SEC:LSX:J26B_N26C:EB,M26W02
R2601,3,PLAT:LSX:J26B:EB,M26W03
R2601,3,PLAT:LSX:N26C:EB,M26W03
R2601,3,SEC:LSX:J26B_N26C:EB,M26W03
R2602,4,PLAT:LSX:N26C:WB,M26W04
R2602,4,PLAT:LSX:N26D:WB,M26W04
R2602,4,SEC:LSX:N26C_N26D:WB,M26W04
R2602,5,PLAT:LSX:N26C:WB,M26W05
R2602,5,PLAT:LSX:N26D:WB,M26W05
R2602,5,SEC:LSX:N26C_N26D:WB,M26W05
R2603,6,PLAT:LSX:J26A:EB,M26W06
R2603,6,PLAT:LSX:J26B:EB,M26W06
R2603,6,SEC:LSX:J26A_J26B:EB,M26W06
R2604,7,PLAT:LSY:J26B:WB,M26W07
R2604,7,PLAT:LSY:S26C:WB,M26W07
R2604,7,PLAT:LSY:S26D:WB,M26W07
R2604,7,SEC:LSY:J26B_S26C:WB,M26W07
R2604,7,SEC:LSY:S26C_S26D:WB,M26W07
R2604,8,PLAT:LSY:J26B:WB,M26W08
R2604,8,PLAT:LSY:S26C:WB,M26W08
R2604,8,PLAT:LSY:S26D:WB,M26W08
R2604,8,SEC:LSY:J26B_S26C:WB,M26W08
R2604,8,SEC:LSY:S26C_S26D:WB,M26W08
R2605,9,PLAT:LSY:S26C:WB,M26W09
R2605,9,PLAT:LSY:S26D:WB,M26W09
R2605,9,SEC:LSY:S26C_S26D:WB,M26W09
R2606,10,PLAT:LSY:J26A:EB,M26W10
R2606,10,PLAT:LSY:J26B:EB,M26W10
R2606,10,SEC:LSY:J26A_J26B:EB,M26W10
R2606,11,PLAT:LSY:J26A:EB,M26W11
R2606,11,PLAT:LSY:J26B:EB,M26W11
R2606,11,SEC:LSY:J26A_J26B:EB,M26W11
R2607,12,PLAT:LSX:J26B:WB,M26W12
R2607,12,PLAT:LSX:N26C:WB,M26W12
R2607,12,PLAT:LSX:N26D:WB,M26W12
R2607,12,SEC:LSX:J26B_N26C:WB,M26W12
R2607,12,SEC:LSX:N26C_N26D:WB,M26W12
R2607,13,PLAT:LSX:J26B:WB,M26W13
R2607,13,PLAT:LSX:N26C:WB,M26W13
R2607,13,PLAT:LSX:N26D:WB,M26W13
R2607,13,SEC:LSX:J26B_N26C:WB,M26W13
R2607,13,SEC:LSX:N26C_N26D:WB,M26W13
R2608,14,PLAT:LSY:S26C:EB,M26W14
R2608,14,PLAT:LSY:S26D:EB,M26W14
R2608,14,SEC:LSY:S26C_S26D:EB,M26W14
R2609,4,PLAT:LSX:N26C:WB,M26W04
R2609,4,PLAT:LSX:N26D:WB,M26W04
R2609,4,SEC:LSX:N26C_N26D:WB,M26W04
R2609,5,PLAT:LSX:N26C:WB,M26W05
R2609,5,PLAT:LSX:N26D:WB,M26W05
R2609,5,SEC:LSX:N26C_N26D:WB,M26W05
R2701,1,PLAT:LSX:J27B:EB,M27W01
R2701,1,PLAT:LSX:N27C:EB,M27W01
R2701,1,SEC:LSX:J27B_N27C:EB,M27W01
R2701,2,PLAT:LSX:J27B:EB,M27W02
R2701,2,PLAT:LSX:N27C:EB,M27W02
R2701,2,SEC:LSX:J27B_N27C:EB,M27W02
R2701,3,PLAT:LSX:J27B:EB,M27W03
R2701,3,PLAT:LSX:N27C:EB,M27W03
R2701,3,SEC:LSX:J27B_N27C:EB,M27W03
R2702,4,PLAT:LSX:N27C:WB,M27W04
R2702,4,PLAT:LSX:N27D:WB,M27W04
R2702,4,SEC:LSX:N27C_N27D:WB,M27W04
R2702,5,PLAT:LSX:N27C:WB,M27W05
R2702,5,PLAT:LSX:N27D:WB,M27W05
R2702,5,SEC:LSX:N27C_N27D:WB,M27W05
R2703,6,PLAT:LSX:J27A:EB,M27W06
R2703,6,PLAT:LSX:J27B:EB,M27W06
R2703,6,SEC:LSX:J27A_J27B:EB,M27W06
R2704,7,PLAT:LSY:J27B:WB,M27W07
R2704,7,PLAT:LSY:S27C:WB,M27W07
R2704,7,PLAT:LSY:S27D:WB,M27W07
R2704,7,SEC:LSY:J27B_S27C:WB,M27W07
R2704,7,SEC:LSY:S27C_S27D:WB,M27W07
R2704,8,PLAT:LSY:J27B:WB,M27W08
R2704,8,PLAT:LSY:S27C:WB,M27W08
R2704,8,PLAT:LSY:S27D:WB,M27W08
R2704,8,SEC:LSY:J27B_S27C:WB,M27W08
R2704,8,SEC:LSY:S27C_S27D:WB,M27W08
R2705,9,PLAT:LSY:S27C:WB,M27W09
R2705,9,PLAT:LSY:S27D:WB,M27W09
R2705,9,SEC:LSY:S27C_S27D:WB,M27W09
R2706,10,PLAT:LSY:J27A:EB,M27W10
R2706,10,PLAT:LSY:J27B:EB,M27W10
R2706,10,SEC:LSY:J27A_J27B:EB,M27W10
R2706,11,PLAT:LSY:J27A:EB,M27W11
R2706,11,PLAT:LSY:J27B:EB,M27W11
R2706,11,SEC:LSY:J27A_J27B:EB,M27W11
R2707,12,PLAT:LSX:J27B:WB,M27W12
R2707,12,PLAT:LSX:N27C:WB,M27W12
R2707,12,PLAT:LSX:N27D:WB,M27W12
R2707,12,SEC:LSX:J27B_N27C:WB,M27W12
R2707,12,SEC:LSX:N27C_N27D:WB,M27W12
R2707,13,PLAT:LSX:J27B:WB,M27W13
R2707,13,PLAT:LSX:N27C:WB,M27W13
R2707,13,PLAT:LSX:N27D:WB,M27W13
R2707,13,SEC:LSX:J27B_N27C:WB,M27W13
R2707,13,SEC:LSX:N27C_N27D:WB,M27W13
R2708,14,PLAT:LSY:S27C:EB,M27W14
R2708,14,PLAT:LSY:S27D:EB,M27W14
R2708,14,SEC:LSY:S27C_S27D:EB,M27W14
R2709,4,PLAT:LSX:N27C:WB,M27W04
R2709,4,PLAT:LSX:N27D:WB,M27W04
R2709,4,SEC:LSX:N27C_N27D:WB,M27W04
R2709,5,PLAT:LSX:N27C:WB,M27W05
R2709,5,PLAT:LSX:N27D:WB,M27W05
R2709,5,SEC:LSX:N27C_N27D:WB,M27W05
R2801,1,PLAT:LSX:J28B:EB,M28W01
R2801,1,PLAT:LSX:N28C:EB,M28W01
R2801,1,SEC:LSX:J28B_N28C:EB,M28W01
R2801,2,PLAT:LSX:J28B:EB,M28W02
R2801,2,PLAT:LSX:N28C:EB,M28W02
R2801,2,SEC:LSX:J28B_N28C:EB,M28W02
R2801,3,PLAT:LSX:J28B:EB,M28W03
R2801,3,PLAT:LSX:N28C:EB,M28W03
R2801,3,SEC:LSX:J28B_N28C:EB,M28W03
R2802,4,PLAT:LSX:N28C:WB,M28W04
R2802,4,PLAT:LSX:N28D:WB,M28W04
R2802,4,SEC:LSX:N28C_N28D:WB,M28W04
R2802,5,PLAT:LSX:N28C:WB,M28W05
R2802,5,PLAT:LSX:N28D:WB,M28W05
R2802,5,SEC:LSX:N28C_N28D:WB,M28W05
R2803,6,PLAT:LSX:J28A:EB,M28W06
R2803,6,PLAT:LSX:J28B:EB,M28W06
R2803,6,SEC:LSX:J28A_J28B:EB,M28W06
R2804,7,PLAT:LSY:J28B:WB,M28W07
R2804,7,PLAT:LSY:S28C:WB,M28W07
R2804,7,PLAT:LSY:S28D:WB,M28W07
R2804,7,SEC:LSY:J28B_S28C:WB,M28W07
R2804,7,SEC:LSY:S28C_S28D:WB,M28W07
R2804,8,PLAT:LSY:J28B:WB,M28W08
R2804,8,PLAT:LSY:S28C:WB,M28W08
R2804,8,PLAT:LSY:S28D:WB,M28W08
R2804,8,SEC:LSY:J28B_S28C:WB,M28W08
R2804,8,SEC:LSY:S28C_S28D:WB,M28W08
R2805,9,PLAT:LSY:S28C:WB,M28W09
R2805,9,PLAT:LSY:S28D:WB,M28W09
R2805,9,SEC:LSY:S28C_S28D:WB,M28W09
R2806,10,PLAT:LSY:J28A:EB,M28W10
R2806,10,PLAT:LSY:J28B:EB,M28W10
R2806,10,SEC:LSY:J28A_J28B:EB,M28W10
R2806,11,PLAT:LSY:J28A:EB,M28W11
R2806,11,PLAT:LSY:J28B:EB,M28W11
R2806,11,SEC:LSY:J28A_J28B:EB,M28W11
R2807,12,PLAT:LSX:J28B:WB,M28W12
R2807,12,PLAT:LSX:N28C:WB,M28W12
R2807,12,PLAT:LSX:N28D:WB,M28W12
R2807,12,SEC:LSX:J28B_N28C:WB,M28W12
R2807,12,SEC:LSX:N28C_N28D:WB,M28W12
R2807,13,PLAT:LSX:J28B:WB,M28W13
R2807,13,PLAT:LSX:N28C:WB,M28W13
R2807,13,PLAT:LSX:N28D:WB,M28W13
R2807,13,SEC:LSX:J28B_N28C:WB,M28W13
R2807,13,SEC:LSX:N28C_N28D:WB,M28W13
R2808,14,PLAT:LSY:S28C:EB,M28W14
R2808,14,PLAT:LSY:S28D:EB,M28W14
R2808,14,SEC:LSY:S28C_S28D:EB,M28W14
R2809,4,PLAT:LSX:N28C:WB,M28W04
R2809,4,PLAT:LSX:N28D:WB,M28W04
R2809,4,SEC:LSX:N28C_N28D:WB,M28W04
R2809,5,PLAT:LSX:N28C:WB,M28W05
R2809,5,PLAT:LSX:N28D:WB,M28W05
R2809,5,SEC:LSX:N28C_N28D:WB,M28W05
R2901,1,PLAT:LSX:J29B:EB,M29W01
R2901,1,PLAT:LSX:N29C:EB,M29W01
R2901,1,SEC:LSX:J29B_N29C:EB,M29W01
R2901,2,PLAT:LSX:J29B:EB,M29W02
R2901,2,PLAT:LSX:N29C:EB,M29W02
R2901,2,SEC:LSX:J29B_N29C:EB,M29W02
R2901,3,PLAT:LSX:J29B:EB,M29W03
R2901,3,PLAT:LSX:N29C:EB,M29W03
R2901,3,SEC:LSX:J29B_N29C:EB,M29W03
R2902,4,PLAT:LSX:N29C:WB,M29W04
R2902,4,PLAT:LSX:N29D:WB,M29W04
R2902,4,SEC:LSX:N29C_N29D:WB,M29W04
R2902,5,PLAT:LSX:N29C:WB,M29W05
R2902,5,PLAT:LSX:N29D:WB,M29W05
R2902,5,SEC:LSX:N29C_N29D:WB,M29W05
R2903,6,PLAT:LSX:J29A:EB,M29W06
R2903,6,PLAT:LSX:J29B:EB,M29W06
R2903,6,SEC:LSX:J29A_J29B:EB,M29W06
R2904,7,PLAT:LSY:J29B:WB,M29W07
R2904,7,PLAT:LSY:S29C:WB,M29W07
R2904,7,PLAT:LSY:S29D:WB,M29W07
R2904,7,SEC:LSY:J29B_S29C:WB,M29W07
R2904,7,SEC:LSY:S29C_S29D:WB,M29W07
R2904,8,PLAT:LSY:J29B:WB,M29W08
R2904,8,PLAT:LSY:S29C:WB,M29W08
R2904,8,PLAT:LSY:S29D:WB,M29W08
R2904,8,SEC:LSY:J29B_S29C:WB,M29W08
R2904,8,SEC:LSY:S29C_S29D:WB,M29W08
R2905,9,PLAT:LSY:S29C:WB,M29W09
R2905,9,PLAT:LSY:S29D:WB,M29W09
R2905,9,SEC:LSY:S29C_S29D:WB,M29W09
R2906,10,PLAT:LSY:J29A:EB,M29W10
R2906,10,PLAT:LSY:J29B:EB,M29W10
R2906,10,SEC:LSY:J29A_J29B:EB,M29W10
R2906,11,PLAT:LSY:J29A:EB,M29W11
R2906,11,PLAT:LSY:J29B:EB,M29W11
R2906,11,SEC:LSY:J29A_J29B:EB,M29W11
R2907,12,PLAT:LSX:J29B:WB,M29W12
R2907,12,PLAT:LSX:N29C:WB,M29W12
R2907,12,PLAT:LSX:N29D:WB,M29W12
R2907,12,SEC:LSX:J29B_N29C:WB,M29W12
R2907,12,SEC:LSX:N29C_N29D:WB,M29W12
R2907,13,PLAT:LSX:J29B:WB,M29W13
R2907,13,PLAT:LSX:N29C:WB,M29W13
R2907,13,PLAT:LSX:N29D:WB,M29W13
R2907,13,SEC:LSX:J29B_N29C:WB,M29W13
R2907,13,SEC:LSX:N29C_N29D:WB,M29W13
R2908,14,PLAT:LSY:S29C:EB,M29W14
R2908,14,PLAT:LSY:S29D:EB,M29W14
R2908,14,SEC:LSY:S29C_S29D:EB,M29W14
R2909,4,PLAT:LSX:N29C:WB,M29W04
R2909,4,PLAT:LSX:N29D:WB,M29W04
R2909,4,SEC:LSX:N29C_N29D:WB,M29W04
R2909,5,PLAT:LSX:N29C:WB,M29W05
R2909,5,PLAT:LSX:N29D:WB,M29W05
R2909,5,SEC:LSX:N29C_N29D:WB,M29W05
R3001,1,PLAT:LSX:J30B:EB,M30W01
R3001,1,PLAT:LSX:N30C:EB,M30W01
R3001,1,SEC:LSX:J30B_N30C:EB,M30W01
R3001,2,PLAT:LSX:J30B:EB,M30W02
R3001,2,PLAT:LSX:N30C:EB,M30W02
R3001,2,SEC:LSX:J30B_N30C:EB,M30W02
R3001,3,PLAT:LSX:J30B:EB,M30W03
R3001,3,PLAT:LSX:N30C:EB,M30W03
R3001,3,SEC:LSX:J30B_N30C:EB,M30W03
R3002,4,PLAT:LSX:N30C:WB,M30W04
R3002,4,PLAT:LSX:N30D:WB,M30W04
R3002,4,SEC:LSX:N30C_N30D:WB,M30W04
R3002,5,PLAT:LSX:N30C:WB,M30W05
R3002,5,PLAT:LSX:N30D:WB,M30W05
R3002,5,SEC:LSX:N30C_N30D:WB,M30W05
R3003,6,PLAT:LSX:J30A:EB,M30W06
R3003,6,PLAT:LSX:J30B:EB,M30W06
R3003,6,SEC:LSX:J30A_J30B:EB,M30W06
R3004,7,PLAT:LSY:J30B:WB,M30W07
R3004,7,PLAT:LSY:S30C:WB,M30W07
R3004,7,PLAT:LSY:S30D:WB,M30W07
R3004,7,SEC:LSY:J30B_S30C:WB,M30W07
R3004,7,SEC:LSY:S30C_S30D:WB,M30W07
R3004,8,PLAT:LSY:J30B:WB,M30W08
R3004,8,PLAT:LSY:S30C:WB,M30W08
R3004,8,PLAT:LSY:S30D:WB,M30W08
R3004,8,SEC:LSY:J30B_S30C:WB,M30W08
R3004,8,SEC:LSY:S30C_S30D:WB,M30W08
R3005,9,PLAT:LSY:S30C:WB,M30W09
R3005,9,PLAT:LSY:S30D:WB,M30W09
R3005,9,SEC:LSY:S30C_S30D:WB,M30W09
R3006,10,PLAT:LSY:J30A:EB,M30W10
R3006,10,PLAT:LSY:J30B:EB,M30W10
R3006,10,SEC:LSY:J30A_J30B:EB,M30W10
R3006,11,PLAT:LSY:J30A:EB,M30W11
R3006,11,PLAT:LSY:J30B:EB,M30W11
R3006,11,SEC:LSY:J30A_J30B:EB,M30W11
R3007,12,PLAT:LSX:J30B:WB,M30W12
R3007,12,PLAT:LSX:N30C:WB,M30W12
R3007,12,PLAT:LSX:N30D:WB,M30W12
R3007,12,SEC:LSX:J30B_N30C:WB,M30W12
R3007,12,SEC:LSX:N30C_N30D:WB,M30W12
R3007,13,PLAT:LSX:J30B:WB,M30W13
R3007,13,PLAT:LSX:N30C:WB,M30W13
R3007,13,PLAT:LSX:N30D:WB,M30W13
R3007,13,SEC:LSX:J30B_N30C:WB,M30W13
R3007,13,SEC:LSX:N30C_N30D:WB,M30W13
R3008,14,PLAT:LSY:S30C:EB,M30W14
R3008,14,PLAT:LSY:S30D:EB,M30W14
R3008,14,SEC:LSY:S30C_S30D:EB,M30W14
R3009,4,PLAT:LSX:N30C:WB,M30W04
R3009,4,PLAT:LSX:N30D:WB,M30W04
R3009,4,SEC:LSX:N30C_N30D:WB,M30W04
R3009,5,PLAT:LSX:N30C:WB,M30W05
R3009,5,PLAT:LSX:N30D:WB,M30W05
R3009,5,SEC:LSX:N30C_N30D:WB,M30W05
R3101,1,PLAT:LSX:J31B:EB,M31W01
R3101,1,PLAT:LSX:N31C:EB,M31W01
R3101,1,SEC:LSX:J31B_N31C:EB,M31W01
R3101,2,PLAT:LSX:J31B:EB,M31W02
R3101,2,PLAT:LSX:N31C:EB,M31W02
R3101,2,SEC:LSX:J31B_N31C:EB,M31W02
R3101,3,PLAT:LSX:J31B:EB,M31W03
R3101,3,PLAT:LSX:N31C:EB,M31W03
R3101,3,SEC:LSX:J31B_N31C:EB,M31W03
R3102,4,PLAT:LSX:N31C:WB,M31W04
R3102,4,PLAT:LSX:N31D:WB,M31W04
R3102,4,SEC:LSX:N31C_N31D:WB,M31W04
R3102,5,PLAT:LSX:N31C:WB,M31W05
R3102,5,PLAT:LSX:N31D:WB,M31W05
R3102,5,SEC:LSX:N31C_N31D:WB,M31W05
R3103,6,PLAT:LSX:J31A:EB,M31W06
R3103,6,PLAT:LSX:J31B:EB,M31W06
R3103,6,SEC:LSX:J31A_J31B:EB,M31W06
R3104,7,PLAT:LSY:J31B:WB,M31W07
R3104,7,PLAT:LSY:S31C:WB,M31W07
R3104,7,PLAT:LSY:S31D:WB,M31W07
R3104,7,SEC:LSY:J31B_S31C:WB,M31W07
R3104,7,SEC:LSY:S31C_S31D:WB,M31W07
R3104,8,PLAT:LSY:J31B:WB,M31W08
R3104,8,PLAT:LSY:S31C:WB,M31W08
R3104,8,PLAT:LSY:S31D:WB,M31W08
R3104,8,SEC:LSY:J31B_S31C:WB,M31W08
R3104,8,SEC:LSY:S31C_S31D:WB,M31W08
R3105,9,PLAT:LSY:S31C:WB,M31W09
R3105,9,PLAT:LSY:S31D:WB,M31W09
R3105,9,SEC:LSY:S31C_S31D:WB,M31W09
R3106,10,PLAT:LSY:J31A:EB,M31W10
R3106,10,PLAT:LSY:J31B:EB,M31W10
R3106,10,SEC:LSY:J31A_J31B:EB,M31W10
R3106,11,PLAT:LSY:J31A:EB,M31W11
R3106,11,PLAT:LSY:J31B:EB,M31W11
R3106,11,SEC:LSY:J31A_J31B:EB,M31W11
R3107,12,PLAT:LSX:J31B:WB,M31W12
R3107,12,PLAT:LSX:N31C:WB,M31W12
R3107,12,PLAT:LSX:N31D:WB,M31W12
R3107,12,SEC:LSX:J31B_N31C:WB,M31W12
R3107,12,SEC:LSX:N31C_N31D:WB,M31W12
R3107,13,PLAT:LSX:J31B:WB,M31W13
R3107,13,PLAT:LSX:N31C:WB,M31W13
R3107,13,PLAT:LSX:N31D:WB,M31W13
R3107,13,SEC:LSX:J31B_N31C:WB,M31W13
R3107,13,SEC:LSX:N31C_N31D:WB,M31W13
R3108,14,PLAT:LSY:S31C:EB,M31W14
R3108,14,PLAT:LSY:S31D:EB,M31W14
R3108,14,SEC:LSY:S31C_S31D:EB,M31W14
R3109,4,PLAT:LSX:N31C:WB,M31W04
R3109,4,PLAT:LSX:N31D:WB,M31W04
R3109,4,SEC:LSX:N31C_N31D:WB,M31W04
R3109,5,PLAT:LSX:N31C:WB,M31W05
R3109,5,PLAT:LSX:N31D:WB,M31W05
R3109,5,SEC:LSX:N31C_N31D:WB,M31W05
R3201,1,PLAT:LSX:J32B:EB,M32W01
R3201,1,PLAT:LSX:N32C:EB,M32W01
R3201,1,SEC:LSX:J32B_N32C:EB,M32W01
R3201,2,PLAT:LSX:J32B:EB,M32W02
R3201,2,PLAT:LSX:N32C:EB,M32W02
R3201,2,SEC:LSX:J32B_N32C:EB,M32W02
R3201,3,PLAT:LSX:J32B:EB,M32W03
R3201,3,PLAT:LSX:N32C:EB,M32W03
R3201,3,SEC:LSX:J32B_N32C:EB,M32W03
R3202,4,PLAT:LSX:N32C:WB,M32W04
R3202,4,PLAT:LSX:N32D:WB,M32W04
R3202,4,SEC:LSX:N32C_N32D:WB,M32W04
R3202,5,PLAT:LSX:N32C:WB,M32W05
R3202,5,PLAT:LSX:N32D:WB,M32W05
R3202,5,SEC:LSX:N32C_N32D:WB,M32W05
R3203,6,PLAT:LSX:J32A:EB,M32W06
R3203,6,PLAT:LSX:J32B:EB,M32W06
R3203,6,SEC:LSX:J32A_J32B:EB,M32W06
R3204,7,PLAT:LSY:J32B:WB,M32W07
R3204,7,PLAT:LSY:S32C:WB,M32W07
R3204,7,PLAT:LSY:S32D:WB,M32W07
R3204,7,SEC:LSY:J32B_S32C:WB,M32W07
R3204,7,SEC:LSY:S32C_S32D:WB,M32W07
R3204,8,PLAT:LSY:J32B:WB,M32W08
R3204,8,PLAT:LSY:S32C:WB,M32W08
R3204,8,PLAT:LSY:S32D:WB,M32W08
R3204,8,SEC:LSY:J32B_S32C:WB,M32W08
R3204,8,SEC:LSY:S32C_S32D:WB,M32W08
R3205,9,PLAT:LSY:S32C:WB,M32W09
R3205,9,PLAT:LSY:S32D:WB,M32W09
R3205,9,SEC:LSY:S32C_S32D:WB,M32W09
R3206,10,PLAT:LSY:J32A:EB,M32W10
R3206,10,PLAT:LSY:J32B:EB,M32W10
R3206,10,SEC:LSY:J32A_J32B:EB,M32W10
R3206,11,PLAT:LSY:J32A:EB,M32W11
R3206,11,PLAT:LSY:J32B:EB,M32W11
R3206,11,SEC:LSY:J32A_J32B:EB,M32W11
R3207,12,PLAT:LSX:J32B:WB,M32W12
R3207,12,PLAT:LSX:N32C:WB,M32W12
R3207,12,PLAT:LSX:N32D:WB,M32W12
R3207,12,SEC:LSX:J32B_N32C:WB,M32W12
R3207,12,SEC:LSX:N32C_N32D:WB,M32W12
R3207,13,PLAT:LSX:J32B:WB,M32W13
R3207,13,PLAT:LSX:N32C:WB,M32W13
R3207,13,PLAT:LSX:N32D:WB,M32W13
R3207,13,SEC:LSX:J32B_N32C:WB,M32W13
R3207,13,SEC:LSX:N32C_N32D:WB,M32W13
R3208,14,PLAT:LSY:S32C:EB,M32W14
R3208,14,PLAT:LSY:S32D:EB,M32W14
R3208,14,SEC:LSY:S32C_S32D:EB,M32W14
R3209,4,PLAT:LSX:N32C:WB,M32W04
R3209,4,PLAT:LSX:N32D:WB,M32W04
R3209,4,SEC:LSX:N32C_N32D:WB,M32W04
R3209,5,PLAT:LSX:N32C:WB,M32W05
R3209,5,PLAT:LSX:N32D:WB,M32W05
R3209,5,SEC:LSX:N32C_N32D:WB,M32W05
R3301,1,PLAT:LSX:J33B:EB,M33W01
R3301,1,PLAT:LSX:N33C:EB,M33W01
R3301,1,SEC:LSX:J33B_N33C:EB,M33W01
R3301,2,PLAT:LSX:J33B:EB,M33W02
R3301,2,PLAT:LSX:N33C:EB,M33W02
R3301,2,SEC:LSX:J33B_N33C:EB,M33W02
R3301,3,PLAT:LSX:J33B:EB,M33W03
R3301,3,PLAT:LSX:N33C:EB,M33W03
R3301,3,SEC:LSX:J33B_N33C:EB,M33W03
R3302,4,PLAT:LSX:N33C:WB,M33W04
R3302,4,PLAT:LSX:N33D:WB,M33W04
R3302,4,SEC:LSX:N33C_N33D:WB,M33W04
R3302,5,PLAT:LSX:N33C:WB,M33W05
R3302,5,PLAT:LSX:N33D:WB,M33W05
R3302,5,SEC:LSX:N33C_N33D:WB,M33W05
R3303,6,PLAT:LSX:J33A:EB,M33W06
R3303,6,PLAT:LSX:J33B:EB,M33W06
R3303,6,SEC:LSX:J33A_J33B:EB,M33W06
R3304,7,PLAT:LSY:J33B:WB,M33W07
R3304,7,PLAT:LSY:S33C:WB,M33W07
R3304,7,PLAT:LSY:S33D:WB,M33W07
R3304,7,SEC:LSY:J33B_S33C:WB,M33W07
R3304,7,SEC:LSY:S33C_S33D:WB,M33W07
R3304,8,PLAT:LSY:J33B:WB,M33W08
R3304,8,PLAT:LSY:S33C:WB,M33W08
R3304,8,PLAT:LSY:S33D:WB,M33W08
R3304,8,SEC:LSY:J33B_S33C:WB,M33W08
R3304,8,SEC:LSY:S33C_S33D:WB,M33W08
R3305,9,PLAT:LSY:S33C:WB,M33W09
R3305,9,PLAT:LSY:S33D:WB,M33W09
R3305,9,SEC:LSY:S33C_S33D:WB,M33W09
R3306,10,PLAT:LSY:J33A:EB,M33W10
R3306,10,PLAT:LSY:J33B:EB,M33W10
R3306,10,SEC:LSY:J33A_J33B:EB,M33W10
R3306,11,PLAT:LSY:J33A:EB,M33W11
R3306,11,PLAT:LSY:J33B:EB,M33W11
R3306,11,SEC:LSY:J33A_J33B:EB,M33W11
R3307,12,PLAT:LSX:J33B:WB,M33W12
R3307,12,PLAT:LSX:N33C:WB,M33W12
R3307,12,PLAT:LSX:N33D:WB,M33W12
R3307,12,SEC:LSX:J33B_N33C:WB,M33W12
R3307,12,SEC:LSX:N33C_N33D:WB,M33W12
R3307,13,PLAT:LSX:J33B:WB,M33W13
R3307,13,PLAT:LSX:N33C:WB,M33W13
R3307,13,PLAT:LSX:N33D:WB,M33W13
R3307,13,SEC:LSX:J33B_N33C:WB,M33W13
R3307,13,SEC:LSX:N33C_N33D:WB,M33W13
R3308,14,PLAT:LSY:S33C:EB,M33W14
R3308,14,PLAT:LSY:S33D:EB,M33W14
R3308,14,SEC:LSY:S33C_S33D:EB,M33W14
R3309,4,PLAT:LSX:N33C:WB,M33W04
R3309,4,PLAT:LSX:N33D:WB,M33W04
R3309,4,SEC:LSX:N33C_N33D:WB,M33W04
R3309,5,PLAT:LSX:N33C:WB,M33W05
R3309,5,PLAT:LSX:N33D:WB,M33W05
R3309,5,SEC:LSX:N33C_N33D:WB,M33W05
R3401,1,PLAT:LSX:J34B:EB,M34W01
R3401,1,PLAT:LSX:N34C:EB,M34W01
R3401,1,SEC:LSX:J34B_N34C:EB,M34W01
R3401,2,PLAT:LSX:J34B:EB,M34W02
R3401,2,PLAT:LSX:N34C:EB,M34W02
R3401,2,SEC:LSX:J34B_N34C:EB,M34W02
R3401,3,PLAT:LSX:J34B:EB,M34W03
R3401,3,PLAT:LSX:N34C:EB,M34W03
R3401,3,SEC:LSX:J34B_N34C:EB,M34W03
R3402,4,PLAT:LSX:N34C:WB,M34W04
R3402,4,PLAT:LSX:N34D:WB,M34W04
R3402,4,SEC:LSX:N34C_N34D:WB,M34W04
R3402,5,PLAT:LSX:N34C:WB,M34W05
R3402,5,PLAT:LSX:N34D:WB,M34W05
R3402,5,SEC:LSX:N34C_N34D:WB,M34W05
R3403,6,PLAT:LSX:J34A:EB,M34W06
R3403,6,PLAT:LSX:J34B:EB,M34W06
R3403,6,SEC:LSX:J34A_J34B:EB,M34W06
R3404,7,PLAT:LSY:J34B:WB,M34W07
R3404,7,PLAT:LSY:S34C:WB,M34W07
R3404,7,PLAT:LSY:S34D:WB,M34W07
R3404,7,SEC:LSY:J34B_S34C:WB,M34W07
R3404,7,SEC:LSY:S34C_S34D:WB,M34W07
R3404,8,PLAT:LSY:J34B:WB,M34W08
R3404,8,PLAT:LSY:S34C:WB,M34W08
R3404,8,PLAT:LSY:S34D:WB,M34W08
R3404,8,SEC:LSY:J34B_S34C:WB,M34W08
R3404,8,SEC:LSY:S34C_S34D:WB,M34W08
R3405,9,PLAT:LSY:S34C:WB,M34W09
R3405,9,PLAT:LSY:S34D:WB,M34W09
R3405,9,SEC:LSY:S34C_S34D:WB,M34W09
R3406,10,PLAT:LSY:J34A:EB,M34W10
R3406,10,PLAT:LSY:J34B:EB,M34W10
R3406,10,SEC:LSY:J34A_J34B:EB,M34W10
R3406,11,PLAT:LSY:J34A:EB,M34W11
R3406,11,PLAT:LSY:J34B:EB,M34W11
R3406,11,SEC:LSY:J34A_J34B:EB,M34W11
R3407,12,PLAT:LSX:J34B:WB,M34W12
R3407,12,PLAT:LSX:N34C:WB,M34W12
R3407,12,PLAT:LSX:N34D:WB,M34W12
R3407,12,SEC:LSX:J34B_N34C:WB,M34W12
R3407,12,SEC:LSX:N34C_N34D:WB,M34W12
R3407,13,PLAT:LSX:J34B:WB,M34W13
R3407,13,PLAT:LSX:N34C:WB,M34W13
R3407,13,PLAT:LSX:N34D:WB,M34W13
R3407,13,SEC:LSX:J34B_N34C:WB,M34W13
R3407,13,SEC:LSX:N34C_N34D:WB,M34W13
R3408,14,PLAT:LSY:S34C:EB,M34W14
R3408,14,PLAT:LSY:S34D:EB,M34W14
R3408,14,SEC:LSY:S34C_S34D:EB,M34W14
R3409,4,PLAT:LSX:N34C:WB,M34W04
R3409,4,PLAT:LSX:N34D:WB,M34W04
R3409,4,SEC:LSX:N34C_N34D:WB,M34W04
R3409,5,PLAT:LSX:N34C:WB,M34W05
R3409,5,PLAT:LSX:N34D:WB,M34W05
R3409,5,SEC:LSX:N34C_N34D:WB,M34W05
R3501,1,PLAT:LSX:J35B:EB,M35W01
R3501,1,PLAT:LSX:N35C:EB,M35W01
R3501,1,SEC:LSX:J35B_N35C:EB,M35W01
R3501,2,PLAT:LSX:J35B:EB,M35W02
R3501,2,PLAT:LSX:N35C:EB,M35W02
R3501,2,SEC:LSX:J35B_N35C:EB,M35W02
R3501,3,PLAT:LSX:J35B:EB,M35W03
R3501,3,PLAT:LSX:N35C:EB,M35W03
R3501,3,SEC:LSX:J35B_N35C:EB,M35W03
R3502,4,PLAT:LSX:N35C:WB,M35W04
R3502,4,PLAT:LSX:N35D:WB,M35W04
R3502,4,SEC:LSX:N35C_N35D:WB,M35W04
R3502,5,PLAT:LSX:N35C:WB,M35W05
R3502,5,PLAT:LSX:N35D:WB,M35W05
R3502,5,SEC:LSX:N35C_N35D:WB,M35W05
R3503,6,PLAT:LSX:J35A:EB,M35W06
R3503,6,PLAT:LSX:J35B:EB,M35W06
R3503,6,SEC:LSX:J35A_J35B:EB,M35W06
R3504,7,PLAT:LSY:J35B:WB,M35W07
R3504,7,PLAT:LSY:S35C:WB,M35W07
R3504,7,PLAT:LSY:S35D:WB,M35W07
R3504,7,SEC:LSY:J35B_S35C:WB,M35W07
R3504,7,SEC:LSY:S35C_S35D:WB,M35W07
R3504,8,PLAT:LSY:J35B:WB,M35W08
R3504,8,PLAT:LSY:S35C:WB,M35W08
R3504,8,PLAT:LSY:S35D:WB,M35W08
R3504,8,SEC:LSY:J35B_S35C:WB,M35W08
R3504,8,SEC:LSY:S35C_S35D:WB,M35W08
R3505,9,PLAT:LSY:S35C:WB,M35W09
R3505,9,PLAT:LSY:S35D:WB,M35W09
R3505,9,SEC:LSY:S35C_S35D:WB,M35W09
R3506,10,PLAT:LSY:J35A:EB,M35W10
R3506,10,PLAT:LSY:J35B:EB,M35W10
R3506,10,SEC:LSY:J35A_J35B:EB,M35W10
R3506,11,PLAT:LSY:J35A:EB,M35W11
R3506,11,PLAT:LSY:J35B:EB,M35W11
R3506,11,SEC:LSY:J35A_J35B:EB,M35W11
R3507,12,PLAT:LSX:J35B:WB,M35W12
R3507,12,PLAT:LSX:N35C:WB,M35W12
R3507,12,PLAT:LSX:N35D:WB,M35W12
R3507,12,SEC:LSX:J35B_N35C:WB,M35W12
R3507,12,SEC:LSX:N35C_N35D:WB,M35W12
R3507,13,PLAT:LSX:J35B:WB,M35W13
R3507,13,PLAT:LSX:N35C:WB,M35W13
R3507,13,PLAT:LSX:N35D:WB,M35W13
R3507,13,SEC:LSX:J35B_N35C:WB,M35W13
R3507,13,SEC:LSX:N35C_N35D:WB,M35W13
R3508,14,PLAT:LSY:S35C:EB,M35W14
R3508,14,PLAT:LSY:S35D:EB,M35W14
R3508,14,SEC:LSY:S35C_S35D:EB,M35W14
R3509,4,PLAT:LSX:N35C:WB,M35W04
R3509,4,PLAT:LSX:N35D:WB,M35W04
R3509,4,SEC:LSX:N35C_N35D:WB,M35W04
R3509,5,PLAT:LSX:N35C:WB,M35W05
R3509,5,PLAT:LSX:N35D:WB,M35W05
R3509,5,SEC:LSX:N35C_N35D:WB,M35W05
R3601,1,PLAT:LSX:J36B:EB,M36W01
R3601,1,PLAT:LSX:N36C:EB,M36W01
R3601,1,SEC:LSX:J36B_N36C:EB,M36W01
R3601,2,PLAT:LSX:J36B:EB,M36W02
R3601,2,PLAT:LSX:N36C:EB,M36W02
R3601,2,SEC:LSX:J36B_N36C:EB,M36W02
R3601,3,PLAT:LSX:J36B:EB,M36W03
R3601,3,PLAT:LSX:N36C:EB,M36W03
R3601,3,SEC:LSX:J36B_N36C:EB,M36W03
R3602,4,PLAT:LSX:N36C:WB,M36W04
R3602,4,PLAT:LSX:N36D:WB,M36W04
R3602,4,SEC:LSX:N36C_N36D:WB,M36W04
R3602,5,PLAT:LSX:N36C:WB,M36W05
R3602,5,PLAT:LSX:N36D:WB,M36W05
R3602,5,SEC:LSX:N36C_N36D:WB,M36W05
R3603,6,PLAT:LSX:J36A:EB,M36W06
R3603,6,PLAT:LSX:J36B:EB,M36W06
R3603,6,SEC:LSX:J36A_J36B:EB,M36W06
R3604,7,PLAT:LSY:J36B:WB,M36W07
R3604,7,PLAT:LSY:S36C:WB,M36W07
R3604,7,PLAT:LSY:S36D:WB,M36W07
R3604,7,SEC:LSY:J36B_S36C:WB,M36W07
R3604,7,SEC:LSY:S36C_S36D:WB,M36W07
R3604,8,PLAT:LSY:J36B:WB,M36W08
R3604,8,PLAT:LSY:S36C:WB,M36W08
R3604,8,PLAT:LSY:S36D:WB,M36W08
R3604,8,SEC:LSY:J36B_S36C:WB,M36W08
R3604,8,SEC:LSY:S36C_S36D:WB,M36W08
R3605,9,PLAT:LSY:S36C:WB,M36W09
R3605,9,PLAT:LSY:S36D:WB,M36W09
R3605,9,SEC:LSY:S36C_S36D:WB,M36W09
R3606,10,PLAT:LSY:J36A:EB,M36W10
R3606,10,PLAT:LSY:J36B:EB,M36W10
R3606,10,SEC:LSY:J36A_J36B:EB,M36W10
R3606,11,PLAT:LSY:J36A:EB,M36W11
R3606,11,PLAT:LSY:J36B:EB,M36W11
R3606,11,SEC:LSY:J36A_J36B:EB,M36W11
R3607,12,PLAT:LSX:J36B:WB,M36W12
R3607,12,PLAT:LSX:N36C:WB,M36W12
R3607,12,PLAT:LSX:N36D:WB,M36W12
R3607,12,SEC:LSX:J36B_N36C:WB,M36W12
R3607,12,SEC:LSX:N36C_N36D:WB,M36W12
R3607,13,PLAT:LSX:J36B:WB,M36W13
R3607,13,PLAT:LSX:N36C:WB,M36W13
R3607,13,PLAT:LSX:N36D:WB,M36W13
R3607,13,SEC:LSX:J36B_N36C:WB,M36W13
R3607,13,SEC:LSX:N36C_N36D:WB,M36W13
R3608,14,PLAT:LSY:S36C:EB,M36W14
R3608,14,PLAT:LSY:S36D:EB,M36W14
R3608,14,SEC:LSY:S36C_S36D:EB,M36W14
R3609,4,PLAT:LSX:N36C:WB,M36W04
R3609,4,PLAT:LSX:N36D:WB,M36W04
R3609,4,SEC:LSX:N36C_N36D:WB,M36W04
R3609,5,PLAT:LSX:N36C:WB,M36W05
R3609,5,PLAT:LSX:N36D:WB,M36W05
R3609,5,SEC:LSX:N36C_N36D:WB,M36W05
R3701,1,PLAT:LSX:J37B:EB,M37W01
R3701,1,PLAT:LSX:N37C:EB,M37W01
R3701,1,SEC:LSX:J37B_N37C:EB,M37W01
R3701,2,PLAT:LSX:J37B:EB,M37W02
R3701,2,PLAT:LSX:N37C:EB,M37W02
R3701,2,SEC:LSX:J37B_N37C:EB,M37W02
R3701,3,PLAT:LSX:J37B:EB,M37W03
R3701,3,PLAT:LSX:N37C:EB,M37W03
R3701,3,SEC:LSX:J37B_N37C:EB,M37W03
R3702,4,PLAT:LSX:N37C:WB,M37W04
R3702,4,PLAT:LSX:N37D:WB,M37W04
R3702,4,SEC:LSX:N37C_N37D:WB,M37W04
R3702,5,PLAT:LSX:N37C:WB,M37W05
R3702,5,PLAT:LSX:N37D:WB,M37W05
R3702,5,SEC:LSX:N37C_N37D:WB,M37W05
R3703,6,PLAT:LSX:J37A:EB,M37W06
R3703,6,PLAT:LSX:J37B:EB,M37W06
R3703,6,SEC:LSX:J37A_J37B:EB,M37W06
R3704,7,PLAT:LSY:J37B:WB,M37W07
R3704,7,PLAT:LSY:S37C:WB,M37W07
R3704,7,PLAT:LSY:S37D:WB,M37W07
R3704,7,SEC:LSY:J37B_S37C:WB,M37W07
R3704,7,SEC:LSY:S37C_S37D:WB,M37W07
R3704,8,PLAT:LSY:J37B:WB,M37W08
R3704,8,PLAT:LSY:S37C:WB,M37W08
R3704,8,PLAT:LSY:S37D:WB,M37W08
R3704,8,SEC:LSY:J37B_S37C:WB,M37W08
R3704,8,SEC:LSY:S37C_S37D:WB,M37W08
R3705,9,PLAT:LSY:S37C:WB,M37W09
R3705,9,PLAT:LSY:S37D:WB,M37W09
R3705,9,SEC:LSY:S37C_S37D:WB,M37W09
R3706,10,PLAT:LSY:J37A:EB,M37W10
R3706,10,PLAT:LSY:J37B:EB,M37W10
R3706,10,SEC:LSY:J37A_J37B:EB,M37W10
R3706,11,PLAT:LSY:J37A:EB,M37W11
R3706,11,PLAT:LSY:J37B:EB,M37W11
R3706,11,SEC:LSY:J37A_J37B:EB,M37W11
R3707,12,PLAT:LSX:J37B:WB,M37W12
R3707,12,PLAT:LSX:N37C:WB,M37W12
R3707,12,PLAT:LSX:N37D:WB,M37W12
R3707,12,SEC:LSX:J37B_N37C:WB,M37W12
R3707,12,SEC:LSX:N37C_N37D:WB,M37W12
R3707,13,PLAT:LSX:J37B:WB,M37W13
R3707,13,PLAT:LSX:N37C:WB,M37W13
R3707,13,PLAT:LSX:N37D:WB,M37W13
R3707,13,SEC:LSX:J37B_N37C:WB,M37W13
R3707,13,SEC:LSX:N37C_N37D:WB,M37W13
R3708,14,PLAT:LSY:S37C:EB,M37W14
R3708,14,PLAT:LSY:S37D:EB,M37W14
R3708,14,SEC:LSY:S37C_S37D:EB,M37W14
R3709,4,PLAT:LSX:N37C:WB,M37W04
R3709,4,PLAT:LSX:N37D:WB,M37W04
R3709,4,SEC:LSX:N37C_N37D:WB,M37W04
R3709,5,PLAT:LSX:N37C:WB,M37W05
R3709,5,PLAT:LSX:N37D:WB,M37W05
R3709,5,SEC:LSX:N37C_N37D:WB,M37W05
R3801,1,PLAT:LSX:J38B:EB,M38W01
R3801,1,PLAT:LSX:N38C:EB,M38W01
R3801,1,SEC:LSX:J38B_N38C:EB,M38W01
R3801,2,PLAT:LSX:J38B:EB,M38W02
R3801,2,PLAT:LSX:N38C:EB,M38W02
R3801,2,SEC:LSX:J38B_N38C:EB,M38W02
R3801,3,PLAT:LSX:J38B:EB,M38W03
R3801,3,PLAT:LSX:N38C:EB,M38W03
R3801,3,SEC:LSX:J38B_N38C:EB,M38W03
R3802,4,PLAT:LSX:N38C:WB,M38W04
R3802,4,PLAT:LSX:N38D:WB,M38W04
R3802,4,SEC:LSX:N38C_N38D:WB,M38W04
R3802,5,PLAT:LSX:N38C:WB,M38W05
R3802,5,PLAT:LSX:N38D:WB,M38W05
R3802,5,SEC:LSX:N38C_N38D:WB,M38W05
R3803,6,PLAT:LSX:J38A:EB,M38W06
R3803,6,PLAT:LSX:J38B:EB,M38W06
R3803,6,SEC:LSX:J38A_J38B:EB,M38W06
R3804,7,PLAT:LSY:J38B:WB,M38W07
R3804,7,PLAT:LSY:S38C:WB,M38W07
R3804,7,PLAT:LSY:S38D:WB,M38W07
R3804,7,SEC:LSY:J38B_S38C:WB,M38W07
R3804,7,SEC:LSY:S38C_S38D:WB,M38W07
R3804,8,PLAT:LSY:J38B:WB,M38W08
R3804,8,PLAT:LSY:S38C:WB,M38W08
R3804,8,PLAT:LSY:S38D:WB,M38W08
R3804,8,SEC:LSY:J38B_S38C:WB,M38W08
R3804,8,SEC:LSY:S38C_S38D:WB,M38W08
R3805,9,PLAT:LSY:S38C:WB,M38W09
R3805,9,PLAT:LSY:S38D:WB,M38W09
R3805,9,SEC:LSY:S38C_S38D:WB,M38W09
R3806,10,PLAT:LSY:J38A:EB,M38W10
R3806,10,PLAT:LSY:J38B:EB,M38W10
R3806,10,SEC:LSY:J38A_J38B:EB,M38W10
R3806,11,PLAT:LSY:J38A:EB,M38W11
R3806,11,PLAT:LSY:J38B:EB,M38W11
R3806,11,SEC:LSY:J38A_J38B:EB,M38W11
R3807,12,PLAT:LSX:J38B:WB,M38W12
R3807,12,PLAT:LSX:N38C:WB,M38W12
R3807,12,PLAT:LSX:N38D:WB,M38W12
R3807,12,SEC:LSX:J38B_N38C:WB,M38W12
R3807,12,SEC:LSX:N38C_N38D:WB,M38W12
R3807,13,PLAT:LSX:J38B:WB,M38W13
R3807,13,PLAT:LSX:N38C:WB,M38W13
R3807,13,PLAT:LSX:N38D:WB,M38W13
R3807,13,SEC:LSX:J38B_N38C:WB,M38W13
R3807,13,SEC:LSX:N38C_N38D:WB,M38W13
R3808,14,PLAT:LSY:S38C:EB,M38W14
R3808,14,PLAT:LSY:S38D:EB,M38W14
R3808,14,SEC:LSY:S38C_S38D:EB,M38W14
R3809,4,PLAT:LSX:N38C:WB,M38W04
R3809,4,PLAT:LSX:N38D:WB,M38W04
R3809,4,SEC:LSX:N38C_N38D:WB,M38W04
R3809,5,PLAT:LSX:N38C:WB,M38W05
R3809,5,PLAT:LSX:N38D:WB,M38W05
R3809,5,SEC:LSX:N38C_N38D:WB,M38W05
R3901,1,PLAT:LSX:J39B:EB,M39W01
R3901,1,PLAT:LSX:N39C:EB,M39W01
R3901,1,SEC:LSX:J39B_N39C:EB,M39W01
R3901,2,PLAT:LSX:J39B:EB,M39W02
R3901,2,PLAT:LSX:N39C:EB,M39W02
R3901,2,SEC:LSX:J39B_N39C:EB,M39W02
R3901,3,PLAT:LSX:J39B:EB,M39W03
R3901,3,PLAT:LSX:N39C:EB,M39W03
R3901,3,SEC:LSX:J39B_N39C:EB,M39W03
R3902,4,PLAT:LSX:N39C:WB,M39W04
R3902,4,PLAT:LSX:N39D:WB,M39W04
R3902,4,SEC:LSX:N39C_N39D:WB,M39W04
R3902,5,PLAT:LSX:N39C:WB,M39W05
R3902,5,PLAT:LSX:N39D:WB,M39W05
R3902,5,SEC:LSX:N39C_N39D:WB,M39W05
R3903,6,PLAT:LSX:J39A:EB,M39W06
R3903,6,PLAT:LSX:J39B:EB,M39W06
R3903,6,SEC:LSX:J39A_J39B:EB,M39W06
R3904,7,PLAT:LSY:J39B:WB,M39W07
R3904,7,PLAT:LSY:S39C:WB,M39W07
R3904,7,PLAT:LSY:S39D:WB,M39W07
R3904,7,SEC:LSY:J39B_S39C:WB,M39W07
R3904,7,SEC:LSY:S39C_S39D:WB,M39W07
R3904,8,PLAT:LSY:J39B:WB,M39W08
R3904,8,PLAT:LSY:S39C:WB,M39W08
R3904,8,PLAT:LSY:S39D:WB,M39W08
R3904,8,SEC:LSY:J39B_S39C:WB,M39W08
R3904,8,SEC:LSY:S39C_S39D:WB,M39W08
R3905,9,PLAT:LSY:S39C:WB,M39W09
R3905,9,PLAT:LSY:S39D:WB,M39W09
R3905,9,SEC:LSY:S39C_S39D:WB,M39W09
R3906,10,PLAT:LSY:J39A:EB,M39W10
R3906,10,PLAT:LSY:J39B:EB,M39W10
R3906,10,SEC:LSY:J39A_J39B:EB,M39W10
R3906,11,PLAT:LSY:J39A:EB,M39W11
R3906,11,PLAT:LSY:J39B:EB,M39W11
R3906,11,SEC:LSY:J39A_J39B:EB,M39W11
R3907,12,PLAT:LSX:J39B:WB,M39W12
R3907,12,PLAT:LSX:N39C:WB,M39W12
R3907,12,PLAT:LSX:N39D:WB,M39W12
R3907,12,SEC:LSX:J39B_N39C:WB,M39W12
R3907,12,SEC:LSX:N39C_N39D:WB,M39W12
R3907,13,PLAT:LSX:J39B:WB,M39W13
R3907,13,PLAT:LSX:N39C:WB,M39W13
R3907,13,PLAT:LSX:N39D:WB,M39W13
R3907,13,SEC:LSX:J39B_N39C:WB,M39W13
R3907,13,SEC:LSX:N39C_N39D:WB,M39W13
R3908,14,PLAT:LSY:S39C:EB,M39W14
R3908,14,PLAT:LSY:S39D:EB,M39W14
R3908,14,SEC:LSY:S39C_S39D:EB,M39W14
R3909,4,PLAT:LSX:N39C:WB,M39W04
R3909,4,PLAT:LSX:N39D:WB,M39W04
R3909,4,SEC:LSX:N39C_N39D:WB,M39W04
R3909,5,PLAT:LSX:N39C:WB,M39W05
R3909,5,PLAT:LSX:N39D:WB,M39W05
R3909,5,SEC:LSX:N39C_N39D:WB,M39W05
R4001,1,PLAT:LSX:J40B:EB,M40W01
R4001,1,PLAT:LSX:N40C:EB,M40W01
R4001,1,SEC:LSX:J40B_N40C:EB,M40W01
R4001,2,PLAT:LSX:J40B:EB,M40W02
R4001,2,PLAT:LSX:N40C:EB,M40W02
R4001,2,SEC:LSX:J40B_N40C:EB,M40W02
R4001,3,PLAT:LSX:J40B:EB,M40W03
R4001,3,PLAT:LSX:N40C:EB,M40W03
R4001,3,SEC:LSX:J40B_N40C:EB,M40W03
R4002,4,PLAT:LSX:N40C:WB,M40W04
R4002,4,PLAT:LSX:N40D:WB,M40W04
R4002,4,SEC:LSX:N40C_N40D:WB,M40W04
R4002,5,PLAT:LSX:N40C:WB,M40W05
R4002,5,PLAT:LSX:N40D:WB,M40W05
R4002,5,SEC:LSX:N40C_N40D:WB,M40W05
R4003,6,PLAT:LSX:J40A:EB,M40W06
R4003,6,PLAT:LSX:J40B:EB,M40W06
R4003,6,SEC:LSX:J40A_J40B:EB,M40W06
R4004,7,PLAT:LSY:J40B:WB,M40W07
R4004,7,PLAT:LSY:S40C:WB,M40W07
R4004,7,PLAT:LSY:S40D:WB,M40W07
R4004,7,SEC:LSY:J40B_S40C:WB,M40W07
R4004,7,SEC:LSY:S40C_S40D:WB,M40W07
R4004,8,PLAT:LSY:J40B:WB,M40W08
R4004,8,PLAT:LSY:S40C:WB,M40W08
R4004,8,PLAT:LSY:S40D:WB,M40W08
R4004,8,SEC:LSY:J40B_S40C:WB,M40W08
R4004,8,SEC:LSY:S40C_S40D:WB,M40W08
R4005,9,PLAT:LSY:S40C:WB,M40W09
R4005,9,PLAT:LSY:S40D:WB,M40W09
R4005,9,SEC:LSY:S40C_S40D:WB,M40W09
R4006,10,PLAT:LSY:J40A:EB,M40W10
R4006,10,PLAT:LSY:J40B:EB,M40W10
R4006,10,SEC:LSY:J40A_J40B:EB,M40W10
R4006,11,PLAT:LSY:J40A:EB,M40W11
R4006,11,PLAT:LSY:J40B:EB,M40W11
R4006,11,SEC:LSY:J40A_J40B:EB,M40W11
R4007,12,PLAT:LSX:J40B:WB,M40W12
R4007,12,PLAT:LSX:N40C:WB,M40W12
R4007,12,PLAT:LSX:N40D:WB,M40W12
R4007,12,SEC:LSX:J40B_N40C:WB,M40W12
R4007,12,SEC:LSX:N40C_N40D:WB,M40W12
R4007,13,PLAT:LSX:J40B:WB,M40W13
R4007,13,PLAT:LSX:N40C:WB,M40W13
R4007,13,PLAT:LSX:N40D:WB,M40W13
R4007,13,SEC:LSX:J40B_N40C:WB,M40W13
R4007,13,SEC:LSX:N40C_N40D:WB,M40W13
R4008,14,PLAT:LSY:S40C:EB,M40W14
R4008,14,PLAT:LSY:S40D:EB,M40W14
R4008,14,SEC:LSY:S40C_S40D:EB,M40W14
R4009,4,PLAT:LSX:N40C:WB,M40W04
R4009,4,PLAT:LSX:N40D:WB,M40W04
R4009,4,SEC:LSX:N40C_N40D:WB,M40W04
R4009,5,PLAT:LSX:N40C:WB,M40W05
R4009,5,PLAT:LSX:N40D:WB,M40W05
R4009,5,SEC:LSX:N40C_N40D:WB,M40W05
R4101,1,PLAT:LSX:J41B:EB,M41W01
R4101,1,PLAT:LSX:N41C:EB,M41W01
R4101,1,SEC:LSX:J41B_N41C:EB,M41W01
R4101,2,PLAT:LSX:J41B:EB,M41W02
R4101,2,PLAT:LSX:N41C:EB,M41W02
R4101,2,SEC:LSX:J41B_N41C:EB,M41W02
R4101,3,PLAT:LSX:J41B:EB,M41W03
R4101,3,PLAT:LSX:N41C:EB,M41W03
R4101,3,SEC:LSX:J41B_N41C:EB,M41W03
R4102,4,PLAT:LSX:N41C:WB,M41W04
R4102,4,PLAT:LSX:N41D:WB,M41W04
R4102,4,SEC:LSX:N41C_N41D:WB,M41W04
R4102,5,PLAT:LSX:N41C:WB,M41W05
R4102,5,PLAT:LSX:N41D:WB,M41W05
R4102,5,SEC:LSX:N41C_N41D:WB,M41W05
R4103,6,PLAT:LSX:J41A:EB,M41W06
R4103,6,PLAT:LSX:J41B:EB,M41W06
R4103,6,SEC:LSX:J41A_J41B:EB,M41W06
R4104,7,PLAT:LSY:J41B:WB,M41W07
R4104,7,PLAT:LSY:S41C:WB,M41W07
R4104,7,PLAT:LSY:S41D:WB,M41W07
R4104,7,SEC:LSY:J41B_S41C:WB,M41W07
R4104,7,SEC:LSY:S41C_S41D:WB,M41W07
R4104,8,PLAT:LSY:J41B:WB,M41W08
R4104,8,PLAT:LSY:S41C:WB,M41W08
R4104,8,PLAT:LSY:S41D:WB,M41W08
R4104,8,SEC:LSY:J41B_S41C:WB,M41W08
R4104,8,SEC:LSY:S41C_S41D:WB,M41W08
R4105,9,PLAT:LSY:S41C:WB,M41W09
R4105,9,PLAT:LSY:S41D:WB,M41W09
R4105,9,SEC:LSY:S41C_S41D:WB,M41W09
R4106,10,PLAT:LSY:J41A:EB,M41W10
R4106,10,PLAT:LSY:J41B:EB,M41W10
R4106,10,SEC:LSY:J41A_J41B:EB,M41W10
R4106,11,PLAT:LSY:J41A:EB,M41W11
R4106,11,PLAT:LSY:J41B:EB,M41W11
R4106,11,SEC:LSY:J41A_J41B:EB,M41W11
R4107,12,PLAT:LSX:J41B:WB,M41W12
R4107,12,PLAT:LSX:N41C:WB,M41W12
R4107,12,PLAT:LSX:N41D:WB,M41W12
R4107,12,SEC:LSX:J41B_N41C:WB,M41W12
R4107,12,SEC:LSX:N41C_N41D:WB,M41W12
R4107,13,PLAT:LSX:J41B:WB,M41W13
R4107,13,PLAT:LSX:N41C:WB,M41W13
R4107,13,PLAT:LSX:N41D:WB,M41W13
R4107,13,SEC:LSX:J41B_N41C:WB,M41W13
R4107,13,SEC:LSX:N41C_N41D:WB,M41W13
R4108,14,PLAT:LSY:S41C:EB,M41W14
R4108,14,PLAT:LSY:S41D:EB,M41W14
R4108,14,SEC:LSY:S41C_S41D:EB,M41W14
R4109,4,PLAT:LSX:N41C:WB,M41W04
R4109,4,PLAT:LSX:N41D:WB,M41W04
R4109,4,SEC:LSX:N41C_N41D:WB,M41W04
R4109,5,PLAT:LSX:N41C:WB,M41W05
R4109,5,PLAT:LSX:N41D:WB,M41W05
R4109,5,SEC:LSX:N41C_N41D:WB,M41W05
R4201,1,PLAT:LSX:J42B:EB,M42W01
R4201,1,PLAT:LSX:N42C:EB,M42W01
R4201,1,SEC:LSX:J42B_N42C:EB,M42W01
R4201,2,PLAT:LSX:J42B:EB,M42W02
R4201,2,PLAT:LSX:N42C:EB,M42W02
R4201,2,SEC:LSX:J42B_N42C:EB,M42W02
R4201,3,PLAT:LSX:J42B:EB,M42W03
R4201,3,PLAT:LSX:N42C:EB,M42W03
R4201,3,SEC:LSX:J42B_N42C:EB,M42W03
R4202,4,PLAT:LSX:N42C:WB,M42W04
R4202,4,PLAT:LSX:N42D:WB,M42W04
R4202,4,SEC:LSX:N42C_N42D:WB,M42W04
R4202,5,PLAT:LSX:N42C:WB,M42W05
R4202,5,PLAT:LSX:N42D:WB,M42W05
R4202,5,SEC:LSX:N42C_N42D:WB,M42W05
R4203,6,PLAT:LSX:J42A:EB,M42W06
R4203,6,PLAT:LSX:J42B:EB,M42W06
R4203,6,SEC:LSX:J42A_J42B:EB,M42W06
R4204,7,PLAT:LSY:J42B:WB,M42W07
R4204,7,PLAT:LSY:S42C:WB,M42W07
R4204,7,PLAT:LSY:S42D:WB,M42W07
R4204,7,SEC:LSY:J42B_S42C:WB,M42W07
R4204,7,SEC:LSY:S42C_S42D:WB,M42W07
R4204,8,PLAT:LSY:J42B:WB,M42W08
R4204,8,PLAT:LSY:S42C:WB,M42W08
R4204,8,PLAT:LSY:S42D:WB,M42W08
R4204,8,SEC:LSY:J42B_S42C:WB,M42W08
R4204,8,SEC:LSY:S42C_S42D:WB,M42W08
R4205,9,PLAT:LSY:S42C:WB,M42W09
R4205,9,PLAT:LSY:S42D:WB,M42W09
R4205,9,SEC:LSY:S42C_S42D:WB,M42W09
R4206,10,PLAT:LSY:J42A:EB,M42W10
R4206,10,PLAT:LSY:J42B:EB,M42W10
R4206,10,SEC:LSY:J42A_J42B:EB,M42W10
R4206,11,PLAT:LSY:J42A:EB,M42W11
R4206,11,PLAT:LSY:J42B:EB,M42W11
R4206,11,SEC:LSY:J42A_J42B:EB,M42W11
R4207,12,PLAT:LSX:J42B:WB,M42W12
R4207,12,PLAT:LSX:N42C:WB,M42W12
R4207,12,PLAT:LSX:N42D:WB,M42W12
R4207,12,SEC:LSX:J42B_N42C:WB,M42W12
R4207,12,SEC:LSX:N42C_N42D:WB,M42W12
R4207,13,PLAT:LSX:J42B:WB,M42W13
R4207,13,PLAT:LSX:N42C:WB,M42W13
R4207,13,PLAT:LSX:N42D:WB,M42W13
R4207,13,SEC:LSX:J42B_N42C:WB,M42W13
R4207,13,SEC:LSX:N42C_N42D:WB,M42W13
R4208,14,PLAT:LSY:S42C:EB,M42W14
R4208,14,PLAT:LSY:S42D:EB,M42W14
R4208,14,SEC:LSY:S42C_S42D:EB,M42W14
R4209,4,PLAT:LSX:N42C:WB,M42W04
R4209,4,PLAT:LSX:N42D:WB,M42W04
R4209,4,SEC:LSX:N42C_N42D:WB,M42W04
R4209,5,PLAT:LSX:N42C:WB,M42W05
R4209,5,PLAT:LSX:N42D:WB,M42W05
R4209,5,SEC:LSX:N42C_N42D:WB,M42W05
R4301,1,PLAT:LSX:J43B:EB,M43W01
R4301,1,PLAT:LSX:N43C:EB,M43W01
R4301,1,SEC:LSX:J43B_N43C:EB,M43W01
R4301,2,PLAT:LSX:J43B:EB,M43W02
R4301,2,PLAT:LSX:N43C:EB,M43W02
R4301,2,SEC:LSX:J43B_N43C:EB,M43W02
R4301,3,PLAT:LSX:J43B:EB,M43W03
R4301,3,PLAT:LSX:N43C:EB,M43W03
R4301,3,SEC:LSX:J43B_N43C:EB,M43W03
R4302,4,PLAT:LSX:N43C:WB,M43W04
R4302,4,PLAT:LSX:N43D:WB,M43W04
R4302,4,SEC:LSX:N43C_N43D:WB,M43W04
R4302,5,PLAT:LSX:N43C:WB,M43W05
R4302,5,PLAT:LSX:N43D:WB,M43W05
R4302,5,SEC:LSX:N43C_N43D:WB,M43W05
R4303,6,PLAT:LSX:J43A:EB,M43W06
R4303,6,PLAT:LSX:J43B:EB,M43W06
R4303,6,SEC:LSX:J43A_J43B:EB,M43W06
R4304,7,PLAT:LSY:J43B:WB,M43W07
R4304,7,PLAT:LSY:S43C:WB,M43W07
R4304,7,PLAT:LSY:S43D:WB,M43W07
R4304,7,SEC:LSY:J43B_S43C:WB,M43W07
R4304,7,SEC:LSY:S43C_S43D:WB,M43W07
R4304,8,PLAT:LSY:J43B:WB,M43W08
R4304,8,PLAT:LSY:S43C:WB,M43W08
R4304,8,PLAT:LSY:S43D:WB,M43W08
R4304,8,SEC:LSY:J43B_S43C:WB,M43W08
R4304,8,SEC:LSY:S43C_S43D:WB,M43W08
R4305,9,PLAT:LSY:S43C:WB,M43W09
R4305,9,PLAT:LSY:S43D:WB,M43W09
R4305,9,SEC:LSY:S43C_S43D:WB,M43W09
R4306,10,PLAT:LSY:J43A:EB,M43W10
R4306,10,PLAT:LSY:J43B:EB,M43W10
R4306,10,SEC:LSY:J43A_J43B:EB,M43W10
R4306,11,PLAT:LSY:J43A:EB,M43W11
R4306,11,PLAT:LSY:J43B:EB,M43W11
R4306,11,SEC:LSY:J43A_J43B:EB,M43W11
R4307,12,PLAT:LSX:J43B:WB,M43W12
R4307,12,PLAT:LSX:N43C:WB,M43W12
R4307,12,PLAT:LSX:N43D:WB,M43W12
R4307,12,SEC:LSX:J43B_N43C:WB,M43W12
R4307,12,SEC:LSX:N43C_N43D:WB,M43W12
R4307,13,PLAT:LSX:J43B:WB,M43W13
R4307,13,PLAT:LSX:N43C:WB,M43W13
R4307,13,PLAT:LSX:N43D:WB,M43W13
R4307,13,SEC:LSX:J43B_N43C:WB,M43W13
R4307,13,SEC:LSX:N43C_N43D:WB,M43W13
R4308,14,PLAT:LSY:S43C:EB,M43W14
R4308,14,PLAT:LSY:S43D:EB,M43W14
R4308,14,SEC:LSY:S43C_S43D:EB,M43W14
R4309,4,PLAT:LSX:N43C:WB,M43W04
R4309,4,PLAT:LSX:N43D:WB,M43W04
R4309,4,SEC:LSX:N43C_N43D:WB,M43W04
R4309,5,PLAT:LSX:N43C:WB,M43W05
R4309,5,PLAT:LSX:N43D:WB,M43W05
R4309,5,SEC:LSX:N43C_N43D:WB,M43W05
R4401,1,PLAT:LSX:J44B:EB,M44W01
R4401,1,PLAT:LSX:N44C:EB,M44W01
R4401,1,SEC:LSX:J44B_N44C:EB,M44W01
R4401,2,PLAT:LSX:J44B:EB,M44W02
R4401,2,PLAT:LSX:N44C:EB,M44W02
R4401,2,SEC:LSX:J44B_N44C:EB,M44W02
R4401,3,PLAT:LSX:J44B:EB,M44W03
R4401,3,PLAT:LSX:N44C:EB,M44W03
R4401,3,SEC:LSX:J44B_N44C:EB,M44W03
R4402,4,PLAT:LSX:N44C:WB,M44W04
R4402,4,PLAT:LSX:N44D:WB,M44W04
R4402,4,SEC:LSX:N44C_N44D:WB,M44W04
R4402,5,PLAT:LSX:N44C:WB,M44W05
R4402,5,PLAT:LSX:N44D:WB,M44W05
R4402,5,SEC:LSX:N44C_N44D:WB,M44W05
R4403,6,PLAT:LSX:J44A:EB,M44W06
R4403,6,PLAT:LSX:J44B:EB,M44W06
R4403,6,SEC:LSX:J44A_J44B:EB,M44W06
R4404,7,PLAT:LSY:J44B:WB,M44W07
R4404,7,PLAT:LSY:S44C:WB,M44W07
R4404,7,PLAT:LSY:S44D:WB,M44W07
R4404,7,SEC:LSY:J44B_S44C:WB,M44W07
R4404,7,SEC:LSY:S44C_S44D:WB,M44W07
R4404,8,PLAT:LSY:J44B:WB,M44W08
R4404,8,PLAT:LSY:S44C:WB,M44W08
R4404,8,PLAT:LSY:S44D:WB,M44W08
R4404,8,SEC:LSY:J44B_S44C:WB,M44W08
R4404,8,SEC:LSY:S44C_S44D:WB,M44W08
R4405,9,PLAT:LSY:S44C:WB,M44W09
R4405,9,PLAT:LSY:S44D:WB,M44W09
R4405,9,SEC:LSY:S44C_S44D:WB,M44W09
R4406,10,PLAT:LSY:J44A:EB,M44W10
R4406,10,PLAT:LSY:J44B:EB,M44W10
R4406,10,SEC:LSY:J44A_J44B:EB,M44W10
R4406,11,PLAT:LSY:J44A:EB,M44W11
R4406,11,PLAT:LSY:J44B:EB,M44W11
R4406,11,SEC:LSY:J44A_J44B:EB,M44W11
R4407,12,PLAT:LSX:J44B:WB,M44W12
R4407,12,PLAT:LSX:N44C:WB,M44W12
R4407,12,PLAT:LSX:N44D:WB,M44W12
R4407,12,SEC:LSX:J44B_N44C:WB,M44W12
R4407,12,SEC:LSX:N44C_N44D:WB,M44W12
R4407,13,PLAT:LSX:J44B:WB,M44W13
R4407,13,PLAT:LSX:N44C:WB,M44W13
R4407,13,PLAT:LSX:N44D:WB,M44W13
R4407,13,SEC:LSX:J44B_N44C:WB,M44W13
R4407,13,SEC:LSX:N44C_N44D:WB,M44W13
R4408,14,PLAT:LSY:S44C:EB,M44W14
R4408,14,PLAT:LSY:S44D:EB,M44W14
R4408,14,SEC:LSY:S44C_S44D:EB,M44W14
R4409,4,PLAT:LSX:N44C:WB,M44W04
R4409,4,PLAT:LSX:N44D:WB,M44W04
R4409,4,SEC:LSX:N44C_N44D:WB,M44W04
R4409,5,PLAT:LSX:N44C:WB,M44W05
R4409,5,PLAT:LSX:N44D:WB,M44W05
R4409,5,SEC:LSX:N44C_N44D:WB,M44W05
R4501,1,PLAT:LSX:J45B:EB,M45W01
R4501,1,PLAT:LSX:N45C:EB,M45W01
R4501,1,SEC:LSX:J45B_N45C:EB,M45W01
R4501,2,PLAT:LSX:J45B:EB,M45W02
R4501,2,PLAT:LSX:N45C:EB,M45W02
R4501,2,SEC:LSX:J45B_N45C:EB,M45W02
R4501,3,PLAT:LSX:J45B:EB,M45W03
R4501,3,PLAT:LSX:N45C:EB,M45W03
R4501,3,SEC:LSX:J45B_N45C:EB,M45W03
R4502,4,PLAT:LSX:N45C:WB,M45W04
R4502,4,PLAT:LSX:N45D:WB,M45W04
R4502,4,SEC:LSX:N45C_N45D:WB,M45W04
R4502,5,PLAT:LSX:N45C:WB,M45W05
R4502,5,PLAT:LSX:N45D:WB,M45W05
R4502,5,SEC:LSX:N45C_N45D:WB,M45W05
R4503,6,PLAT:LSX:J45A:EB,M45W06
R4503,6,PLAT:LSX:J45B:EB,M45W06
R4503,6,SEC:LSX:J45A_J45B:EB,M45W06
R4504,7,PLAT:LSY:J45B:WB,M45W07
R4504,7,PLAT:LSY:S45C:WB,M45W07
R4504,7,PLAT:LSY:S45D:WB,M45W07
R4504,7,SEC:LSY:J45B_S45C:WB,M45W07
R4504,7,SEC:LSY:S45C_S45D:WB,M45W07
R4504,8,PLAT:LSY:J45B:WB,M45W08
R4504,8,PLAT:LSY:S45C:WB,M45W08
R4504,8,PLAT:LSY:S45D:WB,M45W08
R4504,8,SEC:LSY:J45B_S45C:WB,M45W08
R4504,8,SEC:LSY:S45C_S45D:WB,M45W08
R4505,9,PLAT:LSY:S45C:WB,M45W09
R4505,9,PLAT:LSY:S45D:WB,M45W09
R4505,9,SEC:LSY:S45C_S45D:WB,M45W09
R4506,10,PLAT:LSY:J45A:EB,M45W10
R4506,10,PLAT:LSY:J45B:EB,M45W10
R4506,10,SEC:LSY:J45A_J45B:EB,M45W10
R4506,11,PLAT:LSY:J45A:EB,M45W11
R4506,11,PLAT:LSY:J45B:EB,M45W11
R4506,11,SEC:LSY:J45A_J45B:EB,M45W11
R4507,12,PLAT:LSX:J45B:WB,M45W12
R4507,12,PLAT:LSX:N45C:WB,M45W12
R4507,12,PLAT:LSX:N45D:WB,M45W12
R4507,12,SEC:LSX:J45B_N45C:WB,M45W12
R4507,12,SEC:LSX:N45C_N45D:WB,M45W12
R4507,13,PLAT:LSX:J45B:WB,M45W13
R4507,13,PLAT:LSX:N45C:WB,M45W13
R4507,13,PLAT:LSX:N45D:WB,M45W13
R4507,13,SEC:LSX:J45B_N45C:WB,M45W13
R4507,13,SEC:LSX:N45C_N45D:WB,M45W13
R4508,14,PLAT:LSY:S45C:EB,M45W14
R4508,14,PLAT:LSY:S45D:EB,M45W14
R4508,14,SEC:LSY:S45C_S45D:EB,M45W14
R4509,4,PLAT:LSX:N45C:WB,M45W04
R4509,4,PLAT:LSX:N45D:WB,M45W04
R4509,4,SEC:LSX:N45C_N45D:WB,M45W04
R4509,5,PLAT:LSX:N45C:WB,M45W05
R4509,5,PLAT:LSX:N45D:WB,M45W05
R4509,5,SEC:LSX:N45C_N45D:WB,M45W05
R4601,1,PLAT:LSX:J46B:EB,M46W01
R4601,1,PLAT:LSX:N46C:EB,M46W01
R4601,1,SEC:LSX:J46B_N46C:EB,M46W01
R4601,2,PLAT:LSX:J46B:EB,M46W02
R4601,2,PLAT:LSX:N46C:EB,M46W02
R4601,2,SEC:LSX:J46B_N46C:EB,M46W02
R4601,3,PLAT:LSX:J46B:EB,M46W03
R4601,3,PLAT:LSX:N46C:EB,M46W03
R4601,3,SEC:LSX:J46B_N46C:EB,M46W03
R4602,4,PLAT:LSX:N46C:WB,M46W04
R4602,4,PLAT:LSX:N46D:WB,M46W04
R4602,4,SEC:LSX:N46C_N46D:WB,M46W04
R4602,5,PLAT:LSX:N46C:WB,M46W05
R4602,5,PLAT:LSX:N46D:WB,M46W05
R4602,5,SEC:LSX:N46C_N46D:WB,M46W05
R4603,6,PLAT:LSX:J46A:EB,M46W06
R4603,6,PLAT:LSX:J46B:EB,M46W06
R4603,6,SEC:LSX:J46A_J46B:EB,M46W06
R4604,7,PLAT:LSY:J46B:WB,M46W07
R4604,7,PLAT:LSY:S46C:WB,M46W07
R4604,7,PLAT:LSY:S46D:WB,M46W07
R4604,7,SEC:LSY:J46B_S46C:WB,M46W07
R4604,7,SEC:LSY:S46C_S46D:WB,M46W07
R4604,8,PLAT:LSY:J46B:WB,M46W08
R4604,8,PLAT:LSY:S46C:WB,M46W08
R4604,8,PLAT:LSY:S46D:WB,M46W08
R4604,8,SEC:LSY:J46B_S46C:WB,M46W08
R4604,8,SEC:LSY:S46C_S46D:WB,M46W08
R4605,9,PLAT:LSY:S46C:WB,M46W09
R4605,9,PLAT:LSY:S46D:WB,M46W09
R4605,9,SEC:LSY:S46C_S46D:WB,M46W09
R4606,10,PLAT:LSY:J46A:EB,M46W10
R4606,10,PLAT:LSY:J46B:EB,M46W10
R4606,10,SEC:LSY:J46A_J46B:EB,M46W10
R4606,11,PLAT:LSY:J46A:EB,M46W11
R4606,11,PLAT:LSY:J46B:EB,M46W11
R4606,11,SEC:LSY:J46A_J46B:EB,M46W11
R4607,12,PLAT:LSX:J46B:WB,M46W12
R4607,12,PLAT:LSX:N46C:WB,M46W12
R4607,12,PLAT:LSX:N46D:WB,M46W12
R4607,12,SEC:LSX:J46B_N46C:WB,M46W12
R4607,12,SEC:LSX:N46C_N46D:WB,M46W12
R4607,13,PLAT:LSX:J46B:WB,M46W13
R4607,13,PLAT:LSX:N46C:WB,M46W13
R4607,13,PLAT:LSX:N46D:WB,M46W13
R4607,13,SEC:LSX:J46B_N46C:WB,M46W13
R4607,13,SEC:LSX:N46C_N46D:WB,M46W13
R4608,14,PLAT:LSY:S46C:EB,M46W14
R4608,14,PLAT:LSY:S46D:EB,M46W14
R4608,14,SEC:LSY:S46C_S46D:EB,M46W14
R4609,4,PLAT:LSX:N46C:WB,M46W04
R4609,4,PLAT:LSX:N46D:WB,M46W04
R4609,4,SEC:LSX:N46C_N46D:WB,M46W04
R4609,5,PLAT:LSX:N46C:WB,M46W05
R4609,5,PLAT:LSX:N46D:WB,M46W05
R4609,5,SEC:LSX:N46C_N46D:WB,M46W05
R4701,1,PLAT:LSX:J47B:EB,M47W01
R4701,1,PLAT:LSX:N47C:EB,M47W01
R4701,1,SEC:LSX:J47B_N47C:EB,M47W01
R4701,2,PLAT:LSX:J47B:EB,M47W02
R4701,2,PLAT:LSX:N47C:EB,M47W02
R4701,2,SEC:LSX:J47B_N47C:EB,M47W02
R4701,3,PLAT:LSX:J47B:EB,M47W03
R4701,3,PLAT:LSX:N47C:EB,M47W03
R4701,3,SEC:LSX:J47B_N47C:EB,M47W03
R4702,4,PLAT:LSX:N47C:WB,M47W04
R4702,4,PLAT:LSX:N47D:WB,M47W04
R4702,4,SEC:LSX:N47C_N47D:WB,M47W04
R4702,5,PLAT:LSX:N47C:WB,M47W05
R4702,5,PLAT:LSX:N47D:WB,M47W05
R4702,5,SEC:LSX:N47C_N47D:WB,M47W05
R4703,6,PLAT:LSX:J47A:EB,M47W06
R4703,6,PLAT:LSX:J47B:EB,M47W06
R4703,6,SEC:LSX:J47A_J47B:EB,M47W06
R4704,7,PLAT:LSY:J47B:WB,M47W07
R4704,7,PLAT:LSY:S47C:WB,M47W07
R4704,7,PLAT:LSY:S47D:WB,M47W07
R4704,7,SEC:LSY:J47B_S47C:WB,M47W07
R4704,7,SEC:LSY:S47C_S47D:WB,M47W07
R4704,8,PLAT:LSY:J47B:WB,M47W08
R4704,8,PLAT:LSY:S47C:WB,M47W08
R4704,8,PLAT:LSY:S47D:WB,M47W08
R4704,8,SEC:LSY:J47B_S47C:WB,M47W08
R4704,8,SEC:LSY:S47C_S47D:WB,M47W08
R4705,9,PLAT:LSY:S47C:WB,M47W09
R4705,9,PLAT:LSY:S47D:WB,M47W09
R4705,9,SEC:LSY:S47C_S47D:WB,M47W09
R4706,10,PLAT:LSY:J47A:EB,M47W10
R4706,10,PLAT:LSY:J47B:EB,M47W10
R4706,10,SEC:LSY:J47A_J47B:EB,M47W10
R4706,11,PLAT:LSY:J47A:EB,M47W11
R4706,11,PLAT:LSY:J47B:EB,M47W11
R4706,11,SEC:LSY:J47A_J47B:EB,M47W11
R4707,12,PLAT:LSX:J47B:WB,M47W12
R4707,12,PLAT:LSX:N47C:WB,M47W12
R4707,12,PLAT:LSX:N47D:WB,M47W12
R4707,12,SEC:LSX:J47B_N47C:WB,M47W12
R4707,12,SEC:LSX:N47C_N47D:WB,M47W12
R4707,13,PLAT:LSX:J47B:WB,M47W13
R4707,13,PLAT:LSX:N47C:WB,M47W13
R4707,13,PLAT:LSX:N47D:WB,M47W13
R4707,13,SEC:LSX:J47B_N47C:WB,M47W13
R4707,13,SEC:LSX:N47C_N47D:WB,M47W13
R4708,14,PLAT:LSY:S47C:EB,M47W14
R4708,14,PLAT:LSY:S47D:EB,M47W14
R4708,14,SEC:LSY:S47C_S47D:EB,M47W14
R4709,4,PLAT:LSX:N47C:WB,M47W04
R4709,4,PLAT:LSX:N47D:WB,M47W04
R4709,4,SEC:LSX:N47C_N47D:WB,M47W04
R4709,5,PLAT:LSX:N47C:WB,M47W05
R4709,5,PLAT:LSX:N47D:WB,M47W05
R4709,5,SEC:LSX:N47C_N47D:WB,M47W05
R4801,1,PLAT:LSX:J48B:EB,M48W01
R4801,1,PLAT:LSX:N48C:EB,M48W01
R4801,1,SEC:LSX:J48B_N48C:EB,M48W01
R4801,2,PLAT:LSX:J48B:EB,M48W02
R4801,2,PLAT:LSX:N48C:EB,M48W02
R4801,2,SEC:LSX:J48B_N48C:EB,M48W02
R4801,3,PLAT:LSX:J48B:EB,M48W03
R4801,3,PLAT:LSX:N48C:EB,M48W03
R4801,3,SEC:LSX:J48B_N48C:EB,M48W03
R4802,4,PLAT:LSX:N48C:WB,M48W04
R4802,4,PLAT:LSX:N48D:WB,M48W04
R4802,4,SEC:LSX:N48C_N48D:WB,M48W04
R4802,5,PLAT:LSX:N48C:WB,M48W05
R4802,5,PLAT:LSX:N48D:WB,M48W05
R4802,5,SEC:LSX:N48C_N48D:WB,M48W05
R4803,6,PLAT:LSX:J48A:EB,M48W06
R4803,6,PLAT:LSX:J48B:EB,M48W06
R4803,6,SEC:LSX:J48A_J48B:EB,M48W06
R4804,7,PLAT:LSY:J48B:WB,M48W07
R4804,7,PLAT:LSY:S48C:WB,M48W07
R4804,7,PLAT:LSY:S48D:WB,M48W07
R4804,7,SEC:LSY:J48B_S48C:WB,M48W07
R4804,7,SEC:LSY:S48C_S48D:WB,M48W07
R4804,8,PLAT:LSY:J48B:WB,M48W08
R4804,8,PLAT:LSY:S48C:WB,M48W08
R4804,8,PLAT:LSY:S48D:WB,M48W08
R4804,8,SEC:LSY:J48B_S48C:WB,M48W08
R4804,8,SEC:LSY:S48C_S48D:WB,M48W08
R4805,9,PLAT:LSY:S48C:WB,M48W09
R4805,9,PLAT:LSY:S48D:WB,M48W09
R4805,9,SEC:LSY:S48C_S48D:WB,M48W09
R4806,10,PLAT:LSY:J48A:EB,M48W10
R4806,10,PLAT:LSY:J48B:EB,M48W10
R4806,10,SEC:LSY:J48A_J48B:EB,M48W10
R4806,11,PLAT:LSY:J48A:EB,M48W11
R4806,11,PLAT:LSY:J48B:EB,M48W11
R4806,11,SEC:LSY:J48A_J48B:EB,M48W11
R4807,12,PLAT:LSX:J48B:WB,M48W12
R4807,12,PLAT:LSX:N48C:WB,M48W12
R4807,12,PLAT:LSX:N48D:WB,M48W12
R4807,12,SEC:LSX:J48B_N48C:WB,M48W12
R4807,12,SEC:LSX:N48C_N48D:WB,M48W12
R4807,13,PLAT:LSX:J48B:WB,M48W13
R4807,13,PLAT:LSX:N48C:WB,M48W13
R4807,13,PLAT:LSX:N48D:WB,M48W13
R4807,13,SEC:LSX:J48B_N48C:WB,M48W13
R4807,13,SEC:LSX:N48C_N48D:WB,M48W13
R4808,14,PLAT:LSY:S48C:EB,M48W14
R4808,14,PLAT:LSY:S48D:EB,M48W14
R4808,14,SEC:LSY:S48C_S48D:EB,M48W14
R4809,4,PLAT:LSX:N48C:WB,M48W04
R4809,4,PLAT:LSX:N48D:WB,M48W04
R4809,4,SEC:LSX:N48C_N48D:WB,M48W04
R4809,5,PLAT:LSX:N48C:WB,M48W05
R4809,5,PLAT:LSX:N48D:WB,M48W05
R4809,5,SEC:LSX:N48C_N48D:WB,M48W05
R4901,1,PLAT:LSX:J49B:EB,M49W01
R4901,1,PLAT:LSX:N49C:EB,M49W01
R4901,1,SEC:LSX:J49B_N49C:EB,M49W01
R4901,2,PLAT:LSX:J49B:EB,M49W02
R4901,2,PLAT:LSX:N49C:EB,M49W02
R4901,2,SEC:LSX:J49B_N49C:EB,M49W02
R4901,3,PLAT:LSX:J49B:EB,M49W03
R4901,3,PLAT:LSX:N49C:EB,M49W03
R4901,3,SEC:LSX:J49B_N49C:EB,M49W03
R4902,4,PLAT:LSX:N49C:WB,M49W04
R4902,4,PLAT:LSX:N49D:WB,M49W04
R4902,4,SEC:LSX:N49C_N49D:WB,M49W04
R4902,5,PLAT:LSX:N49C:WB,M49W05
R4902,5,PLAT:LSX:N49D:WB,M49W05
R4902,5,SEC:LSX:N49C_N49D:WB,M49W05
R4903,6,PLAT:LSX:J49A:EB,M49W06
R4903,6,PLAT:LSX:J49B:EB,M49W06
R4903,6,SEC:LSX:J49A_J49B:EB,M49W06
R4904,7,PLAT:LSY:J49B:WB,M49W07
R4904,7,PLAT:LSY:S49C:WB,M49W07
R4904,7,PLAT:LSY:S49D:WB,M49W07
R4904,7,SEC:LSY:J49B_S49C:WB,M49W07
R4904,7,SEC:LSY:S49C_S49D:WB,M49W07
R4904,8,PLAT:LSY:J49B:WB,M49W08
R4904,8,PLAT:LSY:S49C:WB,M49W08
R4904,8,PLAT:LSY:S49D:WB,M49W08
R4904,8,SEC:LSY:J49B_S49C:WB,M49W08
R4904,8,SEC:LSY:S49C_S49D:WB,M49W08
R4905,9,PLAT:LSY:S49C:WB,M49W09
R4905,9,PLAT:LSY:S49D:WB,M49W09
R4905,9,SEC:LSY:S49C_S49D:WB,M49W09
R4906,10,PLAT:LSY:J49A:EB,M49W10
R4906,10,PLAT:LSY:J49B:EB,M49W10
R4906,10,SEC:LSY:J49A_J49B:EB,M49W10
R4906,11,PLAT:LSY:J49A:EB,M49W11
R4906,11,PLAT:LSY:J49B:EB,M49W11
R4906,11,SEC:LSY:J49A_J49B:EB,M49W11
R4907,12,PLAT:LSX:J49B:WB,M49W12
R4907,12,PLAT:LSX:N49C:WB,M49W12
R4907,12,PLAT:LSX:N49D:WB,M49W12
R4907,12,SEC:LSX:J49B_N49C:WB,M49W12
R4907,12,SEC:LSX:N49C_N49D:WB,M49W12
R4907,13,PLAT:LSX:J49B:WB,M49W13
R4907,13,PLAT:LSX:N49C:WB,M49W13
R4907,13,PLAT:LSX:N49D:WB,M49W13
R4907,13,SEC:LSX:J49B_N49C:WB,M49W13
R4907,13,SEC:LSX:N49C_N49D:WB,M49W13
R4908,14,PLAT:LSY:S49C:EB,M49W14
R4908,14,PLAT:LSY:S49D:EB,M49W14
R4908,14,SEC:LSY:S49C_S49D:EB,M49W14
R4909,4,PLAT:LSX:N49C:WB,M49W04
R4909,4,PLAT:LSX:N49D:WB,M49W04
R4909,4,SEC:LSX:N49C_N49D:WB,M49W04
R4909,5,PLAT:LSX:N49C:WB,M49W05
R4909,5,PLAT:LSX:N49D:WB,M49W05
R4909,5,SEC:LSX:N49C_N49D:WB,M49W05
R5001,1,PLAT:LSX:J50B:EB,M50W01
R5001,1,PLAT:LSX:N50C:EB,M50W01
R5001,1,SEC:LSX:J50B_N50C:EB,M50W01
R5001,2,PLAT:LSX:J50B:EB,M50W02
R5001,2,PLAT:LSX:N50C:EB,M50W02
R5001,2,SEC:LSX:J50B_N50C:EB,M50W02
R5001,3,PLAT:LSX:J50B:EB,M50W03
R5001,3,PLAT:LSX:N50C:EB,M50W03
R5001,3,SEC:LSX:J50B_N50C:EB,M50W03
R5002,4,PLAT:LSX:N50C:WB,M50W04
R5002,4,PLAT:LSX:N50D:WB,M50W04
R5002,4,SEC:LSX:N50C_N50D:WB,M50W04
R5002,5,PLAT:LSX:N50C:WB,M50W05
R5002,5,PLAT:LSX:N50D:WB,M50W05
R5002,5,SEC:LSX:N50C_N50D:WB,M50W05
R5003,6,PLAT:LSX:J50A:EB,M50W06
R5003,6,PLAT:LSX:J50B:EB,M50W06
R5003,6,SEC:LSX:J50A_J50B:EB,M50W06
R5004,7,PLAT:LSY:J50B:WB,M50W07
R5004,7,PLAT:LSY:S50C:WB,M50W07
R5004,7,PLAT:LSY:S50D:WB,M50W07
R5004,7,SEC:LSY:J50B_S50C:WB,M50W07
R5004,7,SEC:LSY:S50C_S50D:WB,M50W07
R5004,8,PLAT:LSY:J50B:WB,M50W08
R5004,8,PLAT:LSY:S50C:WB,M50W08
R5004,8,PLAT:LSY:S50D:WB,M50W08
R5004,8,SEC:LSY:J50B_S50C:WB,M50W08
R5004,8,SEC:LSY:S50C_S50D:WB,M50W08
R5005,9,PLAT:LSY:S50C:WB,M50W09
R5005,9,PLAT:LSY:S50D:WB,M50W09
R5005,9,SEC:LSY:S50C_S50D:WB,M50W09
R5006,10,PLAT:LSY:J50A:EB,M50W10
R5006,10,PLAT:LSY:J50B:EB,M50W10
R5006,10,SEC:LSY:J50A_J50B:EB,M50W10
R5006,11,PLAT:LSY:J50A:EB,M50W11
R5006,11,PLAT:LSY:J50B:EB,M50W11
R5006,11,SEC:LSY:J50A_J50B:EB,M50W11
R5007,12,PLAT:LSX:J50B:WB,M50W12
R5007,12,PLAT:LSX:N50C:WB,M50W12
R5007,12,PLAT:LSX:N50D:WB,M50W12
R5007,12,SEC:LSX:J50B_N50C:WB,M50W12
R5007,12,SEC:LSX:N50C_N50D:WB,M50W12
R5007,13,PLAT:LSX:J50B:WB,M50W13
R5007,13,PLAT:LSX:N50C:WB,M50W13
R5007,13,PLAT:LSX:N50D:WB,M50W13
R5007,13,SEC:LSX:J50B_N50C:WB,M50W13
R5007,13,SEC:LSX:N50C_N50D:WB,M50W13
R5008,14,PLAT:LSY:S50C:EB,M50W14
R5008,14,PLAT:LSY:S50D:EB,M50W14
R5008,14,SEC:LSY:S50C_S50D:EB,M50W14
R5009,4,PLAT:LSX:N50C:WB,M50W04
R5009,4,PLAT:LSX:N50D:WB,M50W04
R5009,4,SEC:LSX:N50C_N50D:WB,M50W04
R5009,5,PLAT:LSX:N50C:WB,M50W05
R5009,5,PLAT:LSX:N50D:WB,M50W05
R5009,5,SEC:LSX:N50C_N50D:WB,M50W05
R5101,1,PLAT:LSX:J51B:EB,M51W01
R5101,1,PLAT:LSX:N51C:EB,M51W01
R5101,1,SEC:LSX:J51B_N51C:EB,M51W01
R5101,2,PLAT:LSX:J51B:EB,M51W02
R5101,2,PLAT:LSX:N51C:EB,M51W02
R5101,2,SEC:LSX:J51B_N51C:EB,M51W02
R5101,3,PLAT:LSX:J51B:EB,M51W03
R5101,3,PLAT:LSX:N51C:EB,M51W03
R5101,3,SEC:LSX:J51B_N51C:EB,M51W03
R5102,4,PLAT:LSX:N51C:WB,M51W04
R5102,4,PLAT:LSX:N51D:WB,M51W04
R5102,4,SEC:LSX:N51C_N51D:WB,M51W04
R5102,5,PLAT:LSX:N51C:WB,M51W05
R5102,5,PLAT:LSX:N51D:WB,M51W05
R5102,5,SEC:LSX:N51C_N51D:WB,M51W05
R5103,6,PLAT:LSX:J51A:EB,M51W06
R5103,6,PLAT:LSX:J51B:EB,M51W06
R5103,6,SEC:LSX:J51A_J51B:EB,M51W06
R5104,7,PLAT:LSY:J51B:WB,M51W07
R5104,7,PLAT:LSY:S51C:WB,M51W07
R5104,7,PLAT:LSY:S51D:WB,M51W07
R5104,7,SEC:LSY:J51B_S51C:WB,M51W07
R5104,7,SEC:LSY:S51C_S51D:WB,M51W07
R5104,8,PLAT:LSY:J51B:WB,M51W08
R5104,8,PLAT:LSY:S51C:WB,M51W08
R5104,8,PLAT:LSY:S51D:WB,M51W08
R5104,8,SEC:LSY:J51B_S51C:WB,M51W08
R5104,8,SEC:LSY:S51C_S51D:WB,M51W08
R5105,9,PLAT:LSY:S51C:WB,M51W09
R5105,9,PLAT:LSY:S51D:WB,M51W09
R5105,9,SEC:LSY:S51C_S51D:WB,M51W09
R5106,10,PLAT:LSY:J51A:EB,M51W10
R5106,10,PLAT:LSY:J51B:EB,M51W10
R5106,10,SEC:LSY:J51A_J51B:EB,M51W10
R5106,11,PLAT:LSY:J51A:EB,M51W11
R5106,11,PLAT:LSY:J51B:EB,M51W11
R5106,11,SEC:LSY:J51A_J51B:EB,M51W11
R5107,12,PLAT:LSX:J51B:WB,M51W12
R5107,12,PLAT:LSX:N51C:WB,M51W12
R5107,12,PLAT:LSX:N51D:WB,M51W12
R5107,12,SEC:LSX:J51B_N51C:WB,M51W12
R5107,12,SEC:LSX:N51C_N51D:WB,M51W12
R5107,13,PLAT:LSX:J51B:WB,M51W13
R5107,13,PLAT:LSX:N51C:WB,M51W13
R5107,13,PLAT:LSX:N51D:WB,M51W13
R5107,13,SEC:LSX:J51B_N51C:WB,M51W13
R5107,13,SEC:LSX:N51C_N51D:WB,M51W13
R5108,14,PLAT:LSY:S51C:EB,M51W14
R5108,14,PLAT:LSY:S51D:EB,M51W14
R5108,14,SEC:LSY:S51C_S51D:EB,M51W14
R5109,4,PLAT:LSX:N51C:WB,M51W04
R5109,4,PLAT:LSX:N51D:WB,M51W04
R5109,4,SEC:LSX:N51C_N51D:WB,M51W04
R5109,5,PLAT:LSX:N51C:WB,M51W05
R5109,5,PLAT:LSX:N51D:WB,M51W05
R5109,5,SEC:LSX:N51C_N51D:WB,M51W05
R5201,1,PLAT:LSX:J52B:EB,M52W01
R5201,1,PLAT:LSX:N52C:EB,M52W01
R5201,1,SEC:LSX:J52B_N52C:EB,M52W01
R5201,2,PLAT:LSX:J52B:EB,M52W02
R5201,2,PLAT:LSX:N52C:EB,M52W02
R5201,2,SEC:LSX:J52B_N52C:EB,M52W02
R5201,3,PLAT:LSX:J52B:EB,M52W03
R5201,3,PLAT:LSX:N52C:EB,M52W03
R5201,3,SEC:LSX:J52B_N52C:EB,M52W03
R5202,4,PLAT:LSX:N52C:WB,M52W04
R5202,4,PLAT:LSX:N52D:WB,M52W04
R5202,4,SEC:LSX:N52C_N52D:WB,M52W04
R5202,5,PLAT:LSX:N52C:WB,M52W05
R5202,5,PLAT:LSX:N52D:WB,M52W05
R5202,5,SEC:LSX:N52C_N52D:WB,M52W05
R5203,6,PLAT:LSX:J52A:EB,M52W06
R5203,6,PLAT:LSX:J52B:EB,M52W06
R5203,6,SEC:LSX:J52A_J52B:EB,M52W06
R5204,7,PLAT:LSY:J52B:WB,M52W07
R5204,7,PLAT:LSY:S52C:WB,M52W07
R5204,7,PLAT:LSY:S52D:WB,M52W07
R5204,7,SEC:LSY:J52B_S52C:WB,M52W07
R5204,7,SEC:LSY:S52C_S52D:WB,M52W07
R5204,8,PLAT:LSY:J52B:WB,M52W08
R5204,8,PLAT:LSY:S52C:WB,M52W08
R5204,8,PLAT:LSY:S52D:WB,M52W08
R5204,8,SEC:LSY:J52B_S52C:WB,M52W08
R5204,8,SEC:LSY:S52C_S52D:WB,M52W08
R5205,9,PLAT:LSY:S52C:WB,M52W09
R5205,9,PLAT:LSY:S52D:WB,M52W09
R5205,9,SEC:LSY:S52C_S52D:WB,M52W09
R5206,10,PLAT:LSY:J52A:EB,M52W10
R5206,10,PLAT:LSY:J52B:EB,M52W10
R5206,10,SEC:LSY:J52A_J52B:EB,M52W10
R5206,11,PLAT:LSY:J52A:EB,M52W11
R5206,11,PLAT:LSY:J52B:EB,M52W11
R5206,11,SEC:LSY:J52A_J52B:EB,M52W11
R5207,12,PLAT:LSX:J52B:WB,M52W12
R5207,12,PLAT:LSX:N52C:WB,M52W12
R5207,12,PLAT:LSX:N52D:WB,M52W12
R5207,12,SEC:LSX:J52B_N52C:WB,M52W12
R5207,12,SEC:LSX:N52C_N52D:WB,M52W12
R5207,13,PLAT:LSX:J52B:WB,M52W13
R5207,13,PLAT:LSX:N52C:WB,M52W13
R5207,13,PLAT:LSX:N52D:WB,M52W13
R5207,13,SEC:LSX:J52B_N52C:WB,M52W13
R5207,13,SEC:LSX:N52C_N52D:WB,M52W13
R5208,14,PLAT:LSY:S52C:EB,M52W14
R5208,14,PLAT:LSY:S52D:EB,M52W14
R5208,14,SEC:LSY:S52C_S52D:EB,M52W14
R5209,4,PLAT:LSX:N52C:WB,M52W04
R5209,4,PLAT:LSX:N52D:WB,M52W04
R5209,4,SEC:LSX:N52C_N52D:WB,M52W04
R5209,5,PLAT:LSX:N52C:WB,M52W05
R5209,5,PLAT:LSX:N52D:WB,M52W05
R5209,5,SEC:LSX:N52C_N52D:WB,M52W05
R5301,1,PLAT:LSX:J53B:EB,M53W01
R5301,1,PLAT:LSX:N53C:EB,M53W01
R5301,1,SEC:LSX:J53B_N53C:EB,M53W01
R5301,2,PLAT:LSX:J53B:EB,M53W02
R5301,2,PLAT:LSX:N53C:EB,M53W02
R5301,2,SEC:LSX:J53B_N53C:EB,M53W02
R5301,3,PLAT:LSX:J53B:EB,M53W03
R5301,3,PLAT:LSX:N53C:EB,M53W03
R5301,3,SEC:LSX:J53B_N53C:EB,M53W03
R5302,4,PLAT:LSX:N53C:WB,M53W04
R5302,4,PLAT:LSX:N53D:WB,M53W04
R5302,4,SEC:LSX:N53C_N53D:WB,M53W04
R5302,5,PLAT:LSX:N53C:WB,M53W05
R5302,5,PLAT:LSX:N53D:WB,M53W05
R5302,5,SEC:LSX:N53C_N53D:WB,M53W05
R5303,6,PLAT:LSX:J53A:EB,M53W06
R5303,6,PLAT:LSX:J53B:EB,M53W06
R5303,6,SEC:LSX:J53A_J53B:EB,M53W06
R5304,7,PLAT:LSY:J53B:WB,M53W07
R5304,7,PLAT:LSY:S53C:WB,M53W07
R5304,7,PLAT:LSY:S53D:WB,M53W07
R5304,7,SEC:LSY:J53B_S53C:WB,M53W07
R5304,7,SEC:LSY:S53C_S53D:WB,M53W07
R5304,8,PLAT:LSY:J53B:WB,M53W08
R5304,8,PLAT:LSY:S53C:WB,M53W08
R5304,8,PLAT:LSY:S53D:WB,M53W08
R5304,8,SEC:LSY:J53B_S53C:WB,M53W08
R5304,8,SEC:LSY:S53C_S53D:WB,M53W08
R5305,9,PLAT:LSY:S53C:WB,M53W09
R5305,9,PLAT:LSY:S53D:WB,M53W09
R5305,9,SEC:LSY:S53C_S53D:WB,M53W09
R5306,10,PLAT:LSY:J53A:EB,M53W10
R5306,10,PLAT:LSY:J53B:EB,M53W10
R5306,10,SEC:LSY:J53A_J53B:EB,M53W10
R5306,11,PLAT:LSY:J53A:EB,M53W11
R5306,11,PLAT:LSY:J53B:EB,M53W11
R5306,11,SEC:LSY:J53A_J53B:EB,M53W11
R5307,12,PLAT:LSX:J53B:WB,M53W12
R5307,12,PLAT:LSX:N53C:WB,M53W12
R5307,12,PLAT:LSX:N53D:WB,M53W12
R5307,12,SEC:LSX:J53B_N53C:WB,M53W12
R5307,12,SEC:LSX:N53C_N53D:WB,M53W12
R5307,13,PLAT:LSX:J53B:WB,M53W13
R5307,13,PLAT:LSX:N53C:WB,M53W13
R5307,13,PLAT:LSX:N53D:WB,M53W13
R5307,13,SEC:LSX:J53B_N53C:WB,M53W13
R5307,13,SEC:LSX:N53C_N53D:WB,M53W13
R5308,14,PLAT:LSY:S53C:EB,M53W14
R5308,14,PLAT:LSY:S53D:EB,M53W14
R5308,14,SEC:LSY:S53C_S53D:EB,M53W14
R5309,4,PLAT:LSX:N53C:WB,M53W04
R5309,4,PLAT:LSX:N53D:WB,M53W04
R5309,4,SEC:LSX:N53C_N53D:WB,M53W04
R5309,5,PLAT:LSX:N53C:WB,M53W05
R5309,5,PLAT:LSX:N53D:WB,M53W05
R5309,5,SEC:LSX:N53C_N53D:WB,M53W05
R5401,1,PLAT:LSX:J54B:EB,M54W01
R5401,1,PLAT:LSX:N54C:EB,M54W01
R5401,1,SEC:LSX:J54B_N54C:EB,M54W01
R5401,2,PLAT:LSX:J54B:EB,M54W02
R5401,2,PLAT:LSX:N54C:EB,M54W02
R5401,2,SEC:LSX:J54B_N54C:EB,M54W02
R5401,3,PLAT:LSX:J54B:EB,M54W03
R5401,3,PLAT:LSX:N54C:EB,M54W03
R5401,3,SEC:LSX:J54B_N54C:EB,M54W03
R5402,4,PLAT:LSX:N54C:WB,M54W04
R5402,4,PLAT:LSX:N54D:WB,M54W04
R5402,4,SEC:LSX:N54C_N54D:WB,M54W04
R5402,5,PLAT:LSX:N54C:WB,M54W05
R5402,5,PLAT:LSX:N54D:WB,M54W05
R5402,5,SEC:LSX:N54C_N54D:WB,M54W05
R5403,6,PLAT:LSX:J54A:EB,M54W06
R5403,6,PLAT:LSX:J54B:EB,M54W06
R5403,6,SEC:LSX:J54A_J54B:EB,M54W06
R5404,7,PLAT:LSY:J54B:WB,M54W07
R5404,7,PLAT:LSY:S54C:WB,M54W07
R5404,7,PLAT:LSY:S54D:WB,M54W07
R5404,7,SEC:LSY:J54B_S54C:WB,M54W07
R5404,7,SEC:LSY:S54C_S54D:WB,M54W07
R5404,8,PLAT:LSY:J54B:WB,M54W08
R5404,8,PLAT:LSY:S54C:WB,M54W08
R5404,8,PLAT:LSY:S54D:WB,M54W08
R5404,8,SEC:LSY:J54B_S54C:WB,M54W08
R5404,8,SEC:LSY:S54C_S54D:WB,M54W08
R5405,9,PLAT:LSY:S54C:WB,M54W09
R5405,9,PLAT:LSY:S54D:WB,M54W09
R5405,9,SEC:LSY:S54C_S54D:WB,M54W09
R5406,10,PLAT:LSY:J54A:EB,M54W10
R5406,10,PLAT:LSY:J54B:EB,M54W10
R5406,10,SEC:LSY:J54A_J54B:EB,M54W10
R5406,11,PLAT:LSY:J54A:EB,M54W11
R5406,11,PLAT:LSY:J54B:EB,M54W11
R5406,11,SEC:LSY:J54A_J54B:EB,M54W11
R5407,12,PLAT:LSX:J54B:WB,M54W12
R5407,12,PLAT:LSX:N54C:WB,M54W12
R5407,12,PLAT:LSX:N54D:WB,M54W12
R5407,12,SEC:LSX:J54B_N54C:WB,M54W12
R5407,12,SEC:LSX:N54C_N54D:WB,M54W12
R5407,13,PLAT:LSX:J54B:WB,M54W13
R5407,13,PLAT:LSX:N54C:WB,M54W13
R5407,13,PLAT:LSX:N54D:WB,M54W13
R5407,13,SEC:LSX:J54B_N54C:WB,M54W13
R5407,13,SEC:LSX:N54C_N54D:WB,M54W13
R5408,14,PLAT:LSY:S54C:EB,M54W14
R5408,14,PLAT:LSY:S54D:EB,M54W14
R5408,14,SEC:LSY:S54C_S54D:EB,M54W14
R5409,4,PLAT:LSX:N54C:WB,M54W04
R5409,4,PLAT:LSX:N54D:WB,M54W04
R5409,4,SEC:LSX:N54C_N54D:WB,M54W04
R5409,5,PLAT:LSX:N54C:WB,M54W05
R5409,5,PLAT:LSX:N54D:WB,M54W05
R5409,5,SEC:LSX:N54C_N54D:WB,M54W05
R5501,1,PLAT:LSX:J55B:EB,M55W01
R5501,1,PLAT:LSX:N55C:EB,M55W01
R5501,1,SEC:LSX:J55B_N55C:EB,M55W01
R5501,2,PLAT:LSX:J55B:EB,M55W02
R5501,2,PLAT:LSX:N55C:EB,M55W02
R5501,2,SEC:LSX:J55B_N55C:EB,M55W02
R5501,3,PLAT:LSX:J55B:EB,M55W03
R5501,3,PLAT:LSX:N55C:EB,M55W03
R5501,3,SEC:LSX:J55B_N55C:EB,M55W03
R5502,4,PLAT:LSX:N55C:WB,M55W04
R5502,4,PLAT:LSX:N55D:WB,M55W04
R5502,4,SEC:LSX:N55C_N55D:WB,M55W04
R5502,5,PLAT:LSX:N55C:WB,M55W05
R5502,5,PLAT:LSX:N55D:WB,M55W05
R5502,5,SEC:LSX:N55C_N55D:WB,M55W05
R5503,6,PLAT:LSX:J55A:EB,M55W06
R5503,6,PLAT:LSX:J55B:EB,M55W06
R5503,6,SEC:LSX:J55A_J55B:EB,M55W06
R5504,7,PLAT:LSY:J55B:WB,M55W07
R5504,7,PLAT:LSY:S55C:WB,M55W07
R5504,7,PLAT:LSY:S55D:WB,M55W07
R5504,7,SEC:LSY:J55B_S55C:WB,M55W07
R5504,7,SEC:LSY:S55C_S55D:WB,M55W07
R5504,8,PLAT:LSY:J55B:WB,M55W08
R5504,8,PLAT:LSY:S55C:WB,M55W08
R5504,8,PLAT:LSY:S55D:WB,M55W08
R5504,8,SEC:LSY:J55B_S55C:WB,M55W08
R5504,8,SEC:LSY:S55C_S55D:WB,M55W08
R5505,9,PLAT:LSY:S55C:WB,M55W09
R5505,9,PLAT:LSY:S55D:WB,M55W09
R5505,9,SEC:LSY:S55C_S55D:WB,M55W09
R5506,10,PLAT:LSY:J55A:EB,M55W10
R5506,10,PLAT:LSY:J55B:EB,M55W10
R5506,10,SEC:LSY:J55A_J55B:EB,M55W10
R5506,11,PLAT:LSY:J55A:EB,M55W11
R5506,11,PLAT:LSY:J55B:EB,M55W11
R5506,11,SEC:LSY:J55A_J55B:EB,M55W11
R5507,12,PLAT:LSX:J55B:WB,M55W12
R5507,12,PLAT:LSX:N55C:WB,M55W12
R5507,12,PLAT:LSX:N55D:WB,M55W12
R5507,12,SEC:LSX:J55B_N55C:WB,M55W12
R5507,12,SEC:LSX:N55C_N55D:WB,M55W12
R5507,13,PLAT:LSX:J55B:WB,M55W13
R5507,13,PLAT:LSX:N55C:WB,M55W13
R5507,13,PLAT:LSX:N55D:WB,M55W13
R5507,13,SEC:LSX:J55B_N55C:WB,M55W13
R5507,13,SEC:LSX:N55C_N55D:WB,M55W13
R5508,14,PLAT:LSY:S55C:EB,M55W14
R5508,14,PLAT:LSY:S55D:EB,M55W14
R5508,14,SEC:LSY:S55C_S55D:EB,M55W14
R5509,4,PLAT:LSX:N55C:WB,M55W04
R5509,4,PLAT:LSX:N55D:WB,M55W04
R5509,4,SEC:LSX:N55C_N55D:WB,M55W04
R5509,5,PLAT:LSX:N55C:WB,M55W05
R5509,5,PLAT:LSX:N55D:WB,M55W05
R5509,5,SEC:LSX:N55C_N55D:WB,M55W05
R5601,1,PLAT:LSX:J56B:EB,M56W01
R5601,1,PLAT:LSX:N56C:EB,M56W01
R5601,1,SEC:LSX:J56B_N56C:EB,M56W01
R5601,2,PLAT:LSX:J56B:EB,M56W02
R5601,2,PLAT:LSX:N56C:EB,M56W02
R5601,2,SEC:LSX:J56B_N56C:EB,M56W02
R5601,3,PLAT:LSX:J56B:EB,M56W03
R5601,3,PLAT:LSX:N56C:EB,M56W03
R5601,3,SEC:LSX:J56B_N56C:EB,M56W03
R5602,4,PLAT:LSX:N56C:WB,M56W04
R5602,4,PLAT:LSX:N56D:WB,M56W04
R5602,4,SEC:LSX:N56C_N56D:WB,M56W04
R5602,5,PLAT:LSX:N56C:WB,M56W05
R5602,5,PLAT:LSX:N56D:WB,M56W05
R5602,5,SEC:LSX:N56C_N56D:WB,M56W05
R5603,6,PLAT:LSX:J56A:EB,M56W06
R5603,6,PLAT:LSX:J56B:EB,M56W06
R5603,6,SEC:LSX:J56A_J56B:EB,M56W06
R5604,7,PLAT:LSY:J56B:WB,M56W07
R5604,7,PLAT:LSY:S56C:WB,M56W07
R5604,7,PLAT:LSY:S56D:WB,M56W07
R5604,7,SEC:LSY:J56B_S56C:WB,M56W07
R5604,7,SEC:LSY:S56C_S56D:WB,M56W07
R5604,8,PLAT:LSY:J56B:WB,M56W08
R5604,8,PLAT:LSY:S56C:WB,M56W08
R5604,8,PLAT:LSY:S56D:WB,M56W08
R5604,8,SEC:LSY:J56B_S56C:WB,M56W08
R5604,8,SEC:LSY:S56C_S56D:WB,M56W08
R5605,9,PLAT:LSY:S56C:WB,M56W09
R5605,9,PLAT:LSY:S56D:WB,M56W09
R5605,9,SEC:LSY:S56C_S56D:WB,M56W09
R5606,10,PLAT:LSY:J56A:EB,M56W10
R5606,10,PLAT:LSY:J56B:EB,M56W10
R5606,10,SEC:LSY:J56A_J56B:EB,M56W10
R5606,11,PLAT:LSY:J56A:EB,M56W11
R5606,11,PLAT:LSY:J56B:EB,M56W11
R5606,11,SEC:LSY:J56A_J56B:EB,M56W11
R5607,12,PLAT:LSX:J56B:WB,M56W12
R5607,12,PLAT:LSX:N56C:WB,M56W12
R5607,12,PLAT:LSX:N56D:WB,M56W12
R5607,12,SEC:LSX:J56B_N56C:WB,M56W12
R5607,12,SEC:LSX:N56C_N56D:WB,M56W12
R5607,13,PLAT:LSX:J56B:WB,M56W13
R5607,13,PLAT:LSX:N56C:WB,M56W13
R5607,13,PLAT:LSX:N56D:WB,M56W13
R5607,13,SEC:LSX:J56B_N56C:WB,M56W13
R5607,13,SEC:LSX:N56C_N56D:WB,M56W13
R5608,14,PLAT:LSY:S56C:EB,M56W14
R5608,14,PLAT:LSY:S56D:EB,M56W14
R5608,14,SEC:LSY:S56C_S56D:EB,M56W14
R5609,4,PLAT:LSX:N56C:WB,M56W04
R5609,4,PLAT:LSX:N56D:WB,M56W04
R5609,4,SEC:LSX:N56C_N56D:WB,M56W04
R5609,5,PLAT:LSX:N56C:WB,M56W05
R5609,5,PLAT:LSX:N56D:WB,M56W05
R5609,5,SEC:LSX:N56C_N56D:WB,M56W05
R5701,1,PLAT:LSX:J57B:EB,M57W01
R5701,1,PLAT:LSX:N57C:EB,M57W01
R5701,1,SEC:LSX:J57B_N57C:EB,M57W01
R5701,2,PLAT:LSX:J57B:EB,M57W02
R5701,2,PLAT:LSX:N57C:EB,M57W02
R5701,2,SEC:LSX:J57B_N57C:EB,M57W02
R5701,3,PLAT:LSX:J57B:EB,M57W03
R5701,3,PLAT:LSX:N57C:EB,M57W03
R5701,3,SEC:LSX:J57B_N57C:EB,M57W03
R5702,4,PLAT:LSX:N57C:WB,M57W04
R5702,4,PLAT:LSX:N57D:WB,M57W04
R5702,4,SEC:LSX:N57C_N57D:WB,M57W04
R5702,5,PLAT:LSX:N57C:WB,M57W05
R5702,5,PLAT:LSX:N57D:WB,M57W05
R5702,5,SEC:LSX:N57C_N57D:WB,M57W05
R5703,6,PLAT:LSX:J57A:EB,M57W06
R5703,6,PLAT:LSX:J57B:EB,M57W06
R5703,6,SEC:LSX:J57A_J57B:EB,M57W06
R5704,7,PLAT:LSY:J57B:WB,M57W07
R5704,7,PLAT:LSY:S57C:WB,M57W07
R5704,7,PLAT:LSY:S57D:WB,M57W07
R5704,7,SEC:LSY:J57B_S57C:WB,M57W07
R5704,7,SEC:LSY:S57C_S57D:WB,M57W07
R5704,8,PLAT:LSY:J57B:WB,M57W08
R5704,8,PLAT:LSY:S57C:WB,M57W08
R5704,8,PLAT:LSY:S57D:WB,M57W08
R5704,8,SEC:LSY:J57B_S57C:WB,M57W08
R5704,8,SEC:LSY:S57C_S57D:WB,M57W08
R5705,9,PLAT:LSY:S57C:WB,M57W09
R5705,9,PLAT:LSY:S57D:WB,M57W09
R5705,9,SEC:LSY:S57C_S57D:WB,M57W09
R5706,10,PLAT:LSY:J57A:EB,M57W10
R5706,10,PLAT:LSY:J57B:EB,M57W10
R5706,10,SEC:LSY:J57A_J57B:EB,M57W10
R5706,11,PLAT:LSY:J57A:EB,M57W11
R5706,11,PLAT:LSY:J57B:EB,M57W11
R5706,11,SEC:LSY:J57A_J57B:EB,M57W11
R5707,12,PLAT:LSX:J57B:WB,M57W12
R5707,12,PLAT:LSX:N57C:WB,M57W12
R5707,12,PLAT:LSX:N57D:WB,M57W12
R5707,12,SEC:LSX:J57B_N57C:WB,M57W12
R5707,12,SEC:LSX:N57C_N57D:WB,M57W12
R5707,13,PLAT:LSX:J57B:WB,M57W13
R5707,13,PLAT:LSX:N57C:WB,M57W13
R5707,13,PLAT:LSX:N57D:WB,M57W13
R5707,13,SEC:LSX:J57B_N57C:WB,M57W13
R5707,13,SEC:LSX:N57C_N57D:WB,M57W13
R5708,14,PLAT:LSY:S57C:EB,M57W14
R5708,14,PLAT:LSY:S57D:EB,M57W14
R5708,14,SEC:LSY:S57C_S57D:EB,M57W14
R5709,4,PLAT:LSX:N57C:WB,M57W04
R5709,4,PLAT:LSX:N57D:WB,M57W04
R5709,4,SEC:LSX:N57C_N57D:WB,M57W04
R5709,5,PLAT:LSX:N57C:WB,M57W05
R5709,5,PLAT:LSX:N57D:WB,M57W05
R5709,5,SEC:LSX:N57C_N57D:WB,M57W05
R5801,1,PLAT:LSX:J58B:EB,M58W01
R5801,1,PLAT:LSX:N58C:EB,M58W01
R5801,1,SEC:LSX:J58B_N58C:EB,M58W01
R5801,2,PLAT:LSX:J58B:EB,M58W02
R5801,2,PLAT:LSX:N58C:EB,M58W02
R5801,2,SEC:LSX:J58B_N58C:EB,M58W02
R5801,3,PLAT:LSX:J58B:EB,M58W03
R5801,3,PLAT:LSX:N58C:EB,M58W03
R5801,3,SEC:LSX:J58B_N58C:EB,M58W03
R5802,4,PLAT:LSX:N58C:WB,M58W04
R5802,4,PLAT:LSX:N58D:WB,M58W04
R5802,4,SEC:LSX:N58C_N58D:WB,M58W04
R5802,5,PLAT:LSX:N58C:WB,M58W05
R5802,5,PLAT:LSX:N58D:WB,M58W05
R5802,5,SEC:LSX:N58C_N58D:WB,M58W05
R5803,6,PLAT:LSX:J58A:EB,M58W06
R5803,6,PLAT:LSX:J58B:EB,M58W06
R5803,6,SEC:LSX:J58A_J58B:EB,M58W06
R5804,7,PLAT:LSY:J58B:WB,M58W07
R5804,7,PLAT:LSY:S58C:WB,M58W07
R5804,7,PLAT:LSY:S58D:WB,M58W07
R5804,7,SEC:LSY:J58B_S58C:WB,M58W07
R5804,7,SEC:LSY:S58C_S58D:WB,M58W07
R5804,8,PLAT:LSY:J58B:WB,M58W08
R5804,8,PLAT:LSY:S58C:WB,M58W08
R5804,8,PLAT:LSY:S58D:WB,M58W08
R5804,8,SEC:LSY:J58B_S58C:WB,M58W08
R5804,8,SEC:LSY:S58C_S58D:WB,M58W08
R5805,9,PLAT:LSY:S58C:WB,M58W09
R5805,9,PLAT:LSY:S58D:WB,M58W09
R5805,9,SEC:LSY:S58C_S58D:WB,M58W09
R5806,10,PLAT:LSY:J58A:EB,M58W10
R5806,10,PLAT:LSY:J58B:EB,M58W10
R5806,10,SEC:LSY:J58A_J58B:EB,M58W10
R5806,11,PLAT:LSY:J58A:EB,M58W11
R5806,11,PLAT:LSY:J58B:EB,M58W11
R5806,11,SEC:LSY:J58A_J58B:EB,M58W11
R5807,12,PLAT:LSX:J58B:WB,M58W12
R5807,12,PLAT:LSX:N58C:WB,M58W12
R5807,12,PLAT:LSX:N58D:WB,M58W12
R5807,12,SEC:LSX:J58B_N58C:WB,M58W12
R5807,12,SEC:LSX:N58C_N58D:WB,M58W12
R5807,13,PLAT:LSX:J58B:WB,M58W13
R5807,13,PLAT:LSX:N58C:WB,M58W13
R5807,13,PLAT:LSX:N58D:WB,M58W13
R5807,13,SEC:LSX:J58B_N58C:WB,M58W13
R5807,13,SEC:LSX:N58C_N58D:WB,M58W13
R5808,14,PLAT:LSY:S58C:EB,M58W14
R5808,14,PLAT:LSY:S58D:EB,M58W14
R5808,14,SEC:LSY:S58C_S58D:EB,M58W14
R5809,4,PLAT:LSX:N58C:WB,M58W04
R5809,4,PLAT:LSX:N58D:WB,M58W04
R5809,4,SEC:LSX:N58C_N58D:WB,M58W04
R5809,5,PLAT:LSX:N58C:WB,M58W05
R5809,5,PLAT:LSX:N58D:WB,M58W05
R5809,5,SEC:LSX:N58C_N58D:WB,M58W05
R5901,1,PLAT:LSX:J59B:EB,M59W01
R5901,1,PLAT:LSX:N59C:EB,M59W01
R5901,1,SEC:LSX:J59B_N59C:EB,M59W01
R5901,2,PLAT:LSX:J59B:EB,M59W02
R5901,2,PLAT:LSX:N59C:EB,M59W02
R5901,2,SEC:LSX:J59B_N59C:EB,M59W02
R5901,3,PLAT:LSX:J59B:EB,M59W03
R5901,3,PLAT:LSX:N59C:EB,M59W03
R5901,3,SEC:LSX:J59B_N59C:EB,M59W03
R5902,4,PLAT:LSX:N59C:WB,M59W04
R5902,4,PLAT:LSX:N59D:WB,M59W04
R5902,4,SEC:LSX:N59C_N59D:WB,M59W04
R5902,5,PLAT:LSX:N59C:WB,M59W05
R5902,5,PLAT:LSX:N59D:WB,M59W05
R5902,5,SEC:LSX:N59C_N59D:WB,M59W05
R5903,6,PLAT:LSX:J59A:EB,M59W06
R5903,6,PLAT:LSX:J59B:EB,M59W06
R5903,6,SEC:LSX:J59A_J59B:EB,M59W06
R5904,7,PLAT:LSY:J59B:WB,M59W07
R5904,7,PLAT:LSY:S59C:WB,M59W07
R5904,7,PLAT:LSY:S59D:WB,M59W07
R5904,7,SEC:LSY:J59B_S59C:WB,M59W07
R5904,7,SEC:LSY:S59C_S59D:WB,M59W07
R5904,8,PLAT:LSY:J59B:WB,M59W08
R5904,8,PLAT:LSY:S59C:WB,M59W08
R5904,8,PLAT:LSY:S59D:WB,M59W08
R5904,8,SEC:LSY:J59B_S59C:WB,M59W08
R5904,8,SEC:LSY:S59C_S59D:WB,M59W08
R5905,9,PLAT:LSY:S59C:WB,M59W09
R5905,9,PLAT:LSY:S59D:WB,M59W09
R5905,9,SEC:LSY:S59C_S59D:WB,M59W09
R5906,10,PLAT:LSY:J59A:EB,M59W10
R5906,10,PLAT:LSY:J59B:EB,M59W10
R5906,10,SEC:LSY:J59A_J59B:EB,M59W10
R5906,11,PLAT:LSY:J59A:EB,M59W11
R5906,11,PLAT:LSY:J59B:EB,M59W11
R5906,11,SEC:LSY:J59A_J59B:EB,M59W11
R5907,12,PLAT:LSX:J59B:WB,M59W12
R5907,12,PLAT:LSX:N59C:WB,M59W12
R5907,12,PLAT:LSX:N59D:WB,M59W12
R5907,12,SEC:LSX:J59B_N59C:WB,M59W12
R5907,12,SEC:LSX:N59C_N59D:WB,M59W12
R5907,13,PLAT:LSX:J59B:WB,M59W13
R5907,13,PLAT:LSX:N59C:WB,M59W13
R5907,13,PLAT:LSX:N59D:WB,M59W13
R5907,13,SEC:LSX:J59B_N59C:WB,M59W13
R5907,13,SEC:LSX:N59C_N59D:WB,M59W13
R5908,14,PLAT:LSY:S59C:EB,M59W14
R5908,14,PLAT:LSY:S59D:EB,M59W14
R5908,14,SEC:LSY:S59C_S59D:EB,M59W14
R5909,4,PLAT:LSX:N59C:WB,M59W04
R5909,4,PLAT:LSX:N59D:WB,M59W04
R5909,4,SEC:LSX:N59C_N59D:WB,M59W04
R5909,5,PLAT:LSX:N59C:WB,M59W05
R5909,5,PLAT:LSX:N59D:WB,M59W05
R5909,5,SEC:LSX:N59C_N59D:WB,M59W05
R6001,1,PLAT:LSX:J60B:EB,M60W01
R6001,1,PLAT:LSX:N60C:EB,M60W01
R6001,1,SEC:LSX:J60B_N60C:EB,M60W01
R6001,2,PLAT:LSX:J60B:EB,M60W02
R6001,2,PLAT:LSX:N60C:EB,M60W02
R6001,2,SEC:LSX:J60B_N60C:EB,M60W02
R6001,3,PLAT:LSX:J60B:EB,M60W03
R6001,3,PLAT:LSX:N60C:EB,M60W03
R6001,3,SEC:LSX:J60B_N60C:EB,M60W03
R6002,4,PLAT:LSX:N60C:WB,M60W04
R6002,4,PLAT:LSX:N60D:WB,M60W04
R6002,4,SEC:LSX:N60C_N60D:WB,M60W04
R6002,5,PLAT:LSX:N60C:WB,M60W05
R6002,5,PLAT:LSX:N60D:WB,M60W05
R6002,5,SEC:LSX:N60C_N60D:WB,M60W05
R6003,6,PLAT:LSX:J60A:EB,M60W06
R6003,6,PLAT:LSX:J60B:EB,M60W06
R6003,6,SEC:LSX:J60A_J60B:EB,M60W06
R6004,7,PLAT:LSY:J60B:WB,M60W07
R6004,7,PLAT:LSY:S60C:WB,M60W07
R6004,7,PLAT:LSY:S60D:WB,M60W07
R6004,7,SEC:LSY:J60B_S60C:WB,M60W07
R6004,7,SEC:LSY:S60C_S60D:WB,M60W07
R6004,8,PLAT:LSY:J60B:WB,M60W08
R6004,8,PLAT:LSY:S60C:WB,M60W08
R6004,8,PLAT:LSY:S60D:WB,M60W08
R6004,8,SEC:LSY:J60B_S60C:WB,M60W08
R6004,8,SEC:LSY:S60C_S60D:WB,M60W08
R6005,9,PLAT:LSY:S60C:WB,M60W09
R6005,9,PLAT:LSY:S60D:WB,M60W09
R6005,9,SEC:LSY:S60C_S60D:WB,M60W09
R6006,10,PLAT:LSY:J60A:EB,M60W10
R6006,10,PLAT:LSY:J60B:EB,M60W10
R6006,10,SEC:LSY:J60A_J60B:EB,M60W10
R6006,11,PLAT:LSY:J60A:EB,M60W11
R6006,11,PLAT:LSY:J60B:EB,M60W11
R6006,11,SEC:LSY:J60A_J60B:EB,M60W11
R6007,12,PLAT:LSX:J60B:WB,M60W12
R6007,12,PLAT:LSX:N60C:WB,M60W12
R6007,12,PLAT:LSX:N60D:WB,M60W12
R6007,12,SEC:LSX:J60B_N60C:WB,M60W12
R6007,12,SEC:LSX:N60C_N60D:WB,M60W12
R6007,13,PLAT:LSX:J60B:WB,M60W13
R6007,13,PLAT:LSX:N60C:WB,M60W13
R6007,13,PLAT:LSX:N60D:WB,M60W13
R6007,13,SEC:LSX:J60B_N60C:WB,M60W13
R6007,13,SEC:LSX:N60C_N60D:WB,M60W13
R6008,14,PLAT:LSY:S60C:EB,M60W14
R6008,14,PLAT:LSY:S60D:EB,M60W14
R6008,14,SEC:LSY:S60C_S60D:EB,M60W14
R6009,4,PLAT:LSX:N60C:WB,M60W04
R6009,4,PLAT:LSX:N60D:WB,M60W04
R6009,4,SEC:LSX:N60C_N60D:WB,M60W04
R6009,5,PLAT:LSX:N60C:WB,M60W05
R6009,5,PLAT:LSX:N60D:WB,M60W05
R6009,5,SEC:LSX:N60C_N60D:WB,M60W05
R6101,1,PLAT:LSX:J61B:EB,M61W01
R6101,1,PLAT:LSX:N61C:EB,M61W01
R6101,1,SEC:LSX:J61B_N61C:EB,M61W01
R6101,2,PLAT:LSX:J61B:EB,M61W02
R6101,2,PLAT:LSX:N61C:EB,M61W02
R6101,2,SEC:LSX:J61B_N61C:EB,M61W02
R6101,3,PLAT:LSX:J61B:EB,M61W03
R6101,3,PLAT:LSX:N61C:EB,M61W03
R6101,3,SEC:LSX:J61B_N61C:EB,M61W03
R6102,4,PLAT:LSX:N61C:WB,M61W04
R6102,4,PLAT:LSX:N61D:WB,M61W04
R6102,4,SEC:LSX:N61C_N61D:WB,M61W04
R6102,5,PLAT:LSX:N61C:WB,M61W05
R6102,5,PLAT:LSX:N61D:WB,M61W05
R6102,5,SEC:LSX:N61C_N61D:WB,M61W05
R6103,6,PLAT:LSX:J61A:EB,M61W06
R6103,6,PLAT:LSX:J61B:EB,M61W06
R6103,6,SEC:LSX:J61A_J61B:EB,M61W06
R6104,7,PLAT:LSY:J61B:WB,M61W07
R6104,7,PLAT:LSY:S61C:WB,M61W07
R6104,7,PLAT:LSY:S61D:WB,M61W07
R6104,7,SEC:LSY:J61B_S61C:WB,M61W07
R6104,7,SEC:LSY:S61C_S61D:WB,M61W07
R6104,8,PLAT:LSY:J61B:WB,M61W08
R6104,8,PLAT:LSY:S61C:WB,M61W08
R6104,8,PLAT:LSY:S61D:WB,M61W08
R6104,8,SEC:LSY:J61B_S61C:WB,M61W08
R6104,8,SEC:LSY:S61C_S61D:WB,M61W08
R6105,9,PLAT:LSY:S61C:WB,M61W09
R6105,9,PLAT:LSY:S61D:WB,M61W09
R6105,9,SEC:LSY:S61C_S61D:WB,M61W09
R6106,10,PLAT:LSY:J61A:EB,M61W10
R6106,10,PLAT:LSY:J61B:EB,M61W10
R6106,10,SEC:LSY:J61A_J61B:EB,M61W10
R6106,11,PLAT:LSY:J61A:EB,M61W11
R6106,11,PLAT:LSY:J61B:EB,M61W11
R6106,11,SEC:LSY:J61A_J61B:EB,M61W11
R6107,12,PLAT:LSX:J61B:WB,M61W12
R6107,12,PLAT:LSX:N61C:WB,M61W12
R6107,12,PLAT:LSX:N61D:WB,M61W12
R6107,12,SEC:LSX:J61B_N61C:WB,M61W12
R6107,12,SEC:LSX:N61C_N61D:WB,M61W12
R6107,13,PLAT:LSX:J61B:WB,M61W13
R6107,13,PLAT:LSX:N61C:WB,M61W13
R6107,13,PLAT:LSX:N61D:WB,M61W13
R6107,13,SEC:LSX:J61B_N61C:WB,M61W13
R6107,13,SEC:LSX:N61C_N61D:WB,M61W13
R6108,14,PLAT:LSY:S61C:EB,M61W14
R6108,14,PLAT:LSY:S61D:EB,M61W14
R6108,14,SEC:LSY:S61C_S61D:EB,M61W14
R6109,4,PLAT:LSX:N61C:WB,M61W04
R6109,4,PLAT:LSX:N61D:WB,M61W04
R6109,4,SEC:LSX:N61C_N61D:WB,M61W04
R6109,5,PLAT:LSX:N61C:WB,M61W05
R6109,5,PLAT:LSX:N61D:WB,M61W05
R6109,5,SEC:LSX:N61C_N61D:WB,M61W05
R6201,1,PLAT:LSX:J62B:EB,M62W01
R6201,1,PLAT:LSX:N62C:EB,M62W01
R6201,1,SEC:LSX:J62B_N62C:EB,M62W01
R6201,2,PLAT:LSX:J62B:EB,M62W02
R6201,2,PLAT:LSX:N62C:EB,M62W02
R6201,2,SEC:LSX:J62B_N62C:EB,M62W02
R6201,3,PLAT:LSX:J62B:EB,M62W03
R6201,3,PLAT:LSX:N62C:EB,M62W03
R6201,3,SEC:LSX:J62B_N62C:EB,M62W03
R6202,4,PLAT:LSX:N62C:WB,M62W04
R6202,4,PLAT:LSX:N62D:WB,M62W04
R6202,4,SEC:LSX:N62C_N62D:WB,M62W04
R6202,5,PLAT:LSX:N62C:WB,M62W05
R6202,5,PLAT:LSX:N62D:WB,M62W05
R6202,5,SEC:LSX:N62C_N62D:WB,M62W05
R6203,6,PLAT:LSX:J62A:EB,M62W06
R6203,6,PLAT:LSX:J62B:EB,M62W06
R6203,6,SEC:LSX:J62A_J62B:EB,M62W06
R6204,7,PLAT:LSY:J62B:WB,M62W07
R6204,7,PLAT:LSY:S62C:WB,M62W07
R6204,7,PLAT:LSY:S62D:WB,M62W07
R6204,7,SEC:LSY:J62B_S62C:WB,M62W07
R6204,7,SEC:LSY:S62C_S62D:WB,M62W07
R6204,8,PLAT:LSY:J62B:WB,M62W08
R6204,8,PLAT:LSY:S62C:WB,M62W08
R6204,8,PLAT:LSY:S62D:WB,M62W08
R6204,8,SEC:LSY:J62B_S62C:WB,M62W08
R6204,8,SEC:LSY:S62C_S62D:WB,M62W08
R6205,9,PLAT:LSY:S62C:WB,M62W09
R6205,9,PLAT:LSY:S62D:WB,M62W09
R6205,9,SEC:LSY:S62C_S62D:WB,M62W09
R6206,10,PLAT:LSY:J62A:EB,M62W10
R6206,10,PLAT:LSY:J62B:EB,M62W10
R6206,10,SEC:LSY:J62A_J62B:EB,M62W10
R6206,11,PLAT:LSY:J62A:EB,M62W11
R6206,11,PLAT:LSY:J62B:EB,M62W11
R6206,11,SEC:LSY:J62A_J62B:EB,M62W11
R6207,12,PLAT:LSX:J62B:WB,M62W12
R6207,12,PLAT:LSX:N62C:WB,M62W12
R6207,12,PLAT:LSX:N62D:WB,M62W12
R6207,12,SEC:LSX:J62B_N62C:WB,M62W12
R6207,12,SEC:LSX:N62C_N62D:WB,M62W12
R6207,13,PLAT:LSX:J62B:WB,M62W13
R6207,13,PLAT:LSX:N62C:WB,M62W13
R6207,13,PLAT:LSX:N62D:WB,M62W13
R6207,13,SEC:LSX:J62B_N62C:WB,M62W13
R6207,13,SEC:LSX:N62C_N62D:WB,M62W13
R6208,14,PLAT:LSY:S62C:EB,M62W14
R6208,14,PLAT:LSY:S62D:EB,M62W14
R6208,14,SEC:LSY:S62C_S62D:EB,M62W14
R6209,4,PLAT:LSX:N62C:WB,M62W04
R6209,4,PLAT:LSX:N62D:WB,M62W04
R6209,4,SEC:LSX:N62C_N62D:WB,M62W04
R6209,5,PLAT:LSX:N62C:WB,M62W05
R6209,5,PLAT:LSX:N62D:WB,M62W05
R6209,5,SEC:LSX:N62C_N62D:WB,M62W05
R6301,1,PLAT:LSX:J63B:EB,M63W01
R6301,1,PLAT:LSX:N63C:EB,M63W01
R6301,1,SEC:LSX:J63B_N63C:EB,M63W01
R6301,2,PLAT:LSX:J63B:EB,M63W02
R6301,2,PLAT:LSX:N63C:EB,M63W02
R6301,2,SEC:LSX:J63B_N63C:EB,M63W02
R6301,3,PLAT:LSX:J63B:EB,M63W03
R6301,3,PLAT:LSX:N63C:EB,M63W03
R6301,3,SEC:LSX:J63B_N63C:EB,M63W03
R6302,4,PLAT:LSX:N63C:WB,M63W04
R6302,4,PLAT:LSX:N63D:WB,M63W04
R6302,4,SEC:LSX:N63C_N63D:WB,M63W04
R6302,5,PLAT:LSX:N63C:WB,M63W05
R6302,5,PLAT:LSX:N63D:WB,M63W05
R6302,5,SEC:LSX:N63C_N63D:WB,M63W05
R6303,6,PLAT:LSX:J63A:EB,M63W06
R6303,6,PLAT:LSX:J63B:EB,M63W06
R6303,6,SEC:LSX:J63A_J63B:EB,M63W06
R6304,7,PLAT:LSY:J63B:WB,M63W07
R6304,7,PLAT:LSY:S63C:WB,M63W07
R6304,7,PLAT:LSY:S63D:WB,M63W07
R6304,7,SEC:LSY:J63B_S63C:WB,M63W07
R6304,7,SEC:LSY:S63C_S63D:WB,M63W07
R6304,8,PLAT:LSY:J63B:WB,M63W08
R6304,8,PLAT:LSY:S63C:WB,M63W08
R6304,8,PLAT:LSY:S63D:WB,M63W08
R6304,8,SEC:LSY:J63B_S63C:WB,M63W08
R6304,8,SEC:LSY:S63C_S63D:WB,M63W08
R6305,9,PLAT:LSY:S63C:WB,M63W09
R6305,9,PLAT:LSY:S63D:WB,M63W09
R6305,9,SEC:LSY:S63C_S63D:WB,M63W09
R6306,10,PLAT:LSY:J63A:EB,M63W10
R6306,10,PLAT:LSY:J63B:EB,M63W10
R6306,10,SEC:LSY:J63A_J63B:EB,M63W10
R6306,11,PLAT:LSY:J63A:EB,M63W11
R6306,11,PLAT:LSY:J63B:EB,M63W11
R6306,11,SEC:LSY:J63A_J63B:EB,M63W11
R6307,12,PLAT:LSX:J63B:WB,M63W12
R6307,12,PLAT:LSX:N63C:WB,M63W12
R6307,12,PLAT:LSX:N63D:WB,M63W12
R6307,12,SEC:LSX:J63B_N63C:WB,M63W12
R6307,12,SEC:LSX:N63C_N63D:WB,M63W12
R6307,13,PLAT:LSX:J63B:WB,M63W13
R6307,13,PLAT:LSX:N63C:WB,M63W13
R6307,13,PLAT:LSX:N63D:WB,M63W13
R6307,13,SEC:LSX:J63B_N63C:WB,M63W13
R6307,13,SEC:LSX:N63C_N63D:WB,M63W13
R6308,14,PLAT:LSY:S63C:EB,M63W14
R6308,14,PLAT:LSY:S63D:EB,M63W14
R6308,14,SEC:LSY:S63C_S63D:EB,M63W14
R6309,4,PLAT:LSX:N63C:WB,M63W04
R6309,4,PLAT:LSX:N63D:WB,M63W04
R6309,4,SEC:LSX:N63C_N63D:WB,M63W04
R6309,5,PLAT:LSX:N63C:WB,M63W05
R6309,5,PLAT:LSX:N63D:WB,M63W05
R6309,5,SEC:LSX:N63C_N63D:WB,M63W05
R6401,1,PLAT:LSX:J64B:EB,M64W01
R6401,1,PLAT:LSX:N64C:EB,M64W01
R6401,1,SEC:LSX:J64B_N64C:EB,M64W01
R6401,2,PLAT:LSX:J64B:EB,M64W02
R6401,2,PLAT:LSX:N64C:EB,M64W02
R6401,2,SEC:LSX:J64B_N64C:EB,M64W02
R6401,3,PLAT:LSX:J64B:EB,M64W03
R6401,3,PLAT:LSX:N64C:EB,M64W03
R6401,3,SEC:LSX:J64B_N64C:EB,M64W03
R6402,4,PLAT:LSX:N64C:WB,M64W04
R6402,4,PLAT:LSX:N64D:WB,M64W04
R6402,4,SEC:LSX:N64C_N64D:WB,M64W04
R6402,5,PLAT:LSX:N64C:WB,M64W05
R6402,5,PLAT:LSX:N64D:WB,M64W05
R6402,5,SEC:LSX:N64C_N64D:WB,M64W05
R6403,6,PLAT:LSX:J64A:EB,M64W06
R6403,6,PLAT:LSX:J64B:EB,M64W06
R6403,6,SEC:LSX:J64A_J64B:EB,M64W06
R6404,7,PLAT:LSY:J64B:WB,M64W07
R6404,7,PLAT:LSY:S64C:WB,M64W07
R6404,7,PLAT:LSY:S64D:WB,M64W07
R6404,7,SEC:LSY:J64B_S64C:WB,M64W07
R6404,7,SEC:LSY:S64C_S64D:WB,M64W07
R6404,8,PLAT:LSY:J64B:WB,M64W08
R6404,8,PLAT:LSY:S64C:WB,M64W08
R6404,8,PLAT:LSY:S64D:WB,M64W08
R6404,8,SEC:LSY:J64B_S64C:WB,M64W08
R6404,8,SEC:LSY:S64C_S64D:WB,M64W08
R6405,9,PLAT:LSY:S64C:WB,M64W09
R6405,9,PLAT:LSY:S64D:WB,M64W09
R6405,9,SEC:LSY:S64C_S64D:WB,M64W09
R6406,10,PLAT:LSY:J64A:EB,M64W10
R6406,10,PLAT:LSY:J64B:EB,M64W10
R6406,10,SEC:LSY:J64A_J64B:EB,M64W10
R6406,11,PLAT:LSY:J64A:EB,M64W11
R6406,11,PLAT:LSY:J64B:EB,M64W11
R6406,11,SEC:LSY:J64A_J64B:EB,M64W11
R6407,12,PLAT:LSX:J64B:WB,M64W12
R6407,12,PLAT:LSX:N64C:WB,M64W12
R6407,12,PLAT:LSX:N64D:WB,M64W12
R6407,12,SEC:LSX:J64B_N64C:WB,M64W12
R6407,12,SEC:LSX:N64C_N64D:WB,M64W12
R6407,13,PLAT:LSX:J64B:WB,M64W13
R6407,13,PLAT:LSX:N64C:WB,M64W13
R6407,13,PLAT:LSX:N64D:WB,M64W13
R6407,13,SEC:LSX:J64B_N64C:WB,M64W13
R6407,13,SEC:LSX:N64C_N64D:WB,M64W13
R6408,14,PLAT:LSY:S64C:EB,M64W14
R6408,14,PLAT:LSY:S64D:EB,M64W14
R6408,14,SEC:LSY:S64C_S64D:EB,M64W14
R6409,4,PLAT:LSX:N64C:WB,M64W04
R6409,4,PLAT:LSX:N64D:WB,M64W04
R6409,4,SEC:LSX:N64C_N64D:WB,M64W04
R6409,5,PLAT:LSX:N64C:WB,M64W05
R6409,5,PLAT:LSX:N64D:WB,M64W05
R6409,5,SEC:LSX:N64C_N64D:WB,M64W05
R6501,1,PLAT:LSX:J65B:EB,M65W01
R6501,1,PLAT:LSX:N65C:EB,M65W01
R6501,1,SEC:LSX:J65B_N65C:EB,M65W01
R6501,2,PLAT:LSX:J65B:EB,M65W02
R6501,2,PLAT:LSX:N65C:EB,M65W02
R6501,2,SEC:LSX:J65B_N65C:EB,M65W02
R6501,3,PLAT:LSX:J65B:EB,M65W03
R6501,3,PLAT:LSX:N65C:EB,M65W03
R6501,3,SEC:LSX:J65B_N65C:EB,M65W03
R6502,4,PLAT:LSX:N65C:WB,M65W04
R6502,4,PLAT:LSX:N65D:WB,M65W04
R6502,4,SEC:LSX:N65C_N65D:WB,M65W04
R6502,5,PLAT:LSX:N65C:WB,M65W05
R6502,5,PLAT:LSX:N65D:WB,M65W05
R6502,5,SEC:LSX:N65C_N65D:WB,M65W05
R6503,6,PLAT:LSX:J65A:EB,M65W06
R6503,6,PLAT:LSX:J65B:EB,M65W06
R6503,6,SEC:LSX:J65A_J65B:EB,M65W06
R6504,7,PLAT:LSY:J65B:WB,M65W07
R6504,7,PLAT:LSY:S65C:WB,M65W07
R6504,7,PLAT:LSY:S65D:WB,M65W07
R6504,7,SEC:LSY:J65B_S65C:WB,M65W07
R6504,7,SEC:LSY:S65C_S65D:WB,M65W07
R6504,8,PLAT:LSY:J65B:WB,M65W08
R6504,8,PLAT:LSY:S65C:WB,M65W08
R6504,8,PLAT:LSY:S65D:WB,M65W08
R6504,8,SEC:LSY:J65B_S65C:WB,M65W08
R6504,8,SEC:LSY:S65C_S65D:WB,M65W08
R6505,9,PLAT:LSY:S65C:WB,M65W09
R6505,9,PLAT:LSY:S65D:WB,M65W09
R6505,9,SEC:LSY:S65C_S65D:WB,M65W09
R6506,10,PLAT:LSY:J65A:EB,M65W10
R6506,10,PLAT:LSY:J65B:EB,M65W10
R6506,10,SEC:LSY:J65A_J65B:EB,M65W10
R6506,11,PLAT:LSY:J65A:EB,M65W11
R6506,11,PLAT:LSY:J65B:EB,M65W11
R6506,11,SEC:LSY:J65A_J65B:EB,M65W11
R6507,12,PLAT:LSX:J65B:WB,M65W12
R6507,12,PLAT:LSX:N65C:WB,M65W12
R6507,12,PLAT:LSX:N65D:WB,M65W12
R6507,12,SEC:LSX:J65B_N65C:WB,M65W12
R6507,12,SEC:LSX:N65C_N65D:WB,M65W12
R6507,13,PLAT:LSX:J65B:WB,M65W13
R6507,13,PLAT:LSX:N65C:WB,M65W13
R6507,13,PLAT:LSX:N65D:WB,M65W13
R6507,13,SEC:LSX:J65B_N65C:WB,M65W13
R6507,13,SEC:LSX:N65C_N65D:WB,M65W13
R6508,14,PLAT:LSY:S65C:EB,M65W14
R6508,14,PLAT:LSY:S65D:EB,M65W14
R6508,14,SEC:LSY:S65C_S65D:EB,M65W14
R6509,4,PLAT:LSX:N65C:WB,M65W04
R6509,4,PLAT:LSX:N65D:WB,M65W04
R6509,4,SEC:LSX:N65C_N65D:WB,M65W04
R6509,5,PLAT:LSX:N65C:WB,M65W05
R6509,5,PLAT:LSX:N65D:WB,M65W05
R6509,5,SEC:LSX:N65C_N65D:WB,M65W05
R6601,1,PLAT:LSX:J66B:EB,M66W01
R6601,1,PLAT:LSX:N66C:EB,M66W01
R6601,1,SEC:LSX:J66B_N66C:EB,M66W01
R6601,2,PLAT:LSX:J66B:EB,M66W02
R6601,2,PLAT:LSX:N66C:EB,M66W02
R6601,2,SEC:LSX:J66B_N66C:EB,M66W02
R6601,3,PLAT:LSX:J66B:EB,M66W03
R6601,3,PLAT:LSX:N66C:EB,M66W03
R6601,3,SEC:LSX:J66B_N66C:EB,M66W03
R6602,4,PLAT:LSX:N66C:WB,M66W04
R6602,4,PLAT:LSX:N66D:WB,M66W04
R6602,4,SEC:LSX:N66C_N66D:WB,M66W04
R6602,5,PLAT:LSX:N66C:WB,M66W05
R6602,5,PLAT:LSX:N66D:WB,M66W05
R6602,5,SEC:LSX:N66C_N66D:WB,M66W05
R6603,6,PLAT:LSX:J66A:EB,M66W06
R6603,6,PLAT:LSX:J66B:EB,M66W06
R6603,6,SEC:LSX:J66A_J66B:EB,M66W06
R6604,7,PLAT:LSY:J66B:WB,M66W07
R6604,7,PLAT:LSY:S66C:WB,M66W07
R6604,7,PLAT:LSY:S66D:WB,M66W07
R6604,7,SEC:LSY:J66B_S66C:WB,M66W07
R6604,7,SEC:LSY:S66C_S66D:WB,M66W07
R6604,8,PLAT:LSY:J66B:WB,M66W08
R6604,8,PLAT:LSY:S66C:WB,M66W08
R6604,8,PLAT:LSY:S66D:WB,M66W08
R6604,8,SEC:LSY:J66B_S66C:WB,M66W08
R6604,8,SEC:LSY:S66C_S66D:WB,M66W08
R6605,9,PLAT:LSY:S66C:WB,M66W09
R6605,9,PLAT:LSY:S66D:WB,M66W09
R6605,9,SEC:LSY:S66C_S66D:WB,M66W09
R6606,10,PLAT:LSY:J66A:EB,M66W10
R6606,10,PLAT:LSY:J66B:EB,M66W10
R6606,10,SEC:LSY:J66A_J66B:EB,M66W10
R6606,11,PLAT:LSY:J66A:EB,M66W11
R6606,11,PLAT:LSY:J66B:EB,M66W11
R6606,11,SEC:LSY:J66A_J66B:EB,M66W11
R6607,12,PLAT:LSX:J66B:WB,M66W12
R6607,12,PLAT:LSX:N66C:WB,M66W12
R6607,12,PLAT:LSX:N66D:WB,M66W12
R6607,12,SEC:LSX:J66B_N66C:WB,M66W12
R6607,12,SEC:LSX:N66C_N66D:WB,M66W12
R6607,13,PLAT:LSX:J66B:WB,M66W13
R6607,13,PLAT:LSX:N66C:WB,M66W13
R6607,13,PLAT:LSX:N66D:WB,M66W13
R6607,13,SEC:LSX:J66B_N66C:WB,M66W13
R6607,13,SEC:LSX:N66C_N66D:WB,M66W13
R6608,14,PLAT:LSY:S66C:EB,M66W14
R6608,14,PLAT:LSY:S66D:EB,M66W14
R6608,14,SEC:LSY:S66C_S66D:EB,M66W14
R6609,4,PLAT:LSX:N66C:WB,M66W04
R6609,4,PLAT:LSX:N66D:WB,M66W04
R6609,4,SEC:LSX:N66C_N66D:WB,M66W04
R6609,5,PLAT:LSX:N66C:WB,M66W05
R6609,5,PLAT:LSX:N66D:WB,M66W05
R6609,5,SEC:LSX:N66C_N66D:WB,M66W05
R6701,1,PLAT:LSX:J67B:EB,M67W01
R6701,1,PLAT:LSX:N67C:EB,M67W01
R6701,1,SEC:LSX:J67B_N67C:EB,M67W01
R6701,2,PLAT:LSX:J67B:EB,M67W02
R6701,2,PLAT:LSX:N67C:EB,M67W02
R6701,2,SEC:LSX:J67B_N67C:EB,M67W02
R6701,3,PLAT:LSX:J67B:EB,M67W03
R6701,3,PLAT:LSX:N67C:EB,M67W03
R6701,3,SEC:LSX:J67B_N67C:EB,M67W03
R6702,4,PLAT:LSX:N67C:WB,M67W04
R6702,4,PLAT:LSX:N67D:WB,M67W04
R6702,4,SEC:LSX:N67C_N67D:WB,M67W04
R6702,5,PLAT:LSX:N67C:WB,M67W05
R6702,5,PLAT:LSX:N67D:WB,M67W05
R6702,5,SEC:LSX:N67C_N67D:WB,M67W05
R6703,6,PLAT:LSX:J67A:EB,M67W06
R6703,6,PLAT:LSX:J67B:EB,M67W06
R6703,6,SEC:LSX:J67A_J67B:EB,M67W06
R6704,7,PLAT:LSY:J67B:WB,M67W07
R6704,7,PLAT:LSY:S67C:WB,M67W07
R6704,7,PLAT:LSY:S67D:WB,M67W07
R6704,7,SEC:LSY:J67B_S67C:WB,M67W07
R6704,7,SEC:LSY:S67C_S67D:WB,M67W07
R6704,8,PLAT:LSY:J67B:WB,M67W08
R6704,8,PLAT:LSY:S67C:WB,M67W08
R6704,8,PLAT:LSY:S67D:WB,M67W08
R6704,8,SEC:LSY:J67B_S67C:WB,M67W08
R6704,8,SEC:LSY:S67C_S67D:WB,M67W08
R6705,9,PLAT:LSY:S67C:WB,M67W09
R6705,9,PLAT:LSY:S67D:WB,M67W09
R6705,9,SEC:LSY:S67C_S67D:WB,M67W09
R6706,10,PLAT:LSY:J67A:EB,M67W10
R6706,10,PLAT:LSY:J67B:EB,M67W10
R6706,10,SEC:LSY:J67A_J67B:EB,M67W10
R6706,11,PLAT:LSY:J67A:EB,M67W11
R6706,11,PLAT:LSY:J67B:EB,M67W11
R6706,11,SEC:LSY:J67A_J67B:EB,M67W11
R6707,12,PLAT:LSX:J67B:WB,M67W12
R6707,12,PLAT:LSX:N67C:WB,M67W12
R6707,12,PLAT:LSX:N67D:WB,M67W12
R6707,12,SEC:LSX:J67B_N67C:WB,M67W12
R6707,12,SEC:LSX:N67C_N67D:WB,M67W12
R6707,13,PLAT:LSX:J67B:WB,M67W13
R6707,13,PLAT:LSX:N67C:WB,M67W13
R6707,13,PLAT:LSX:N67D:WB,M67W13
R6707,13,SEC:LSX:J67B_N67C:WB,M67W13
R6707,13,SEC:LSX:N67C_N67D:WB,M67W13
R6708,14,PLAT:LSY:S67C:EB,M67W14
R6708,14,PLAT:LSY:S67D:EB,M67W14
R6708,14,SEC:LSY:S67C_S67D:EB,M67W14
R6709,4,PLAT:LSX:N67C:WB,M67W04
R6709,4,PLAT:LSX:N67D:WB,M67W04
R6709,4,SEC:LSX:N67C_N67D:WB,M67W04
R6709,5,PLAT:LSX:N67C:WB,M67W05
R6709,5,PLAT:LSX:N67D:WB,M67W05
R6709,5,SEC:LSX:N67C_N67D:WB,M67W05
R6801,1,PLAT:LSX:J68B:EB,M68W01
R6801,1,PLAT:LSX:N68C:EB,M68W01
R6801,1,SEC:LSX:J68B_N68C:EB,M68W01
R6801,2,PLAT:LSX:J68B:EB,M68W02
R6801,2,PLAT:LSX:N68C:EB,M68W02
R6801,2,SEC:LSX:J68B_N68C:EB,M68W02
R6801,3,PLAT:LSX:J68B:EB,M68W03
R6801,3,PLAT:LSX:N68C:EB,M68W03
R6801,3,SEC:LSX:J68B_N68C:EB,M68W03
R6802,4,PLAT:LSX:N68C:WB,M68W04
R6802,4,PLAT:LSX:N68D:WB,M68W04
R6802,4,SEC:LSX:N68C_N68D:WB,M68W04
R6802,5,PLAT:LSX:N68C:WB,M68W05
R6802,5,PLAT:LSX:N68D:WB,M68W05
R6802,5,SEC:LSX:N68C_N68D:WB,M68W05
R6803,6,PLAT:LSX:J68A:EB,M68W06
R6803,6,PLAT:LSX:J68B:EB,M68W06
R6803,6,SEC:LSX:J68A_J68B:EB,M68W06
R6804,7,PLAT:LSY:J68B:WB,M68W07
R6804,7,PLAT:LSY:S68C:WB,M68W07
R6804,7,PLAT:LSY:S68D:WB,M68W07
R6804,7,SEC:LSY:J68B_S68C:WB,M68W07
R6804,7,SEC:LSY:S68C_S68D:WB,M68W07
R6804,8,PLAT:LSY:J68B:WB,M68W08
R6804,8,PLAT:LSY:S68C:WB,M68W08
R6804,8,PLAT:LSY:S68D:WB,M68W08
R6804,8,SEC:LSY:J68B_S68C:WB,M68W08
R6804,8,SEC:LSY:S68C_S68D:WB,M68W08
R6805,9,PLAT:LSY:S68C:WB,M68W09
R6805,9,PLAT:LSY:S68D:WB,M68W09
R6805,9,SEC:LSY:S68C_S68D:WB,M68W09
R6806,10,PLAT:LSY:J68A:EB,M68W10
R6806,10,PLAT:LSY:J68B:EB,M68W10
R6806,10,SEC:LSY:J68A_J68B:EB,M68W10
R6806,11,PLAT:LSY:J68A:EB,M68W11
R6806,11,PLAT:LSY:J68B:EB,M68W11
R6806,11,SEC:LSY:J68A_J68B:EB,M68W11
R6807,12,PLAT:LSX:J68B:WB,M68W12
R6807,12,PLAT:LSX:N68C:WB,M68W12
R6807,12,PLAT:LSX:N68D:WB,M68W12
R6807,12,SEC:LSX:J68B_N68C:WB,M68W12
R6807,12,SEC:LSX:N68C_N68D:WB,M68W12
R6807,13,PLAT:LSX:J68B:WB,M68W13
R6807,13,PLAT:LSX:N68C:WB,M68W13
R6807,13,PLAT:LSX:N68D:WB,M68W13
R6807,13,SEC:LSX:J68B_N68C:WB,M68W13
R6807,13,SEC:LSX:N68C_N68D:WB,M68W13
R6808,14,PLAT:LSY:S68C:EB,M68W14
R6808,14,PLAT:LSY:S68D:EB,M68W14
R6808,14,SEC:LSY:S68C_S68D:EB,M68W14
R6809,4,PLAT:LSX:N68C:WB,M68W04
R6809,4,PLAT:LSX:N68D:WB,M68W04
R6809,4,SEC:LSX:N68C_N68D:WB,M68W04
R6809,5,PLAT:LSX:N68C:WB,M68W05
R6809,5,PLAT:LSX:N68D:WB,M68W05
R6809,5,SEC:LSX:N68C_N68D:WB,M68W05
R6901,1,PLAT:LSX:J69B:EB,M69W01
R6901,1,PLAT:LSX:N69C:EB,M69W01
R6901,1,SEC:LSX:J69B_N69C:EB,M69W01
R6901,2,PLAT:LSX:J69B:EB,M69W02
R6901,2,PLAT:LSX:N69C:EB,M69W02
R6901,2,SEC:LSX:J69B_N69C:EB,M69W02
R6901,3,PLAT:LSX:J69B:EB,M69W03
R6901,3,PLAT:LSX:N69C:EB,M69W03
R6901,3,SEC:LSX:J69B_N69C:EB,M69W03
R6902,4,PLAT:LSX:N69C:WB,M69W04
R6902,4,PLAT:LSX:N69D:WB,M69W04
R6902,4,SEC:LSX:N69C_N69D:WB,M69W04
R6902,5,PLAT:LSX:N69C:WB,M69W05
R6902,5,PLAT:LSX:N69D:WB,M69W05
R6902,5,SEC:LSX:N69C_N69D:WB,M69W05
R6903,6,PLAT:LSX:J69A:EB,M69W06
R6903,6,PLAT:LSX:J69B:EB,M69W06
R6903,6,SEC:LSX:J69A_J69B:EB,M69W06
R6904,7,PLAT:LSY:J69B:WB,M69W07
R6904,7,PLAT:LSY:S69C:WB,M69W07
R6904,7,PLAT:LSY:S69D:WB,M69W07
R6904,7,SEC:LSY:J69B_S69C:WB,M69W07
R6904,7,SEC:LSY:S69C_S69D:WB,M69W07
R6904,8,PLAT:LSY:J69B:WB,M69W08
R6904,8,PLAT:LSY:S69C:WB,M69W08
R6904,8,PLAT:LSY:S69D:WB,M69W08
R6904,8,SEC:LSY:J69B_S69C:WB,M69W08
R6904,8,SEC:LSY:S69C_S69D:WB,M69W08
R6905,9,PLAT:LSY:S69C:WB,M69W09
R6905,9,PLAT:LSY:S69D:WB,M69W09
R6905,9,SEC:LSY:S69C_S69D:WB,M69W09
R6906,10,PLAT:LSY:J69A:EB,M69W10
R6906,10,PLAT:LSY:J69B:EB,M69W10
R6906,10,SEC:LSY:J69A_J69B:EB,M69W10
R6906,11,PLAT:LSY:J69A:EB,M69W11
R6906,11,PLAT:LSY:J69B:EB,M69W11
R6906,11,SEC:LSY:J69A_J69B:EB,M69W11
R6907,12,PLAT:LSX:J69B:WB,M69W12
R6907,12,PLAT:LSX:N69C:WB,M69W12
R6907,12,PLAT:LSX:N69D:WB,M69W12
R6907,12,SEC:LSX:J69B_N69C:WB,M69W12
R6907,12,SEC:LSX:N69C_N69D:WB,M69W12
R6907,13,PLAT:LSX:J69B:WB,M69W13
R6907,13,PLAT:LSX:N69C:WB,M69W13
R6907,13,PLAT:LSX:N69D:WB,M69W13
R6907,13,SEC:LSX:J69B_N69C:WB,M69W13
R6907,13,SEC:LSX:N69C_N69D:WB,M69W13
R6908,14,PLAT:LSY:S69C:EB,M69W14
R6908,14,PLAT:LSY:S69D:EB,M69W14
R6908,14,SEC:LSY:S69C_S69D:EB,M69W14
R6909,4,PLAT:LSX:N69C:WB,M69W04
R6909,4,PLAT:LSX:N69D:WB,M69W04
R6909,4,SEC:LSX:N69C_N69D:WB,M69W04
R6909,5,PLAT:LSX:N69C:WB,M69W05
R6909,5,PLAT:LSX:N69D:WB,M69W05
R6909,5,SEC:LSX:N69C_N69D:WB,M69W05
R7001,1,PLAT:LSX:J70B:EB,M70W01
R7001,1,PLAT:LSX:N70C:EB,M70W01
R7001,1,SEC:LSX:J70B_N70C:EB,M70W01
R7001,2,PLAT:LSX:J70B:EB,M70W02
R7001,2,PLAT:LSX:N70C:EB,M70W02
R7001,2,SEC:LSX:J70B_N70C:EB,M70W02
R7001,3,PLAT:LSX:J70B:EB,M70W03
R7001,3,PLAT:LSX:N70C:EB,M70W03
R7001,3,SEC:LSX:J70B_N70C:EB,M70W03
R7002,4,PLAT:LSX:N70C:WB,M70W04
R7002,4,PLAT:LSX:N70D:WB,M70W04
R7002,4,SEC:LSX:N70C_N70D:WB,M70W04
R7002,5,PLAT:LSX:N70C:WB,M70W05
R7002,5,PLAT:LSX:N70D:WB,M70W05
R7002,5,SEC:LSX:N70C_N70D:WB,M70W05
R7003,6,PLAT:LSX:J70A:EB,M70W06
R7003,6,PLAT:LSX:J70B:EB,M70W06
R7003,6,SEC:LSX:J70A_J70B:EB,M70W06
R7004,7,PLAT:LSY:J70B:WB,M70W07
R7004,7,PLAT:LSY:S70C:WB,M70W07
R7004,7,PLAT:LSY:S70D:WB,M70W07
R7004,7,SEC:LSY:J70B_S70C:WB,M70W07
R7004,7,SEC:LSY:S70C_S70D:WB,M70W07
R7004,8,PLAT:LSY:J70B:WB,M70W08
R7004,8,PLAT:LSY:S70C:WB,M70W08
R7004,8,PLAT:LSY:S70D:WB,M70W08
R7004,8,SEC:LSY:J70B_S70C:WB,M70W08
R7004,8,SEC:LSY:S70C_S70D:WB,M70W08
R7005,9,PLAT:LSY:S70C:WB,M70W09
R7005,9,PLAT:LSY:S70D:WB,M70W09
R7005,9,SEC:LSY:S70C_S70D:WB,M70W09
R7006,10,PLAT:LSY:J70A:EB,M70W10
R7006,10,PLAT:LSY:J70B:EB,M70W10
R7006,10,SEC:LSY:J70A_J70B:EB,M70W10
R7006,11,PLAT:LSY:J70A:EB,M70W11
R7006,11,PLAT:LSY:J70B:EB,M70W11
R7006,11,SEC:LSY:J70A_J70B:EB,M70W11
R7007,12,PLAT:LSX:J70B:WB,M70W12
R7007,12,PLAT:LSX:N70C:WB,M70W12
R7007,12,PLAT:LSX:N70D:WB,M70W12
R7007,12,SEC:LSX:J70B_N70C:WB,M70W12
R7007,12,SEC:LSX:N70C_N70D:WB,M70W12
R7007,13,PLAT:LSX:J70B:WB,M70W13
R7007,13,PLAT:LSX:N70C:WB,M70W13
R7007,13,PLAT:LSX:N70D:WB,M70W13
R7007,13,SEC:LSX:J70B_N70C:WB,M70W13
R7007,13,SEC:LSX:N70C_N70D:WB,M70W13
R7008,14,PLAT:LSY:S70C:EB,M70W14
R7008,14,PLAT:LSY:S70D:EB,M70W14
R7008,14,SEC:LSY:S70C_S70D:EB,M70W14
R7009,4,PLAT:LSX:N70C:WB,M70W04
R7009,4,PLAT:LSX:N70D:WB,M70W04
R7009,4,SEC:LSX:N70C_N70D:WB,M70W04
R7009,5,PLAT:LSX:N70C:WB,M70W05
R7009,5,PLAT:LSX:N70D:WB,M70W05
R7009,5,SEC:LSX:N70C_N70D:WB,M70W05
R7101,1,PLAT:LSX:J71B:EB,M71W01
R7101,1,PLAT:LSX:N71C:EB,M71W01
R7101,1,SEC:LSX:J71B_N71C:EB,M71W01
R7101,2,PLAT:LSX:J71B:EB,M71W02
R7101,2,PLAT:LSX:N71C:EB,M71W02
R7101,2,SEC:LSX:J71B_N71C:EB,M71W02
R7101,3,PLAT:LSX:J71B:EB,M71W03
R7101,3,PLAT:LSX:N71C:EB,M71W03
R7101,3,SEC:LSX:J71B_N71C:EB,M71W03
R7102,4,PLAT:LSX:N71C:WB,M71W04
R7102,4,PLAT:LSX:N71D:WB,M71W04
R7102,4,SEC:LSX:N71C_N71D:WB,M71W04
R7102,5,PLAT:LSX:N71C:WB,M71W05
R7102,5,PLAT:LSX:N71D:WB,M71W05
R7102,5,SEC:LSX:N71C_N71D:WB,M71W05
R7103,6,PLAT:LSX:J71A:EB,M71W06
R7103,6,PLAT:LSX:J71B:EB,M71W06
R7103,6,SEC:LSX:J71A_J71B:EB,M71W06
R7104,7,PLAT:LSY:J71B:WB,M71W07
R7104,7,PLAT:LSY:S71C:WB,M71W07
R7104,7,PLAT:LSY:S71D:WB,M71W07
R7104,7,SEC:LSY:J71B_S71C:WB,M71W07
R7104,7,SEC:LSY:S71C_S71D:WB,M71W07
R7104,8,PLAT:LSY:J71B:WB,M71W08
R7104,8,PLAT:LSY:S71C:WB,M71W08
R7104,8,PLAT:LSY:S71D:WB,M71W08
R7104,8,SEC:LSY:J71B_S71C:WB,M71W08
R7104,8,SEC:LSY:S71C_S71D:WB,M71W08
R7105,9,PLAT:LSY:S71C:WB,M71W09
R7105,9,PLAT:LSY:S71D:WB,M71W09
R7105,9,SEC:LSY:S71C_S71D:WB,M71W09
R7106,10,PLAT:LSY:J71A:EB,M71W10
R7106,10,PLAT:LSY:J71B:EB,M71W10
R7106,10,SEC:LSY:J71A_J71B:EB,M71W10
R7106,11,PLAT:LSY:J71A:EB,M71W11
R7106,11,PLAT:LSY:J71B:EB,M71W11
R7106,11,SEC:LSY:J71A_J71B:EB,M71W11
R7107,12,PLAT:LSX:J71B:WB,M71W12
R7107,12,PLAT:LSX:N71C:WB,M71W12
R7107,12,PLAT:LSX:N71D:WB,M71W12
R7107,12,SEC:LSX:J71B_N71C:WB,M71W12
R7107,12,SEC:LSX:N71C_N71D:WB,M71W12
R7107,13,PLAT:LSX:J71B:WB,M71W13
R7107,13,PLAT:LSX:N71C:WB,M71W13
R7107,13,PLAT:LSX:N71D:WB,M71W13
R7107,13,SEC:LSX:J71B_N71C:WB,M71W13
R7107,13,SEC:LSX:N71C_N71D:WB,M71W13
R7108,14,PLAT:LSY:S71C:EB,M71W14
R7108,14,PLAT:LSY:S71D:EB,M71W14
R7108,14,SEC:LSY:S71C_S71D:EB,M71W14
R7109,4,PLAT:LSX:N71C:WB,M71W04
R7109,4,PLAT:LSX:N71D:WB,M71W04
R7109,4,SEC:LSX:N71C_N71D:WB,M71W04
R7109,5,PLAT:LSX:N71C:WB,M71W05
R7109,5,PLAT:LSX:N71D:WB,M71W05
R7109,5,SEC:LSX:N71C_N71D:WB,M71W05
R7201,1,PLAT:LSX:J72B:EB,M72W01
R7201,1,PLAT:LSX:N72C:EB,M72W01
R7201,1,SEC:LSX:J72B_N72C:EB,M72W01
R7201,2,PLAT:LSX:J72B:EB,M72W02
R7201,2,PLAT:LSX:N72C:EB,M72W02
R7201,2,SEC:LSX:J72B_N72C:EB,M72W02
R7201,3,PLAT:LSX:J72B:EB,M72W03
R7201,3,PLAT:LSX:N72C:EB,M72W03
R7201,3,SEC:LSX:J72B_N72C:EB,M72W03
R7202,4,PLAT:LSX:N72C:WB,M72W04
R7202,4,PLAT:LSX:N72D:WB,M72W04
R7202,4,SEC:LSX:N72C_N72D:WB,M72W04
R7202,5,PLAT:LSX:N72C:WB,M72W05
R7202,5,PLAT:LSX:N72D:WB,M72W05
R7202,5,SEC:LSX:N72C_N72D:WB,M72W05
R7203,6,PLAT:LSX:J72A:EB,M72W06
R7203,6,PLAT:LSX:J72B:EB,M72W06
R7203,6,SEC:LSX:J72A_J72B:EB,M72W06
R7204,7,PLAT:LSY:J72B:WB,M72W07
R7204,7,PLAT:LSY:S72C:WB,M72W07
R7204,7,PLAT:LSY:S72D:WB,M72W07
R7204,7,SEC:LSY:J72B_S72C:WB,M72W07
R7204,7,SEC:LSY:S72C_S72D:WB,M72W07
R7204,8,PLAT:LSY:J72B:WB,M72W08
R7204,8,PLAT:LSY:S72C:WB,M72W08
R7204,8,PLAT:LSY:S72D:WB,M72W08
R7204,8,SEC:LSY:J72B_S72C:WB,M72W08
R7204,8,SEC:LSY:S72C_S72D:WB,M72W08
R7205,9,PLAT:LSY:S72C:WB,M72W09
R7205,9,PLAT:LSY:S72D:WB,M72W09
R7205,9,SEC:LSY:S72C_S72D:WB,M72W09
R7206,10,PLAT:LSY:J72A:EB,M72W10
R7206,10,PLAT:LSY:J72B:EB,M72W10
R7206,10,SEC:LSY:J72A_J72B:EB,M72W10
R7206,11,PLAT:LSY:J72A:EB,M72W11
R7206,11,PLAT:LSY:J72B:EB,M72W11
R7206,11,SEC:LSY:J72A_J72B:EB,M72W11
R7207,12,PLAT:LSX:J72B:WB,M72W12
R7207,12,PLAT:LSX:N72C:WB,M72W12
R7207,12,PLAT:LSX:N72D:WB,M72W12
R7207,12,SEC:LSX:J72B_N72C:WB,M72W12
R7207,12,SEC:LSX:N72C_N72D:WB,M72W12
R7207,13,PLAT:LSX:J72B:WB,M72W13
R7207,13,PLAT:LSX:N72C:WB,M72W13
R7207,13,PLAT:LSX:N72D:WB,M72W13
R7207,13,SEC:LSX:J72B_N72C:WB,M72W13
R7207,13,SEC:LSX:N72C_N72D:WB,M72W13
R7208,14,PLAT:LSY:S72C:EB,M72W14
R7208,14,PLAT:LSY:S72D:EB,M72W14
R7208,14,SEC:LSY:S72C_S72D:EB,M72W14
R7209,4,PLAT:LSX:N72C:WB,M72W04
R7209,4,PLAT:LSX:N72D:WB,M72W04
R7209,4,SEC:LSX:N72C_N72D:WB,M72W04
R7209,5,PLAT:LSX:N72C:WB,M72W05
R7209,5,PLAT:LSX:N72D:WB,M72W05
R7209,5,SEC:LSX:N72C_N72D:WB,M72W05
R7301,1,PLAT:LSX:J73B:EB,M73W01
R7301,1,PLAT:LSX:N73C:EB,M73W01
R7301,1,SEC:LSX:J73B_N73C:EB,M73W01
R7301,2,PLAT:LSX:J73B:EB,M73W02
R7301,2,PLAT:LSX:N73C:EB,M73W02
R7301,2,SEC:LSX:J73B_N73C:EB,M73W02
R7301,3,PLAT:LSX:J73B:EB,M73W03
R7301,3,PLAT:LSX:N73C:EB,M73W03
R7301,3,SEC:LSX:J73B_N73C:EB,M73W03
R7302,4,PLAT:LSX:N73C:WB,M73W04
R7302,4,PLAT:LSX:N73D:WB,M73W04
R7302,4,SEC:LSX:N73C_N73D:WB,M73W04
R7302,5,PLAT:LSX:N73C:WB,M73W05
R7302,5,PLAT:LSX:N73D:WB,M73W05
R7302,5,SEC:LSX:N73C_N73D:WB,M73W05
R7303,6,PLAT:LSX:J73A:EB,M73W06
R7303,6,PLAT:LSX:J73B:EB,M73W06
R7303,6,SEC:LSX:J73A_J73B:EB,M73W06
R7304,7,PLAT:LSY:J73B:WB,M73W07
R7304,7,PLAT:LSY:S73C:WB,M73W07
R7304,7,PLAT:LSY:S73D:WB,M73W07
R7304,7,SEC:LSY:J73B_S73C:WB,M73W07
R7304,7,SEC:LSY:S73C_S73D:WB,M73W07
R7304,8,PLAT:LSY:J73B:WB,M73W08
R7304,8,PLAT:LSY:S73C:WB,M73W08
R7304,8,PLAT:LSY:S73D:WB,M73W08
R7304,8,SEC:LSY:J73B_S73C:WB,M73W08
R7304,8,SEC:LSY:S73C_S73D:WB,M73W08
R7305,9,PLAT:LSY:S73C:WB,M73W09
R7305,9,PLAT:LSY:S73D:WB,M73W09
R7305,9,SEC:LSY:S73C_S73D:WB,M73W09
R7306,10,PLAT:LSY:J73A:EB,M73W10
R7306,10,PLAT:LSY:J73B:EB,M73W10
R7306,10,SEC:LSY:J73A_J73B:EB,M73W10
R7306,11,PLAT:LSY:J73A:EB,M73W11
R7306,11,PLAT:LSY:J73B:EB,M73W11
R7306,11,SEC:LSY:J73A_J73B:EB,M73W11
R7307,12,PLAT:LSX:J73B:WB,M73W12
R7307,12,PLAT:LSX:N73C:WB,M73W12
R7307,12,PLAT:LSX:N73D:WB,M73W12
R7307,12,SEC:LSX:J73B_N73C:WB,M73W12
R7307,12,SEC:LSX:N73C_N73D:WB,M73W12
R7307,13,PLAT:LSX:J73B:WB,M73W13
R7307,13,PLAT:LSX:N73C:WB,M73W13
R7307,13,PLAT:LSX:N73D:WB,M73W13
R7307,13,SEC:LSX:J73B_N73C:WB,M73W13
R7307,13,SEC:LSX:N73C_N73D:WB,M73W13
R7308,14,PLAT:LSY:S73C:EB,M73W14
R7308,14,PLAT:LSY:S73D:EB,M73W14
R7308,14,SEC:LSY:S73C_S73D:EB,M73W14
R7309,4,PLAT:LSX:N73C:WB,M73W04
R7309,4,PLAT:LSX:N73D:WB,M73W04
R7309,4,SEC:LSX:N73C_N73D:WB,M73W04
R7309,5,PLAT:LSX:N73C:WB,M73W05
R7309,5,PLAT:LSX:N73D:WB,M73W05
R7309,5,SEC:LSX:N73C_N73D:WB,M73W05
R7401,1,PLAT:LSX:J74B:EB,M74W01
R7401,1,PLAT:LSX:N74C:EB,M74W01
R7401,1,SEC:LSX:J74B_N74C:EB,M74W01
R7401,2,PLAT:LSX:J74B:EB,M74W02
R7401,2,PLAT:LSX:N74C:EB,M74W02
R7401,2,SEC:LSX:J74B_N74C:EB,M74W02
R7401,3,PLAT:LSX:J74B:EB,M74W03
R7401,3,PLAT:LSX:N74C:EB,M74W03
R7401,3,SEC:LSX:J74B_N74C:EB,M74W03
R7402,4,PLAT:LSX:N74C:WB,M74W04
R7402,4,PLAT:LSX:N74D:WB,M74W04
R7402,4,SEC:LSX:N74C_N74D:WB,M74W04
R7402,5,PLAT:LSX:N74C:WB,M74W05
R7402,5,PLAT:LSX:N74D:WB,M74W05
R7402,5,SEC:LSX:N74C_N74D:WB,M74W05
R7403,6,PLAT:LSX:J74A:EB,M74W06
R7403,6,PLAT:LSX:J74B:EB,M74W06
R7403,6,SEC:LSX:J74A_J74B:EB,M74W06
R7404,7,PLAT:LSY:J74B:WB,M74W07
R7404,7,PLAT:LSY:S74C:WB,M74W07
R7404,7,PLAT:LSY:S74D:WB,M74W07
R7404,7,SEC:LSY:J74B_S74C:WB,M74W07
R7404,7,SEC:LSY:S74C_S74D:WB,M74W07
R7404,8,PLAT:LSY:J74B:WB,M74W08
R7404,8,PLAT:LSY:S74C:WB,M74W08
R7404,8,PLAT:LSY:S74D:WB,M74W08
R7404,8,SEC:LSY:J74B_S74C:WB,M74W08
R7404,8,SEC:LSY:S74C_S74D:WB,M74W08
R7405,9,PLAT:LSY:S74C:WB,M74W09
R7405,9,PLAT:LSY:S74D:WB,M74W09
R7405,9,SEC:LSY:S74C_S74D:WB,M74W09
R7406,10,PLAT:LSY:J74A:EB,M74W10
R7406,10,PLAT:LSY:J74B:EB,M74W10
R7406,10,SEC:LSY:J74A_J74B:EB,M74W10
R7406,11,PLAT:LSY:J74A:EB,M74W11
R7406,11,PLAT:LSY:J74B:EB,M74W11
R7406,11,SEC:LSY:J74A_J74B:EB,M74W11
R7407,12,PLAT:LSX:J74B:WB,M74W12
R7407,12,PLAT:LSX:N74C:WB,M74W12
R7407,12,PLAT:LSX:N74D:WB,M74W12
R7407,12,SEC:LSX:J74B_N74C:WB,M74W12
R7407,12,SEC:LSX:N74C_N74D:WB,M74W12
R7407,13,PLAT:LSX:J74B:WB,M74W13
R7407,13,PLAT:LSX:N74C:WB,M74W13
R7407,13,PLAT:LSX:N74D:WB,M74W13
R7407,13,SEC:LSX:J74B_N74C:WB,M74W13
R7407,13,SEC:LSX:N74C_N74D:WB,M74W13
R7408,14,PLAT:LSY:S74C:EB,M74W14
R7408,14,PLAT:LSY:S74D:EB,M74W14
R7408,14,SEC:LSY:S74C_S74D:EB,M74W14
R7409,4,PLAT:LSX:N74C:WB,M74W04
R7409,4,PLAT:LSX:N74D:WB,M74W04
R7409,4,SEC:LSX:N74C_N74D:WB,M74W04
R7409,5,PLAT:LSX:N74C:WB,M74W05
R7409,5,PLAT:LSX:N74D:WB,M74W05
R7409,5,SEC:LSX:N74C_N74D:WB,M74W05
R7501,1,PLAT:LSX:J75B:EB,M75W01
R7501,1,PLAT:LSX:N75C:EB,M75W01
R7501,1,SEC:LSX:J75B_N75C:EB,M75W01
R7501,2,PLAT:LSX:J75B:EB,M75W02
R7501,2,PLAT:LSX:N75C:EB,M75W02
R7501,2,SEC:LSX:J75B_N75C:EB,M75W02
R7501,3,PLAT:LSX:J75B:EB,M75W03
R7501,3,PLAT:LSX:N75C:EB,M75W03
R7501,3,SEC:LSX:J75B_N75C:EB,M75W03
R7502,4,PLAT:LSX:N75C:WB,M75W04
R7502,4,PLAT:LSX:N75D:WB,M75W04
R7502,4,SEC:LSX:N75C_N75D:WB,M75W04
R7502,5,PLAT:LSX:N75C:WB,M75W05
R7502,5,PLAT:LSX:N75D:WB,M75W05
R7502,5,SEC:LSX:N75C_N75D:WB,M75W05
R7503,6,PLAT:LSX:J75A:EB,M75W06
R7503,6,PLAT:LSX:J75B:EB,M75W06
R7503,6,SEC:LSX:J75A_J75B:EB,M75W06
R7504,7,PLAT:LSY:J75B:WB,M75W07
R7504,7,PLAT:LSY:S75C:WB,M75W07
R7504,7,PLAT:LSY:S75D:WB,M75W07
R7504,7,SEC:LSY:J75B_S75C:WB,M75W07
R7504,7,SEC:LSY:S75C_S75D:WB,M75W07
R7504,8,PLAT:LSY:J75B:WB,M75W08
R7504,8,PLAT:LSY:S75C:WB,M75W08
R7504,8,PLAT:LSY:S75D:WB,M75W08
R7504,8,SEC:LSY:J75B_S75C:WB,M75W08
R7504,8,SEC:LSY:S75C_S75D:WB,M75W08
R7505,9,PLAT:LSY:S75C:WB,M75W09
R7505,9,PLAT:LSY:S75D:WB,M75W09
R7505,9,SEC:LSY:S75C_S75D:WB,M75W09
R7506,10,PLAT:LSY:J75A:EB,M75W10
R7506,10,PLAT:LSY:J75B:EB,M75W10
R7506,10,SEC:LSY:J75A_J75B:EB,M75W10
R7506,11,PLAT:LSY:J75A:EB,M75W11
R7506,11,PLAT:LSY:J75B:EB,M75W11
R7506,11,SEC:LSY:J75A_J75B:EB,M75W11
R7507,12,PLAT:LSX:J75B:WB,M75W12
R7507,12,PLAT:LSX:N75C:WB,M75W12
R7507,12,PLAT:LSX:N75D:WB,M75W12
R7507,12,SEC:LSX:J75B_N75C:WB,M75W12
R7507,12,SEC:LSX:N75C_N75D:WB,M75W12
R7507,13,PLAT:LSX:J75B:WB,M75W13
R7507,13,PLAT:LSX:N75C:WB,M75W13
R7507,13,PLAT:LSX:N75D:WB,M75W13
R7507,13,SEC:LSX:J75B_N75C:WB,M75W13
R7507,13,SEC:LSX:N75C_N75D:WB,M75W13
R7508,14,PLAT:LSY:S75C:EB,M75W14
R7508,14,PLAT:LSY:S75D:EB,M75W14
R7508,14,SEC:LSY:S75C_S75D:EB,M75W14
R7509,4,PLAT:LSX:N75C:WB,M75W04
R7509,4,PLAT:LSX:N75D:WB,M75W04
R7509,4,SEC:LSX:N75C_N75D:WB,M75W04
R7509,5,PLAT:LSX:N75C:WB,M75W05
R7509,5,PLAT:LSX:N75D:WB,M75W05
R7509,5,SEC:LSX:N75C_N75D:WB,M75W05
R7601,1,PLAT:LSX:J76B:EB,M76W01
R7601,1,PLAT:LSX:N76C:EB,M76W01
R7601,1,SEC:LSX:J76B_N76C:EB,M76W01
R7601,2,PLAT:LSX:J76B:EB,M76W02
R7601,2,PLAT:LSX:N76C:EB,M76W02
R7601,2,SEC:LSX:J76B_N76C:EB,M76W02
R7601,3,PLAT:LSX:J76B:EB,M76W03
R7601,3,PLAT:LSX:N76C:EB,M76W03
R7601,3,SEC:LSX:J76B_N76C:EB,M76W03
R7602,4,PLAT:LSX:N76C:WB,M76W04
R7602,4,PLAT:LSX:N76D:WB,M76W04
R7602,4,SEC:LSX:N76C_N76D:WB,M76W04
R7602,5,PLAT:LSX:N76C:WB,M76W05
R7602,5,PLAT:LSX:N76D:WB,M76W05
R7602,5,SEC:LSX:N76C_N76D:WB,M76W05
R7603,6,PLAT:LSX:J76A:EB,M76W06
R7603,6,PLAT:LSX:J76B:EB,M76W06
R7603,6,SEC:LSX:J76A_J76B:EB,M76W06
R7604,7,PLAT:LSY:J76B:WB,M76W07
R7604,7,PLAT:LSY:S76C:WB,M76W07
R7604,7,PLAT:LSY:S76D:WB,M76W07
R7604,7,SEC:LSY:J76B_S76C:WB,M76W07
R7604,7,SEC:LSY:S76C_S76D:WB,M76W07
R7604,8,PLAT:LSY:J76B:WB,M76W08
R7604,8,PLAT:LSY:S76C:WB,M76W08
R7604,8,PLAT:LSY:S76D:WB,M76W08
R7604,8,SEC:LSY:J76B_S76C:WB,M76W08
R7604,8,SEC:LSY:S76C_S76D:WB,M76W08
R7605,9,PLAT:LSY:S76C:WB,M76W09
R7605,9,PLAT:LSY:S76D:WB,M76W09
R7605,9,SEC:LSY:S76C_S76D:WB,M76W09
R7606,10,PLAT:LSY:J76A:EB,M76W10
R7606,10,PLAT:LSY:J76B:EB,M76W10
R7606,10,SEC:LSY:J76A_J76B:EB,M76W10
R7606,11,PLAT:LSY:J76A:EB,M76W11
R7606,11,PLAT:LSY:J76B:EB,M76W11
R7606,11,SEC:LSY:J76A_J76B:EB,M76W11
R7607,12,PLAT:LSX:J76B:WB,M76W12
R7607,12,PLAT:LSX:N76C:WB,M76W12
R7607,12,PLAT:LSX:N76D:WB,M76W12
R7607,12,SEC:LSX:J76B_N76C:WB,M76W12
R7607,12,SEC:LSX:N76C_N76D:WB,M76W12
R7607,13,PLAT:LSX:J76B:WB,M76W13
R7607,13,PLAT:LSX:N76C:WB,M76W13
R7607,13,PLAT:LSX:N76D:WB,M76W13
R7607,13,SEC:LSX:J76B_N76C:WB,M76W13
R7607,13,SEC:LSX:N76C_N76D:WB,M76W13
R7608,14,PLAT:LSY:S76C:EB,M76W14
R7608,14,PLAT:LSY:S76D:EB,M76W14
R7608,14,SEC:LSY:S76C_S76D:EB,M76W14
R7609,4,PLAT:LSX:N76C:WB,M76W04
R7609,4,PLAT:LSX:N76D:WB,M76W04
R7609,4,SEC:LSX:N76C_N76D:WB,M76W04
R7609,5,PLAT:LSX:N76C:WB,M76W05
R7609,5,PLAT:LSX:N76D:WB,M76W05
R7609,5,SEC:LSX:N76C_N76D:WB,M76W05
R7701,1,PLAT:LSX:J77B:EB,M77W01
R7701,1,PLAT:LSX:N77C:EB,M77W01
R7701,1,SEC:LSX:J77B_N77C:EB,M77W01
R7701,2,PLAT:LSX:J77B:EB,M77W02
R7701,2,PLAT:LSX:N77C:EB,M77W02
R7701,2,SEC:LSX:J77B_N77C:EB,M77W02
R7701,3,PLAT:LSX:J77B:EB,M77W03
R7701,3,PLAT:LSX:N77C:EB,M77W03
R7701,3,SEC:LSX:J77B_N77C:EB,M77W03
R7702,4,PLAT:LSX:N77C:WB,M77W04
R7702,4,PLAT:LSX:N77D:WB,M77W04
R7702,4,SEC:LSX:N77C_N77D:WB,M77W04
R7702,5,PLAT:LSX:N77C:WB,M77W05
R7702,5,PLAT:LSX:N77D:WB,M77W05
R7702,5,SEC:LSX:N77C_N77D:WB,M77W05
R7703,6,PLAT:LSX:J77A:EB,M77W06
R7703,6,PLAT:LSX:J77B:EB,M77W06
R7703,6,SEC:LSX:J77A_J77B:EB,M77W06
R7704,7,PLAT:LSY:J77B:WB,M77W07
R7704,7,PLAT:LSY:S77C:WB,M77W07
R7704,7,PLAT:LSY:S77D:WB,M77W07
R7704,7,SEC:LSY:J77B_S77C:WB,M77W07
R7704,7,SEC:LSY:S77C_S77D:WB,M77W07
R7704,8,PLAT:LSY:J77B:WB,M77W08
R7704,8,PLAT:LSY:S77C:WB,M77W08
R7704,8,PLAT:LSY:S77D:WB,M77W08
R7704,8,SEC:LSY:J77B_S77C:WB,M77W08
R7704,8,SEC:LSY:S77C_S77D:WB,M77W08
R7705,9,PLAT:LSY:S77C:WB,M77W09
R7705,9,PLAT:LSY:S77D:WB,M77W09
R7705,9,SEC:LSY:S77C_S77D:WB,M77W09
R7706,10,PLAT:LSY:J77A:EB,M77W10
R7706,10,PLAT:LSY:J77B:EB,M77W10
R7706,10,SEC:LSY:J77A_J77B:EB,M77W10
R7706,11,PLAT:LSY:J77A:EB,M77W11
R7706,11,PLAT:LSY:J77B:EB,M77W11
R7706,11,SEC:LSY:J77A_J77B:EB,M77W11
R7707,12,PLAT:LSX:J77B:WB,M77W12
R7707,12,PLAT:LSX:N77C:WB,M77W12
R7707,12,PLAT:LSX:N77D:WB,M77W12
R7707,12,SEC:LSX:J77B_N77C:WB,M77W12
R7707,12,SEC:LSX:N77C_N77D:WB,M77W12
R7707,13,PLAT:LSX:J77B:WB,M77W13
R7707,13,PLAT:LSX:N77C:WB,M77W13
R7707,13,PLAT:LSX:N77D:WB,M77W13
R7707,13,SEC:LSX:J77B_N77C:WB,M77W13
R7707,13,SEC:LSX:N77C_N77D:WB,M77W13
R7708,14,PLAT:LSY:S77C:EB,M77W14
R7708,14,PLAT:LSY:S77D:EB,M77W14
R7708,14,SEC:LSY:S77C_S77D:EB,M77W14
R7709,4,PLAT:LSX:N77C:WB,M77W04
R7709,4,PLAT:LSX:N77D:WB,M77W04
R7709,4,SEC:LSX:N77C_N77D:WB,M77W04
R7709,5,PLAT:LSX:N77C:WB,M77W05
R7709,5,PLAT:LSX:N77D:WB,M77W05
R7709,5,SEC:LSX:N77C_N77D:WB,M77W05
R7801,1,PLAT:LSX:J78B:EB,M78W01
R7801,1,PLAT:LSX:N78C:EB,M78W01
R7801,1,SEC:LSX:J78B_N78C:EB,M78W01
R7801,2,PLAT:LSX:J78B:EB,M78W02
R7801,2,PLAT:LSX:N78C:EB,M78W02
R7801,2,SEC:LSX:J78B_N78C:EB,M78W02
R7801,3,PLAT:LSX:J78B:EB,M78W03
R7801,3,PLAT:LSX:N78C:EB,M78W03
R7801,3,SEC:LSX:J78B_N78C:EB,M78W03
R7802,4,PLAT:LSX:N78C:WB,M78W04
R7802,4,PLAT:LSX:N78D:WB,M78W04
R7802,4,SEC:LSX:N78C_N78D:WB,M78W04
R7802,5,PLAT:LSX:N78C:WB,M78W05
R7802,5,PLAT:LSX:N78D:WB,M78W05
R7802,5,SEC:LSX:N78C_N78D:WB,M78W05
R7803,6,PLAT:LSX:J78A:EB,M78W06
R7803,6,PLAT:LSX:J78B:EB,M78W06
R7803,6,SEC:LSX:J78A_J78B:EB,M78W06
R7804,7,PLAT:LSY:J78B:WB,M78W07
R7804,7,PLAT:LSY:S78C:WB,M78W07
R7804,7,PLAT:LSY:S78D:WB,M78W07
R7804,7,SEC:LSY:J78B_S78C:WB,M78W07
R7804,7,SEC:LSY:S78C_S78D:WB,M78W07
R7804,8,PLAT:LSY:J78B:WB,M78W08
R7804,8,PLAT:LSY:S78C:WB,M78W08
R7804,8,PLAT:LSY:S78D:WB,M78W08
R7804,8,SEC:LSY:J78B_S78C:WB,M78W08
R7804,8,SEC:LSY:S78C_S78D:WB,M78W08
R7805,9,PLAT:LSY:S78C:WB,M78W09
R7805,9,PLAT:LSY:S78D:WB,M78W09
R7805,9,SEC:LSY:S78C_S78D:WB,M78W09
R7806,10,PLAT:LSY:J78A:EB,M78W10
R7806,10,PLAT:LSY:J78B:EB,M78W10
R7806,10,SEC:LSY:J78A_J78B:EB,M78W10
R7806,11,PLAT:LSY:J78A:EB,M78W11
R7806,11,PLAT:LSY:J78B:EB,M78W11
R7806,11,SEC:LSY:J78A_J78B:EB,M78W11
R7807,12,PLAT:LSX:J78B:WB,M78W12
R7807,12,PLAT:LSX:N78C:WB,M78W12
R7807,12,PLAT:LSX:N78D:WB,M78W12
R7807,12,SEC:LSX:J78B_N78C:WB,M78W12
R7807,12,SEC:LSX:N78C_N78D:WB,M78W12
R7807,13,PLAT:LSX:J78B:WB,M78W13
R7807,13,PLAT:LSX:N78C:WB,M78W13
R7807,13,PLAT:LSX:N78D:WB,M78W13
R7807,13,SEC:LSX:J78B_N78C:WB,M78W13
R7807,13,SEC:LSX:N78C_N78D:WB,M78W13
R7808,14,PLAT:LSY:S78C:EB,M78W14
R7808,14,PLAT:LSY:S78D:EB,M78W14
R7808,14,SEC:LSY:S78C_S78D:EB,M78W14
R7809,4,PLAT:LSX:N78C:WB,M78W04
R7809,4,PLAT:LSX:N78D:WB,M78W04
R7809,4,SEC:LSX:N78C_N78D:WB,M78W04
R7809,5,PLAT:LSX:N78C:WB,M78W05
R7809,5,PLAT:LSX:N78D:WB,M78W05
R7809,5,SEC:LSX:N78C_N78D:WB,M78W05
R7901,1,PLAT:LSX:J79B:EB,M79W01
R7901,1,PLAT:LSX:N79C:EB,M79W01
R7901,1,SEC:LSX:J79B_N79C:EB,M79W01
R7901,2,PLAT:LSX:J79B:EB,M79W02
R7901,2,PLAT:LSX:N79C:EB,M79W02
R7901,2,SEC:LSX:J79B_N79C:EB,M79W02
R7901,3,PLAT:LSX:J79B:EB,M79W03
R7901,3,PLAT:LSX:N79C:EB,M79W03
R7901,3,SEC:LSX:J79B_N79C:EB,M79W03
R7902,4,PLAT:LSX:N79C:WB,M79W04
R7902,4,PLAT:LSX:N79D:WB,M79W04
R7902,4,SEC:LSX:N79C_N79D:WB,M79W04
R7902,5,PLAT:LSX:N79C:WB,M79W05
R7902,5,PLAT:LSX:N79D:WB,M79W05
R7902,5,SEC:LSX:N79C_N79D:WB,M79W05
R7903,6,PLAT:LSX:J79A:EB,M79W06
R7903,6,PLAT:LSX:J79B:EB,M79W06
R7903,6,SEC:LSX:J79A_J79B:EB,M79W06
R7904,7,PLAT:LSY:J79B:WB,M79W07
R7904,7,PLAT:LSY:S79C:WB,M79W07
R7904,7,PLAT:LSY:S79D:WB,M79W07
R7904,7,SEC:LSY:J79B_S79C:WB,M79W07
R7904,7,SEC:LSY:S79C_S79D:WB,M79W07
R7904,8,PLAT:LSY:J79B:WB,M79W08
R7904,8,PLAT:LSY:S79C:WB,M79W08
R7904,8,PLAT:LSY:S79D:WB,M79W08
R7904,8,SEC:LSY:J79B_S79C:WB,M79W08
R7904,8,SEC:LSY:S79C_S79D:WB,M79W08
R7905,9,PLAT:LSY:S79C:WB,M79W09
R7905,9,PLAT:LSY:S79D:WB,M79W09
R7905,9,SEC:LSY:S79C_S79D:WB,M79W09
R7906,10,PLAT:LSY:J79A:EB,M79W10
R7906,10,PLAT:LSY:J79B:EB,M79W10
R7906,10,SEC:LSY:J79A_J79B:EB,M79W10
R7906,11,PLAT:LSY:J79A:EB,M79W11
R7906,11,PLAT:LSY:J79B:EB,M79W11
R7906,11,SEC:LSY:J79A_J79B:EB,M79W11
R7907,12,PLAT:LSX:J79B:WB,M79W12
R7907,12,PLAT:LSX:N79C:WB,M79W12
R7907,12,PLAT:LSX:N79D:WB,M79W12
R7907,12,SEC:LSX:J79B_N79C:WB,M79W12
R7907,12,SEC:LSX:N79C_N79D:WB,M79W12
R7907,13,PLAT:LSX:J79B:WB,M79W13
R7907,13,PLAT:LSX:N79C:WB,M79W13
R7907,13,PLAT:LSX:N79D:WB,M79W13
R7907,13,SEC:LSX:J79B_N79C:WB,M79W13
R7907,13,SEC:LSX:N79C_N79D:WB,M79W13
R7908,14,PLAT:LSY:S79C:EB,M79W14
R7908,14,PLAT:LSY:S79D:EB,M79W14
R7908,14,SEC:LSY:S79C_S79D:EB,M79W14
R7909,4,PLAT:LSX:N79C:WB,M79W04
R7909,4,PLAT:LSX:N79D:WB,M79W04
R7909,4,SEC:LSX:N79C_N79D:WB,M79W04
R7909,5,PLAT:LSX:N79C:WB,M79W05
R7909,5,PLAT:LSX:N79D:WB,M79W05
R7909,5,SEC:LSX:N79C_N79D:WB,M79W05
R8001,1,PLAT:LSX:J80B:EB,M80W01
R8001,1,PLAT:LSX:N80C:EB,M80W01
R8001,1,SEC:LSX:J80B_N80C:EB,M80W01
R8001,2,PLAT:LSX:J80B:EB,M80W02
R8001,2,PLAT:LSX:N80C:EB,M80W02
R8001,2,SEC:LSX:J80B_N80C:EB,M80W02
R8001,3,PLAT:LSX:J80B:EB,M80W03
R8001,3,PLAT:LSX:N80C:EB,M80W03
R8001,3,SEC:LSX:J80B_N80C:EB,M80W03
R8002,4,PLAT:LSX:N80C:WB,M80W04
R8002,4,PLAT:LSX:N80D:WB,M80W04
R8002,4,SEC:LSX:N80C_N80D:WB,M80W04
R8002,5,PLAT:LSX:N80C:WB,M80W05
R8002,5,PLAT:LSX:N80D:WB,M80W05
R8002,5,SEC:LSX:N80C_N80D:WB,M80W05
R8003,6,PLAT:LSX:J80A:EB,M80W06
R8003,6,PLAT:LSX:J80B:EB,M80W06
R8003,6,SEC:LSX:J80A_J80B:EB,M80W06
R8004,7,PLAT:LSY:J80B:WB,M80W07
R8004,7,PLAT:LSY:S80C:WB,M80W07
R8004,7,PLAT:LSY:S80D:WB,M80W07
R8004,7,SEC:LSY:J80B_S80C:WB,M80W07
R8004,7,SEC:LSY:S80C_S80D:WB,M80W07
R8004,8,PLAT:LSY:J80B:WB,M80W08
R8004,8,PLAT:LSY:S80C:WB,M80W08
R8004,8,PLAT:LSY:S80D:WB,M80W08
R8004,8,SEC:LSY:J80B_S80C:WB,M80W08
R8004,8,SEC:LSY:S80C_S80D:WB,M80W08
R8005,9,PLAT:LSY:S80C:WB,M80W09
R8005,9,PLAT:LSY:S80D:WB,M80W09
R8005,9,SEC:LSY:S80C_S80D:WB,M80W09
R8006,10,PLAT:LSY:J80A:EB,M80W10
R8006,10,PLAT:LSY:J80B:EB,M80W10
R8006,10,SEC:LSY:J80A_J80B:EB,M80W10
R8006,11,PLAT:LSY:J80A:EB,M80W11
R8006,11,PLAT:LSY:J80B:EB,M80W11
R8006,11,SEC:LSY:J80A_J80B:EB,M80W11
R8007,12,PLAT:LSX:J80B:WB,M80W12
R8007,12,PLAT:LSX:N80C:WB,M80W12
R8007,12,PLAT:LSX:N80D:WB,M80W12
R8007,12,SEC:LSX:J80B_N80C:WB,M80W12
R8007,12,SEC:LSX:N80C_N80D:WB,M80W12
R8007,13,PLAT:LSX:J80B:WB,M80W13
R8007,13,PLAT:LSX:N80C:WB,M80W13
R8007,13,PLAT:LSX:N80D:WB,M80W13
R8007,13,SEC:LSX:J80B_N80C:WB,M80W13
R8007,13,SEC:LSX:N80C_N80D:WB,M80W13
R8008,14,PLAT:LSY:S80C:EB,M80W14
R8008,14,PLAT:LSY:S80D:EB,M80W14
R8008,14,SEC:LSY:S80C_S80D:EB,M80W14
R8009,4,PLAT:LSX:N80C:WB,M80W04
R8009,4,PLAT:LSX:N80D:WB,M80W04
R8009,4,SEC:LSX:N80C_N80D:WB,M80W04
R8009,5,PLAT:LSX:N80C:WB,M80W05
R8009,5,PLAT:LSX:N80D:WB,M80W05
R8009,5,SEC:LSX:N80C_N80D:WB,M80W05
