activity_id,week,location_id,co_share_group
R0101,1,PLAT:LSX:J1B:EB,g1
R0101,1,PLAT:LSX:N1C:EB,g1
R0101,1,SEC:LSX:J1B_N1C:EB,g1
R0101,2,PLAT:LSX:J1B:EB,g1
R0101,2,PLAT:LSX:N1C:EB,g1
R0101,2,SEC:LSX:J1B_N1C:EB,g1
R0102,4,PLAT:LSX:N1C:WB,g1
R0102,4,PLAT:LSX:N1D:WB,g1
R0102,4,SEC:LSX:N1C_N1D:WB,g1
R0102,5,PLAT:LSX:N1C:WB,g1
R0102,5,PLAT:LSX:N1D:WB,g1
R0102,5,SEC:LSX:N1C_N1D:WB,g1
R0103,6,PLAT:LSX:J1A:EB,g1
R0103,6,PLAT:LSX:J1B:EB,g1
R0103,6,SEC:LSX:J1A_J1B:EB,g1
R0104,7,PLAT:LSY:J1B:WB,g1
R0104,7,PLAT:LSY:S1C:WB,g1
R0104,7,PLAT:LSY:S1D:WB,g1
R0104,7,SEC:LSY:J1B_S1C:WB,g1
R0104,7,SEC:LSY:S1C_S1D:WB,g1
R0104,8,PLAT:LSY:J1B:WB,g1
R0104,8,PLAT:LSY:S1C:WB,g1
R0104,8,PLAT:LSY:S1D:WB,g1
R0104,8,SEC:LSY:J1B_S1C:WB,g1
R0104,8,SEC:LSY:S1C_S1D:WB,g1
R0105,9,PLAT:LSY:S1C:WB,g1
R0105,9,PLAT:LSY:S1D:WB,g1
R0105,9,SEC:LSY:S1C_S1D:WB,g1
R0106,10,PLAT:LSY:J1A:EB,g1
R0106,10,PLAT:LSY:J1B:EB,g1
R0106,10,SEC:LSY:J1A_J1B:EB,g1
R0106,11,PLAT:LSY:J1A:EB,g1
R0106,11,PLAT:LSY:J1B:EB,g1
R0106,11,SEC:LSY:J1A_J1B:EB,g1
R0107,12,PLAT:LSX:J1B:WB,g1
R0107,12,PLAT:LSX:N1C:WB,g1
R0107,12,PLAT:LSX:N1D:WB,g1
R0107,12,SEC:LSX:J1B_N1C:WB,g1
R0107,12,SEC:LSX:N1C_N1D:WB,g1
R0107,13,PLAT:LSX:J1B:WB,g1
R0107,13,PLAT:LSX:N1C:WB,g1
R0107,13,PLAT:LSX:N1D:WB,g1
R0107,13,SEC:LSX:J1B_N1C:WB,g1
R0107,13,SEC:LSX:N1C_N1D:WB,g1
R0108,14,PLAT:LSY:S1C:EB,g1
R0108,14,PLAT:LSY:S1D:EB,g1
R0108,14,SEC:LSY:S1C_S1D:EB,g1
R0109,4,PLAT:LSX:N1C:WB,g1
R0109,4,PLAT:LSX:N1D:WB,g1
R0109,4,SEC:LSX:N1C_N1D:WB,g1
R0109,5,PLAT:LSX:N1C:WB,g1
R0109,5,PLAT:LSX:N1D:WB,g1
R0109,5,SEC:LSX:N1C_N1D:WB,g1
R0201,1,PLAT:LSX:J2B:EB,g1
R0201,1,PLAT:LSX:N2C:EB,g1
R0201,1,SEC:LSX:J2B_N2C:EB,g1
R0201,2,PLAT:LSX:J2B:EB,g1
R0201,2,PLAT:LSX:N2C:EB,g1
R0201,2,SEC:LSX:J2B_N2C:EB,g1
R0202,4,PLAT:LSX:N2C:WB,g1
R0202,4,PLAT:LSX:N2D:WB,g1
R0202,4,SEC:LSX:N2C_N2D:WB,g1
R0202,5,PLAT:LSX:N2C:WB,g1
R0202,5,PLAT:LSX:N2D:WB,g1
R0202,5,SEC:LSX:N2C_N2D:WB,g1
R0203,6,PLAT:LSX:J2A:EB,g1
R0203,6,PLAT:LSX:J2B:EB,g1
R0203,6,SEC:LSX:J2A_J2B:EB,g1
R0204,7,PLAT:LSY:J2B:WB,g1
R0204,7,PLAT:LSY:S2C:WB,g1
R0204,7,PLAT:LSY:S2D:WB,g1
R0204,7,SEC:LSY:J2B_S2C:WB,g1
R0204,7,SEC:LSY:S2C_S2D:WB,g1
R0204,8,PLAT:LSY:J2B:WB,g1
R0204,8,PLAT:LSY:S2C:WB,g1
R0204,8,PLAT:LSY:S2D:WB,g1
R0204,8,SEC:LSY:J2B_S2C:WB,g1
R0204,8,SEC:LSY:S2C_S2D:WB,g1
R0205,9,PLAT:LSY:S2C:WB,g1
R0205,9,PLAT:LSY:S2D:WB,g1
R0205,9,SEC:LSY:S2C_S2D:WB,g1
R0206,10,PLAT:LSY:J2A:EB,g1
R0206,10,PLAT:LSY:J2B:EB,g1
R0206,10,SEC:LSY:J2A_J2B:EB,g1
R0206,11,PLAT:LSY:J2A:EB,g1
R0206,11,PLAT:LSY:J2B:EB,g1
R0206,11,SEC:LSY:J2A_J2B:EB,g1
R0207,12,PLAT:LSX:J2B:WB,g1
R0207,12,PLAT:LSX:N2C:WB,g1
R0207,12,PLAT:LSX:N2D:WB,g1
R0207,12,SEC:LSX:J2B_N2C:WB,g1
R0207,12,SEC:LSX:N2C_N2D:WB,g1
R0207,13,PLAT:LSX:J2B:WB,g1
R0207,13,PLAT:LSX:N2C:WB,g1
R0207,13,PLAT:LSX:N2D:WB,g1
R0207,13,SEC:LSX:J2B_N2C:WB,g1
R0207,13,SEC:LSX:N2C_N2D:WB,g1
R0208,14,PLAT:LSY:S2C:EB,g1
R0208,14,PLAT:LSY:S2D:EB,g1
R0208,14,SEC:LSY:S2C_S2D:EB,g1
R0209,4,PLAT:LSX:N2C:WB,g1
R0209,4,PLAT:LSX:N2D:WB,g1
R0209,4,SEC:LSX:N2C_N2D:WB,g1
R0209,5,PLAT:LSX:N2C:WB,g1
R0209,5,PLAT:LSX:N2D:WB,g1
R0209,5,SEC:LSX:N2C_N2D:WB,g1
R0301,1,PLAT:LSX:J3B:EB,g1
R0301,1,PLAT:LSX:N3C:EB,g1
R0301,1,SEC:LSX:J3B_N3C:EB,g1
R0301,2,PLAT:LSX:J3B:EB,g1
R0301,2,PLAT:LSX:N3C:EB,g1
R0301,2,SEC:LSX:J3B_N3C:EB,g1
R0302,4,PLAT:LSX:N3C:WB,g1
R0302,4,PLAT:LSX:N3D:WB,g1
R0302,4,SEC:LSX:N3C_N3D:WB,g1
R0302,5,PLAT:LSX:N3C:WB,g1
R0302,5,PLAT:LSX:N3D:WB,g1
R0302,5,SEC:LSX:N3C_N3D:WB,g1
R0303,6,PLAT:LSX:J3A:EB,g1
R0303,6,PLAT:LSX:J3B:EB,g1
R0303,6,SEC:LSX:J3A_J3B:EB,g1
R0304,7,PLAT:LSY:J3B:WB,g1
R0304,7,PLAT:LSY:S3C:WB,g1
R0304,7,PLAT:LSY:S3D:WB,g1
R0304,7,SEC:LSY:J3B_S3C:WB,g1
R0304,7,SEC:LSY:S3C_S3D:WB,g1
R0304,8,PLAT:LSY:J3B:WB,g1
R0304,8,PLAT:LSY:S3C:WB,g1
R0304,8,PLAT:LSY:S3D:WB,g1
R0304,8,SEC:LSY:J3B_S3C:WB,g1
R0304,8,SEC:LSY:S3C_S3D:WB,g1
R0305,9,PLAT:LSY:S3C:WB,g1
R0305,9,PLAT:LSY:S3D:WB,g1
R0305,9,SEC:LSY:S3C_S3D:WB,g1
R0306,10,PLAT:LSY:J3A:EB,g1
R0306,10,PLAT:LSY:J3B:EB,g1
R0306,10,SEC:LSY:J3A_J3B:EB,g1
R0306,11,PLAT:LSY:J3A:EB,g1
R0306,11,PLAT:LSY:J3B:EB,g1
R0306,11,SEC:LSY:J3A_J3B:EB,g1
R0307,12,PLAT:LSX:J3B:WB,g1
R0307,12,PLAT:LSX:N3C:WB,g1
R0307,12,PLAT:LSX:N3D:WB,g1
R0307,12,SEC:LSX:J3B_N3C:WB,g1
R0307,12,SEC:LSX:N3C_N3D:WB,g1
R0307,13,PLAT:LSX:J3B:WB,g1
R0307,13,PLAT:LSX:N3C:WB,g1
R0307,13,PLAT:LSX:N3D:WB,g1
R0307,13,SEC:LSX:J3B_N3C:WB,g1
R0307,13,SEC:LSX:N3C_N3D:WB,g1
R0308,14,PLAT:LSY:S3C:EB,g1
R0308,14,PLAT:LSY:S3D:EB,g1
R0308,14,SEC:LSY:S3C_S3D:EB,g1
R0309,4,PLAT:LSX:N3C:WB,g1
R0309,4,PLAT:LSX:N3D:WB,g1
R0309,4,SEC:LSX:N3C_N3D:WB,g1
R0309,5,PLAT:LSX:N3C:WB,g1
R0309,5,PLAT:LSX:N3D:WB,g1
R0309,5,SEC:LSX:N3C_N3D:WB,g1
R0401,1,PLAT:LSX:J4B:EB,g1
R0401,1,PLAT:LSX:N4C:EB,g1
R0401,1,SEC:LSX:J4B_N4C:EB,g1
R0401,2,PLAT:LSX:J4B:EB,g1
R0401,2,PLAT:LSX:N4C:EB,g1
R0401,2,SEC:LSX:J4B_N4C:EB,g1
R0402,4,PLAT:LSX:N4C:WB,g1
R0402,4,PLAT:LSX:N4D:WB,g1
R0402,4,SEC:LSX:N4C_N4D:WB,g1
R0402,5,PLAT:LSX:N4C:WB,g1
R0402,5,PLAT:LSX:N4D:WB,g1
R0402,5,SEC:LSX:N4C_N4D:WB,g1
R0403,6,PLAT:LSX:J4A:EB,g1
R0403,6,PLAT:LSX:J4B:EB,g1
R0403,6,SEC:LSX:J4A_J4B:EB,g1
R0404,7,PLAT:LSY:J4B:WB,g1
R0404,7,PLAT:LSY:S4C:WB,g1
R0404,7,PLAT:LSY:S4D:WB,g1
R0404,7,SEC:LSY:J4B_S4C:WB,g1
R0404,7,SEC:LSY:S4C_S4D:WB,g1
R0404,8,PLAT:LSY:J4B:WB,g1
R0404,8,PLAT:LSY:S4C:WB,g1
R0404,8,PLAT:LSY:S4D:WB,g1
R0404,8,SEC:LSY:J4B_S4C:WB,g1
R0404,8,SEC:LSY:S4C_S4D:WB,g1
R0405,9,PLAT:LSY:S4C:WB,g1
R0405,9,PLAT:LSY:S4D:WB,g1
R0405,9,SEC:LSY:S4C_S4D:WB,g1
R0406,10,PLAT:LSY:J4A:EB,g1
R0406,10,PLAT:LSY:J4B:EB,g1
R0406,10,SEC:LSY:J4A_J4B:EB,g1
R0406,11,PLAT:LSY:J4A:EB,g1
R0406,11,PLAT:LSY:J4B:EB,g1
R0406,11,SEC:LSY:J4A_J4B:EB,g1
R0407,12,PLAT:LSX:J4B:WB,g1
R0407,12,PLAT:LSX:N4C:WB,g1
R0407,12,PLAT:LSX:N4D:WB,g1
R0407,12,SEC:LSX:J4B_N4C:WB,g1
R0407,12,SEC:LSX:N4C_N4D:WB,g1
R0407,13,PLAT:LSX:J4B:WB,g1
R0407,13,PLAT:LSX:N4C:WB,g1
R0407,13,PLAT:LSX:N4D:WB,g1
R0407,13,SEC:LSX:J4B_N4C:WB,g1
R0407,13,SEC:LSX:N4C_N4D:WB,g1
R0408,14,PLAT:LSY:S4C:EB,g1
R0408,14,PLAT:LSY:S4D:EB,g1
R0408,14,SEC:LSY:S4C_S4D:EB,g1
R0409,4,PLAT:LSX:N4C:WB,g1
R0409,4,PLAT:LSX:N4D:WB,g1
R0409,4,SEC:LSX:N4C_N4D:WB,g1
R0409,5,PLAT:LSX:N4C:WB,g1
R0409,5,PLAT:LSX:N4D:WB,g1
R0409,5,SEC:LSX:N4C_N4D:WB,g1
R0501,1,PLAT:LSX:J5B:EB,g1
R0501,1,PLAT:LSX:N5C:EB,g1
R0501,1,SEC:LSX:J5B_N5C:EB,g1
R0501,2,PLAT:LSX:J5B:EB,g1
R0501,2,PLAT:LSX:N5C:EB,g1
R0501,2,SEC:LSX:J5B_N5C:EB,g1
R0502,4,PLAT:LSX:N5C:WB,g1
R0502,4,PLAT:LSX:N5D:WB,g1
R0502,4,SEC:LSX:N5C_N5D:WB,g1
R0502,5,PLAT:LSX:N5C:WB,g1
R0502,5,PLAT:LSX:N5D:WB,g1
R0502,5,SEC:LSX:N5C_N5D:WB,g1
R0503,6,PLAT:LSX:J5A:EB,g1
R0503,6,PLAT:LSX:J5B:EB,g1
R0503,6,SEC:LSX:J5A_J5B:EB,g1
R0504,7,PLAT:LSY:J5B:WB,g1
R0504,7,PLAT:LSY:S5C:WB,g1
R0504,7,PLAT:LSY:S5D:WB,g1
R0504,7,SEC:LSY:J5B_S5C:WB,g1
R0504,7,SEC:LSY:S5C_S5D:WB,g1
R0504,8,PLAT:LSY:J5B:WB,g1
R0504,8,PLAT:LSY:S5C:WB,g1
R0504,8,PLAT:LSY:S5D:WB,g1
R0504,8,SEC:LSY:J5B_S5C:WB,g1
R0504,8,SEC:LSY:S5C_S5D:WB,g1
R0505,9,PLAT:LSY:S5C:WB,g1
R0505,9,PLAT:LSY:S5D:WB,g1
R0505,9,SEC:LSY:S5C_S5D:WB,g1
R0506,10,PLAT:LSY:J5A:EB,g1
R0506,10,PLAT:LSY:J5B:EB,g1
R0506,10,SEC:LSY:J5A_J5B:EB,g1
R0506,11,PLAT:LSY:J5A:EB,g1
R0506,11,PLAT:LSY:J5B:EB,g1
R0506,11,SEC:LSY:J5A_J5B:EB,g1
R0507,12,PLAT:LSX:J5B:WB,g1
R0507,12,PLAT:LSX:N5C:WB,g1
R0507,12,PLAT:LSX:N5D:WB,g1
R0507,12,SEC:LSX:J5B_N5C:WB,g1
R0507,12,SEC:LSX:N5C_N5D:WB,g1
R0507,13,PLAT:LSX:J5B:WB,g1
R0507,13,PLAT:LSX:N5C:WB,g1
R0507,13,PLAT:LSX:N5D:WB,g1
R0507,13,SEC:LSX:J5B_N5C:WB,g1
R0507,13,SEC:LSX:N5C_N5D:WB,g1
R0508,14,PLAT:LSY:S5C:EB,g1
R0508,14,PLAT:LSY:S5D:EB,g1
R0508,14,SEC:LSY:S5C_S5D:EB,g1
R0509,4,PLAT:LSX:N5C:WB,g1
R0509,4,PLAT:LSX:N5D:WB,g1
R0509,4,SEC:LSX:N5C_N5D:WB,g1
R0509,5,PLAT:LSX:N5C:WB,g1
R0509,5,PLAT:LSX:N5D:WB,g1
R0509,5,SEC:LSX:N5C_N5D:WB,g1
R0601,1,PLAT:LSX:J6B:EB,g1
R0601,1,PLAT:LSX:N6C:EB,g1
R0601,1,SEC:LSX:J6B_N6C:EB,g1
R0601,2,PLAT:LSX:J6B:EB,g1
R0601,2,PLAT:LSX:N6C:EB,g1
R0601,2,SEC:LSX:J6B_N6C:EB,g1
R0602,4,PLAT:LSX:N6C:WB,g1
R0602,4,PLAT:LSX:N6D:WB,g1
R0602,4,SEC:LSX:N6C_N6D:WB,g1
R0602,5,PLAT:LSX:N6C:WB,g1
R0602,5,PLAT:LSX:N6D:WB,g1
R0602,5,SEC:LSX:N6C_N6D:WB,g1
R0603,6,PLAT:LSX:J6A:EB,g1
R0603,6,PLAT:LSX:J6B:EB,g1
R0603,6,SEC:LSX:J6A_J6B:EB,g1
R0604,7,PLAT:LSY:J6B:WB,g1
R0604,7,PLAT:LSY:S6C:WB,g1
R0604,7,PLAT:LSY:S6D:WB,g1
R0604,7,SEC:LSY:J6B_S6C:WB,g1
R0604,7,SEC:LSY:S6C_S6D:WB,g1
R0604,8,PLAT:LSY:J6B:WB,g1
R0604,8,PLAT:LSY:S6C:WB,g1
R0604,8,PLAT:LSY:S6D:WB,g1
R0604,8,SEC:LSY:J6B_S6C:WB,g1
R0604,8,SEC:LSY:S6C_S6D:WB,g1
R0605,9,PLAT:LSY:S6C:WB,g1
R0605,9,PLAT:LSY:S6D:WB,g1
R0605,9,SEC:LSY:S6C_S6D:WB,g1
R0606,10,PLAT:LSY:J6A:EB,g1
R0606,10,PLAT:LSY:J6B:EB,g1
R0606,10,SEC:LSY:J6A_J6B:EB,g1
R0606,11,PLAT:LSY:J6A:EB,g1
R0606,11,PLAT:LSY:J6B:EB,g1
R0606,11,SEC:LSY:J6A_J6B:EB,g1
R0607,12,PLAT:LSX:J6B:WB,g1
R0607,12,PLAT:LSX:N6C:WB,g1
R0607,12,PLAT:LSX:N6D:WB,g1
R0607,12,SEC:LSX:J6B_N6C:WB,g1
R0607,12,SEC:LSX:N6C_N6D:WB,g1
R0607,13,PLAT:LSX:J6B:WB,g1
R0607,13,PLAT:LSX:N6C:WB,g1
R0607,13,PLAT:LSX:N6D:WB,g1
R0607,13,SEC:LSX:J6B_N6C:WB,g1
R0607,13,SEC:LSX:N6C_N6D:WB,g1
R0608,14,PLAT:LSY:S6C:EB,g1
R0608,14,PLAT:LSY:S6D:EB,g1
R0608,14,SEC:LSY:S6C_S6D:EB,g1
R0609,4,PLAT:LSX:N6C:WB,g1
R0609,4,PLAT:LSX:N6D:WB,g1
R0609,4,SEC:LSX:N6C_N6D:WB,g1
R0609,5,PLAT:LSX:N6C:WB,g1
R0609,5,PLAT:LSX:N6D:WB,g1
R0609,5,SEC:LSX:N6C_N6D:WB,g1
R0701,1,PLAT:LSX:J7B:EB,g1
R0701,1,PLAT:LSX:N7C:EB,g1
R0701,1,SEC:LSX:J7B_N7C:EB,g1
R0701,2,PLAT:LSX:J7B:EB,g1
R0701,2,PLAT:LSX:N7C:EB,g1
R0701,2,SEC:LSX:J7B_N7C:EB,g1
R0702,4,PLAT:LSX:N7C:WB,g1
R0702,4,PLAT:LSX:N7D:WB,g1
R0702,4,SEC:LSX:N7C_N7D:WB,g1
R0702,5,PLAT:LSX:N7C:WB,g1
R0702,5,PLAT:LSX:N7D:WB,g1
R0702,5,SEC:LSX:N7C_N7D:WB,g1
R0703,6,PLAT:LSX:J7A:EB,g1
R0703,6,PLAT:LSX:J7B:EB,g1
R0703,6,SEC:LSX:J7A_J7B:EB,g1
R0704,7,PLAT:LSY:J7B:WB,g1
R0704,7,PLAT:LSY:S7C:WB,g1
R0704,7,PLAT:LSY:S7D:WB,g1
R0704,7,SEC:LSY:J7B_S7C:WB,g1
R0704,7,SEC:LSY:S7C_S7D:WB,g1
R0704,8,PLAT:LSY:J7B:WB,g1
R0704,8,PLAT:LSY:S7C:WB,g1
R0704,8,PLAT:LSY:S7D:WB,g1
R0704,8,SEC:LSY:J7B_S7C:WB,g1
R0704,8,SEC:LSY:S7C_S7D:WB,g1
R0705,9,PLAT:LSY:S7C:WB,g1
R0705,9,PLAT:LSY:S7D:WB,g1
R0705,9,SEC:LSY:S7C_S7D:WB,g1
R0706,10,PLAT:LSY:J7A:EB,g1
R0706,10,PLAT:LSY:J7B:EB,g1
R0706,10,SEC:LSY:J7A_J7B:EB,g1
R0706,11,PLAT:LSY:J7A:EB,g1
R0706,11,PLAT:LSY:J7B:EB,g1
R0706,11,SEC:LSY:J7A_J7B:EB,g1
R0707,12,PLAT:LSX:J7B:WB,g1
R0707,12,PLAT:LSX:N7C:WB,g1
R0707,12,PLAT:LSX:N7D:WB,g1
R0707,12,SEC:LSX:J7B_N7C:WB,g1
R0707,12,SEC:LSX:N7C_N7D:WB,g1
R0707,13,PLAT:LSX:J7B:WB,g1
R0707,13,PLAT:LSX:N7C:WB,g1
R0707,13,PLAT:LSX:N7D:WB,g1
R0707,13,SEC:LSX:J7B_N7C:WB,g1
R0707,13,SEC:LSX:N7C_N7D:WB,g1
R0708,14,PLAT:LSY:S7C:EB,g1
R0708,14,PLAT:LSY:S7D:EB,g1
R0708,14,SEC:LSY:S7C_S7D:EB,g1
R0709,4,PLAT:LSX:N7C:WB,g1
R0709,4,PLAT:LSX:N7D:WB,g1
R0709,4,SEC:LSX:N7C_N7D:WB,g1
R0709,5,PLAT:LSX:N7C:WB,g1
R0709,5,PLAT:LSX:N7D:WB,g1
R0709,5,SEC:LSX:N7C_N7D:WB,g1
R0801,1,PLAT:LSX:J8B:EB,g1
R0801,1,PLAT:LSX:N8C:EB,g1
R0801,1,SEC:LSX:J8B_N8C:EB,g1
R0801,2,PLAT:LSX:J8B:EB,g1
R0801,2,PLAT:LSX:N8C:EB,g1
R0801,2,SEC:LSX:J8B_N8C:EB,g1
R0802,4,PLAT:LSX:N8C:WB,g1
R0802,4,PLAT:LSX:N8D:WB,g1
R0802,4,SEC:LSX:N8C_N8D:WB,g1
R0802,5,PLAT:LSX:N8C:WB,g1
R0802,5,PLAT:LSX:N8D:WB,g1
R0802,5,SEC:LSX:N8C_N8D:WB,g1
R0803,6,PLAT:LSX:J8A:EB,g1
R0803,6,PLAT:LSX:J8B:EB,g1
R0803,6,SEC:LSX:J8A_J8B:EB,g1
R0804,7,PLAT:LSY:J8B:WB,g1
R0804,7,PLAT:LSY:S8C:WB,g1
R0804,7,PLAT:LSY:S8D:WB,g1
R0804,7,SEC:LSY:J8B_S8C:WB,g1
R0804,7,SEC:LSY:S8C_S8D:WB,g1
R0804,8,PLAT:LSY:J8B:WB,g1
R0804,8,PLAT:LSY:S8C:WB,g1
R0804,8,PLAT:LSY:S8D:WB,g1
R0804,8,SEC:LSY:J8B_S8C:WB,g1
R0804,8,SEC:LSY:S8C_S8D:WB,g1
R0805,9,PLAT:LSY:S8C:WB,g1
R0805,9,PLAT:LSY:S8D:WB,g1
R0805,9,SEC:LSY:S8C_S8D:WB,g1
R0806,10,PLAT:LSY:J8A:EB,g1
R0806,10,PLAT:LSY:J8B:EB,g1
R0806,10,SEC:LSY:J8A_J8B:EB,g1
R0806,11,PLAT:LSY:J8A:EB,g1
R0806,11,PLAT:LSY:J8B:EB,g1
R0806,11,SEC:LSY:J8A_J8B:EB,g1
R0807,12,PLAT:LSX:J8B:WB,g1
R0807,12,PLAT:LSX:N8C:WB,g1
R0807,12,PLAT:LSX:N8D:WB,g1
R0807,12,SEC:LSX:J8B_N8C:WB,g1
R0807,12,SEC:LSX:N8C_N8D:WB,g1
R0807,13,PLAT:LSX:J8B:WB,g1
R0807,13,PLAT:LSX:N8C:WB,g1
R0807,13,PLAT:LSX:N8D:WB,g1
R0807,13,SEC:LSX:J8B_N8C:WB,g1
R0807,13,SEC:LSX:N8C_N8D:WB,g1
R0808,14,PLAT:LSY:S8C:EB,g1
R0808,14,PLAT:LSY:S8D:EB,g1
R0808,14,SEC:LSY:S8C_S8D:EB,g1
R0809,4,PLAT:LSX:N8C:WB,g1
R0809,4,PLAT:LSX:N8D:WB,g1
R0809,4,SEC:LSX:N8C_N8D:WB,g1
R0809,5,PLAT:LSX:N8C:WB,g1
R0809,5,PLAT:LSX:N8D:WB,g1
R0809,5,SEC:LSX:N8C_N8D:WB,g1
R0901,1,PLAT:LSX:J9B:EB,g1
R0901,1,PLAT:LSX:N9C:EB,g1
R0901,1,SEC:LSX:J9B_N9C:EB,g1
R0901,2,PLAT:LSX:J9B:EB,g1
R0901,2,PLAT:LSX:N9C:EB,g1
R0901,2,SEC:LSX:J9B_N9C:EB,g1
R0902,4,PLAT:LSX:N9C:WB,g1
R0902,4,PLAT:LSX:N9D:WB,g1
R0902,4,SEC:LSX:N9C_N9D:WB,g1
R0902,5,PLAT:LSX:N9C:WB,g1
R0902,5,PLAT:LSX:N9D:WB,g1
R0902,5,SEC:LSX:N9C_N9D:WB,g1
R0903,6,PLAT:LSX:J9A:EB,g1
R0903,6,PLAT:LSX:J9B:EB,g1
R0903,6,SEC:LSX:J9A_J9B:EB,g1
R0904,7,PLAT:LSY:J9B:WB,g1
R0904,7,PLAT:LSY:S9C:WB,g1
R0904,7,PLAT:LSY:S9D:WB,g1
R0904,7,SEC:LSY:J9B_S9C:WB,g1
R0904,7,SEC:LSY:S9C_S9D:WB,g1
R0904,8,PLAT:LSY:J9B:WB,g1
R0904,8,PLAT:LSY:S9C:WB,g1
R0904,8,PLAT:LSY:S9D:WB,g1
R0904,8,SEC:LSY:J9B_S9C:WB,g1
R0904,8,SEC:LSY:S9C_S9D:WB,g1
R0905,9,PLAT:LSY:S9C:WB,g1
R0905,9,PLAT:LSY:S9D:WB,g1
R0905,9,SEC:LSY:S9C_S9D:WB,g1
R0906,10,PLAT:LSY:J9A:EB,g1
R0906,10,PLAT:LSY:J9B:EB,g1
R0906,10,SEC:LSY:J9A_J9B:EB,g1
R0906,11,PLAT:LSY:J9A:EB,g1
R0906,11,PLAT:LSY:J9B:EB,g1
R0906,11,SEC:LSY:J9A_J9B:EB,g1
R0907,12,PLAT:LSX:J9B:WB,g1
R0907,12,PLAT:LSX:N9C:WB,g1
R0907,12,PLAT:LSX:N9D:WB,g1
R0907,12,SEC:LSX:J9B_N9C:WB,g1
R0907,12,SEC:LSX:N9C_N9D:WB,g1
R0907,13,PLAT:LSX:J9B:WB,g1
R0907,13,PLAT:LSX:N9C:WB,g1
R0907,13,PLAT:LSX:N9D:WB,g1
R0907,13,SEC:LSX:J9B_N9C:WB,g1
R0907,13,SEC:LSX:N9C_N9D:WB,g1
R0908,14,PLAT:LSY:S9C:EB,g1
R0908,14,PLAT:LSY:S9D:EB,g1
R0908,14,SEC:LSY:S9C_S9D:EB,g1
R0909,4,PLAT:LSX:N9C:WB,g1
R0909,4,PLAT:LSX:N9D:WB,g1
R0909,4,SEC:LSX:N9C_N9D:WB,g1
R0909,5,PLAT:LSX:N9C:WB,g1
R0909,5,PLAT:LSX:N9D:WB,g1
R0909,5,SEC:LSX:N9C_N9D:WB,g1
R1001,1,PLAT:LSX:J10B:EB,g1
R1001,1,PLAT:LSX:N10C:EB,g1
R1001,1,SEC:LSX:J10B_N10C:EB,g1
R1001,2,PLAT:LSX:J10B:EB,g1
R1001,2,PLAT:LSX:N10C:EB,g1
R1001,2,SEC:LSX:J10B_N10C:EB,g1
R1002,4,PLAT:LSX:N10C:WB,g1
R1002,4,PLAT:LSX:N10D:WB,g1
R1002,4,SEC:LSX:N10C_N10D:WB,g1
R1002,5,PLAT:LSX:N10C:WB,g1
R1002,5,PLAT:LSX:N10D:WB,g1
R1002,5,SEC:LSX:N10C_N10D:WB,g1
R1003,6,PLAT:LSX:J10A:EB,g1
R1003,6,PLAT:LSX:J10B:EB,g1
R1003,6,SEC:LSX:J10A_J10B:EB,g1
R1004,7,PLAT:LSY:J10B:WB,g1
R1004,7,PLAT:LSY:S10C:WB,g1
R1004,7,PLAT:LSY:S10D:WB,g1
R1004,7,SEC:LSY:J10B_S10C:WB,g1
R1004,7,SEC:LSY:S10C_S10D:WB,g1
R1004,8,PLAT:LSY:J10B:WB,g1
R1004,8,PLAT:LSY:S10C:WB,g1
R1004,8,PLAT:LSY:S10D:WB,g1
R1004,8,SEC:LSY:J10B_S10C:WB,g1
R1004,8,SEC:LSY:S10C_S10D:WB,g1
R1005,9,PLAT:LSY:S10C:WB,g1
R1005,9,PLAT:LSY:S10D:WB,g1
R1005,9,SEC:LSY:S10C_S10D:WB,g1
R1006,10,PLAT:LSY:J10A:EB,g1
R1006,10,PLAT:LSY:J10B:EB,g1
R1006,10,SEC:LSY:J10A_J10B:EB,g1
R1006,11,PLAT:LSY:J10A:EB,g1
R1006,11,PLAT:LSY:J10B:EB,g1
R1006,11,SEC:LSY:J10A_J10B:EB,g1
R1007,12,PLAT:LSX:J10B:WB,g1
R1007,12,PLAT:LSX:N10C:WB,g1
R1007,12,PLAT:LSX:N10D:WB,g1
R1007,12,SEC:LSX:J10B_N10C:WB,g1
R1007,12,SEC:LSX:N10C_N10D:WB,g1
R1007,13,PLAT:LSX:J10B:WB,g1
R1007,13,PLAT:LSX:N10C:WB,g1
R1007,13,PLAT:LSX:N10D:WB,g1
R1007,13,SEC:LSX:J10B_N10C:WB,g1
R1007,13,SEC:LSX:N10C_N10D:WB,g1
R1008,14,PLAT:LSY:S10C:EB,g1
R1008,14,PLAT:LSY:S10D:EB,g1
R1008,14,SEC:LSY:S10C_S10D:EB,g1
R1009,4,PLAT:LSX:N10C:WB,g1
R1009,4,PLAT:LSX:N10D:WB,g1
R1009,4,SEC:LSX:N10C_N10D:WB,g1
R1009,5,PLAT:LSX:N10C:WB,g1
R1009,5,PLAT:LSX:N10D:WB,g1
R1009,5,SEC:LSX:N10C_N10D:WB,g1
R1101,1,PLAT:LSX:J11B:EB,g1
R1101,1,PLAT:LSX:N11C:EB,g1
R1101,1,SEC:LSX:J11B_N11C:EB,g1
R1101,2,PLAT:LSX:J11B:EB,g1
R1101,2,PLAT:LSX:N11C:EB,g1
R1101,2,SEC:LSX:J11B_N11C:EB,g1
R1102,4,PLAT:LSX:N11C:WB,g1
R1102,4,PLAT:LSX:N11D:WB,g1
R1102,4,SEC:LSX:N11C_N11D:WB,g1
R1102,5,PLAT:LSX:N11C:WB,g1
R1102,5,PLAT:LSX:N11D:WB,g1
R1102,5,SEC:LSX:N11C_N11D:WB,g1
R1103,6,PLAT:LSX:J11A:EB,g1
R1103,6,PLAT:LSX:J11B:EB,g1
R1103,6,SEC:LSX:J11A_J11B:EB,g1
R1104,7,PLAT:LSY:J11B:WB,g1
R1104,7,PLAT:LSY:S11C:WB,g1
R1104,7,PLAT:LSY:S11D:WB,g1
R1104,7,SEC:LSY:J11B_S11C:WB,g1
R1104,7,SEC:LSY:S11C_S11D:WB,g1
R1104,8,PLAT:LSY:J11B:WB,g1
R1104,8,PLAT:LSY:S11C:WB,g1
R1104,8,PLAT:LSY:S11D:WB,g1
R1104,8,SEC:LSY:J11B_S11C:WB,g1
R1104,8,SEC:LSY:S11C_S11D:WB,g1
R1105,9,PLAT:LSY:S11C:WB,g1
R1105,9,PLAT:LSY:S11D:WB,g1
R1105,9,SEC:LSY:S11C_S11D:WB,g1
R1106,10,PLAT:LSY:J11A:EB,g1
R1106,10,PLAT:LSY:J11B:EB,g1
R1106,10,SEC:LSY:J11A_J11B:EB,g1
R1106,11,PLAT:LSY:J11A:EB,g1
R1106,11,PLAT:LSY:J11B:EB,g1
R1106,11,SEC:LSY:J11A_J11B:EB,g1
R1107,12,PLAT:LSX:J11B:WB,g1
R1107,12,PLAT:LSX:N11C:WB,g1
R1107,12,PLAT:LSX:N11D:WB,g1
R1107,12,SEC:LSX:J11B_N11C:WB,g1
R1107,12,SEC:LSX:N11C_N11D:WB,g1
R1107,13,PLAT:LSX:J11B:WB,g1
R1107,13,PLAT:LSX:N11C:WB,g1
R1107,13,PLAT:LSX:N11D:WB,g1
R1107,13,SEC:LSX:J11B_N11C:WB,g1
R1107,13,SEC:LSX:N11C_N11D:WB,g1
R1108,14,PLAT:LSY:S11C:EB,g1
R1108,14,PLAT:LSY:S11D:EB,g1
R1108,14,SEC:LSY:S11C_S11D:EB,g1
R1109,4,PLAT:LSX:N11C:WB,g1
R1109,4,PLAT:LSX:N11D:WB,g1
R1109,4,SEC:LSX:N11C_N11D:WB,g1
R1109,5,PLAT:LSX:N11C:WB,g1
R1109,5,PLAT:LSX:N11D:WB,g1
R1109,5,SEC:LSX:N11C_N11D:WB,g1
R1201,1,PLAT:LSX:J12B:EB,g1
R1201,1,PLAT:LSX:N12C:EB,g1
R1201,1,SEC:LSX:J12B_N12C:EB,g1
R1201,2,PLAT:LSX:J12B:EB,g1
R1201,2,PLAT:LSX:N12C:EB,g1
R1201,2,SEC:LSX:J12B_N12C:EB,g1
R1202,4,PLAT:LSX:N12C:WB,g1
R1202,4,PLAT:LSX:N12D:WB,g1
R1202,4,SEC:LSX:N12C_N12D:WB,g1
R1202,5,PLAT:LSX:N12C:WB,g1
R1202,5,PLAT:LSX:N12D:WB,g1
R1202,5,SEC:LSX:N12C_N12D:WB,g1
R1203,6,PLAT:LSX:J12A:EB,g1
R1203,6,PLAT:LSX:J12B:EB,g1
R1203,6,SEC:LSX:J12A_J12B:EB,g1
R1204,7,PLAT:LSY:J12B:WB,g1
R1204,7,PLAT:LSY:S12C:WB,g1
R1204,7,PLAT:LSY:S12D:WB,g1
R1204,7,SEC:LSY:J12B_S12C:WB,g1
R1204,7,SEC:LSY:S12C_S12D:WB,g1
R1204,8,PLAT:LSY:J12B:WB,g1
R1204,8,PLAT:LSY:S12C:WB,g1
R1204,8,PLAT:LSY:S12D:WB,g1
R1204,8,SEC:LSY:J12B_S12C:WB,g1
R1204,8,SEC:LSY:S12C_S12D:WB,g1
R1205,9,PLAT:LSY:S12C:WB,g1
R1205,9,PLAT:LSY:S12D:WB,g1
R1205,9,SEC:LSY:S12C_S12D:WB,g1
R1206,10,PLAT:LSY:J12A:EB,g1
R1206,10,PLAT:LSY:J12B:EB,g1
R1206,10,SEC:LSY:J12A_J12B:EB,g1
R1206,11,PLAT:LSY:J12A:EB,g1
R1206,11,PLAT:LSY:J12B:EB,g1
R1206,11,SEC:LSY:J12A_J12B:EB,g1
R1207,12,PLAT:LSX:J12B:WB,g1
R1207,12,PLAT:LSX:N12C:WB,g1
R1207,12,PLAT:LSX:N12D:WB,g1
R1207,12,SEC:LSX:J12B_N12C:WB,g1
R1207,12,SEC:LSX:N12C_N12D:WB,g1
R1207,13,PLAT:LSX:J12B:WB,g1
R1207,13,PLAT:LSX:N12C:WB,g1
R1207,13,PLAT:LSX:N12D:WB,g1
R1207,13,SEC:LSX:J12B_N12C:WB,g1
R1207,13,SEC:LSX:N12C_N12D:WB,g1
R1208,14,PLAT:LSY:S12C:EB,g1
R1208,14,PLAT:LSY:S12D:EB,g1
R1208,14,SEC:LSY:S12C_S12D:EB,g1
R1209,4,PLAT:LSX:N12C:WB,g1
R1209,4,PLAT:LSX:N12D:WB,g1
R1209,4,SEC:LSX:N12C_N12D:WB,g1
R1209,5,PLAT:LSX:N12C:WB,g1
R1209,5,PLAT:LSX:N12D:WB,g1
R1209,5,SEC:LSX:N12C_N12D:WB,g1
R1301,1,PLAT:LSX:J13B:EB,g1
R1301,1,PLAT:LSX:N13C:EB,g1
R1301,1,SEC:LSX:J13B_N13C:EB,g1
R1301,2,PLAT:LSX:J13B:EB,g1
R1301,2,PLAT:LSX:N13C:EB,g1
R1301,2,SEC:LSX:J13B_N13C:EB,g1
R1302,4,PLAT:LSX:N13C:WB,g1
R1302,4,PLAT:LSX:N13D:WB,g1
R1302,4,SEC:LSX:N13C_N13D:WB,g1
R1302,5,PLAT:LSX:N13C:WB,g1
R1302,5,PLAT:LSX:N13D:WB,g1
R1302,5,SEC:LSX:N13C_N13D:WB,g1
R1303,6,PLAT:LSX:J13A:EB,g1
R1303,6,PLAT:LSX:J13B:EB,g1
R1303,6,SEC:LSX:J13A_J13B:EB,g1
R1304,7,PLAT:LSY:J13B:WB,g1
R1304,7,PLAT:LSY:S13C:WB,g1
R1304,7,PLAT:LSY:S13D:WB,g1
R1304,7,SEC:LSY:J13B_S13C:WB,g1
R1304,7,SEC:LSY:S13C_S13D:WB,g1
R1304,8,PLAT:LSY:J13B:WB,g1
R1304,8,PLAT:LSY:S13C:WB,g1
R1304,8,PLAT:LSY:S13D:WB,g1
R1304,8,SEC:LSY:J13B_S13C:WB,g1
R1304,8,SEC:LSY:S13C_S13D:WB,g1
R1305,9,PLAT:LSY:S13C:WB,g1
R1305,9,PLAT:LSY:S13D:WB,g1
R1305,9,SEC:LSY:S13C_S13D:WB,g1
R1306,10,PLAT:LSY:J13A:EB,g1
R1306,10,PLAT:LSY:J13B:EB,g1
R1306,10,SEC:LSY:J13A_J13B:EB,g1
R1306,11,PLAT:LSY:J13A:EB,g1
R1306,11,PLAT:LSY:J13B:EB,g1
R1306,11,SEC:LSY:J13A_J13B:EB,g1
R1307,12,PLAT:LSX:J13B:WB,g1
R1307,12,PLAT:LSX:N13C:WB,g1
R1307,12,PLAT:LSX:N13D:WB,g1
R1307,12,SEC:LSX:J13B_N13C:WB,g1
R1307,12,SEC:LSX:N13C_N13D:WB,g1
R1307,13,PLAT:LSX:J13B:WB,g1
R1307,13,PLAT:LSX:N13C:WB,g1
R1307,13,PLAT:LSX:N13D:WB,g1
R1307,13,SEC:LSX:J13B_N13C:WB,g1
R1307,13,SEC:LSX:N13C_N13D:WB,g1
R1308,14,PLAT:LSY:S13C:EB,g1
R1308,14,PLAT:LSY:S13D:EB,g1
R1308,14,SEC:LSY:S13C_S13D:EB,g1
R1309,4,PLAT:LSX:N13C:WB,g1
R1309,4,PLAT:LSX:N13D:WB,g1
R1309,4,SEC:LSX:N13C_N13D:WB,g1
R1309,5,PLAT:LSX:N13C:WB,g1
R1309,5,PLAT:LSX:N13D:WB,g1
R1309,5,SEC:LSX:N13C_N13D:WB,g1
R1401,1,PLAT:LSX:J14B:EB,g1
R1401,1,PLAT:LSX:N14C:EB,g1
R1401,1,SEC:LSX:J14B_N14C:EB,g1
R1401,2,PLAT:LSX:J14B:EB,g1
R1401,2,PLAT:LSX:N14C:EB,g1
R1401,2,SEC:LSX:J14B_N14C:EB,g1
R1402,4,PLAT:LSX:N14C:WB,g1
R1402,4,PLAT:LSX:N14D:WB,g1
R1402,4,SEC:LSX:N14C_N14D:WB,g1
R1402,5,PLAT:LSX:N14C:WB,g1
R1402,5,PLAT:LSX:N14D:WB,g1
R1402,5,SEC:LSX:N14C_N14D:WB,g1
R1403,6,PLAT:LSX:J14A:EB,g1
R1403,6,PLAT:LSX:J14B:EB,g1
R1403,6,SEC:LSX:J14A_J14B:EB,g1
R1404,7,PLAT:LSY:J14B:WB,g1
R1404,7,PLAT:LSY:S14C:WB,g1
R1404,7,PLAT:LSY:S14D:WB,g1
R1404,7,SEC:LSY:J14B_S14C:WB,g1
R1404,7,SEC:LSY:S14C_S14D:WB,g1
R1404,8,PLAT:LSY:J14B:WB,g1
R1404,8,PLAT:LSY:S14C:WB,g1
R1404,8,PLAT:LSY:S14D:WB,g1
R1404,8,SEC:LSY:J14B_S14C:WB,g1
R1404,8,SEC:LSY:S14C_S14D:WB,g1
R1405,9,PLAT:LSY:S14C:WB,g1
R1405,9,PLAT:LSY:S14D:WB,g1
R1405,9,SEC:LSY:S14C_S14D:WB,g1
R1406,10,PLAT:LSY:J14A:EB,g1
R1406,10,PLAT:LSY:J14B:EB,g1
R1406,10,SEC:LSY:J14A_J14B:EB,g1
R1406,11,PLAT:LSY:J14A:EB,g1
R1406,11,PLAT:LSY:J14B:EB,g1
R1406,11,SEC:LSY:J14A_J14B:EB,g1
R1407,12,PLAT:LSX:J14B:WB,g1
R1407,12,PLAT:LSX:N14C:WB,g1
R1407,12,PLAT:LSX:N14D:WB,g1
R1407,12,SEC:LSX:J14B_N14C:WB,g1
R1407,12,SEC:LSX:N14C_N14D:WB,g1
R1407,13,PLAT:LSX:J14B:WB,g1
R1407,13,PLAT:LSX:N14C:WB,g1
R1407,13,PLAT:LSX:N14D:WB,g1
R1407,13,SEC:LSX:J14B_N14C:WB,g1
R1407,13,SEC:LSX:N14C_N14D:WB,g1
R1408,14,PLAT:LSY:S14C:EB,g1
R1408,14,PLAT:LSY:S14D:EB,g1
R1408,14,SEC:LSY:S14C_S14D:EB,g1
R1409,4,PLAT:LSX:N14C:WB,g1
R1409,4,PLAT:LSX:N14D:WB,g1
R1409,4,SEC:LSX:N14C_N14D:WB,g1
R1409,5,PLAT:LSX:N14C:WB,g1
R1409,5,PLAT:LSX:N14D:WB,g1
R1409,5,SEC:LSX:N14C_N14D:WB,g1
R1501,1,PLAT:LSX:J15B:EB,g1
R1501,1,PLAT:LSX:N15C:EB,g1
R1501,1,SEC:LSX:J15B_N15C:EB,g1
R1501,2,PLAT:LSX:J15B:EB,g1
R1501,2,PLAT:LSX:N15C:EB,g1
R1501,2,SEC:LSX:J15B_N15C:EB,g1
R1502,4,PLAT:LSX:N15C:WB,g1
R1502,4,PLAT:LSX:N15D:WB,g1
R1502,4,SEC:LSX:N15C_N15D:WB,g1
R1502,5,PLAT:LSX:N15C:WB,g1
R1502,5,PLAT:LSX:N15D:WB,g1
R1502,5,SEC:LSX:N15C_N15D:WB,g1
R1503,6,PLAT:LSX:J15A:EB,g1
R1503,6,PLAT:LSX:J15B:EB,g1
R1503,6,SEC:LSX:J15A_J15B:EB,g1
R1504,7,PLAT:LSY:J15B:WB,g1
R1504,7,PLAT:LSY:S15C:WB,g1
R1504,7,PLAT:LSY:S15D:WB,g1
R1504,7,SEC:LSY:J15B_S15C:WB,g1
R1504,7,SEC:LSY:S15C_S15D:WB,g1
R1504,8,PLAT:LSY:J15B:WB,g1
R1504,8,PLAT:LSY:S15C:WB,g1
R1504,8,PLAT:LSY:S15D:WB,g1
R1504,8,SEC:LSY:J15B_S15C:WB,g1
R1504,8,SEC:LSY:S15C_S15D:WB,g1
R1505,9,PLAT:LSY:S15C:WB,g1
R1505,9,PLAT:LSY:S15D:WB,g1
R1505,9,SEC:LSY:S15C_S15D:WB,g1
R1506,10,PLAT:LSY:J15A:EB,g1
R1506,10,PLAT:LSY:J15B:EB,g1
R1506,10,SEC:LSY:J15A_J15B:EB,g1
R1506,11,PLAT:LSY:J15A:EB,g1
R1506,11,PLAT:LSY:J15B:EB,g1
R1506,11,SEC:LSY:J15A_J15B:EB,g1
R1507,12,PLAT:LSX:J15B:WB,g1
R1507,12,PLAT:LSX:N15C:WB,g1
R1507,12,PLAT:LSX:N15D:WB,g1
R1507,12,SEC:LSX:J15B_N15C:WB,g1
R1507,12,SEC:LSX:N15C_N15D:WB,g1
R1507,13,PLAT:LSX:J15B:WB,g1
R1507,13,PLAT:LSX:N15C:WB,g1
R1507,13,PLAT:LSX:N15D:WB,g1
R1507,13,SEC:LSX:J15B_N15C:WB,g1
R1507,13,SEC:LSX:N15C_N15D:WB,g1
R1508,14,PLAT:LSY:S15C:EB,g1
R1508,14,PLAT:LSY:S15D:EB,g1
R1508,14,SEC:LSY:S15C_S15D:EB,g1
R1509,4,PLAT:LSX:N15C:WB,g1
R1509,4,PLAT:LSX:N15D:WB,g1
R1509,4,SEC:LSX:N15C_N15D:WB,g1
R1509,5,PLAT:LSX:N15C:WB,g1
R1509,5,PLAT:LSX:N15D:WB,g1
R1509,5,SEC:LSX:N15C_N15D:WB,g1
R1601,1,PLAT:LSX:J16B:EB,g1
R1601,1,PLAT:LSX:N16C:EB,g1
R1601,1,SEC:LSX:J16B_N16C:EB,g1
R1601,2,PLAT:LSX:J16B:EB,g1
R1601,2,PLAT:LSX:N16C:EB,g1
R1601,2,SEC:LSX:J16B_N16C:EB,g1
R1602,4,PLAT:LSX:N16C:WB,g1
R1602,4,PLAT:LSX:N16D:WB,g1
R1602,4,SEC:LSX:N16C_N16D:WB,g1
R1602,5,PLAT:LSX:N16C:WB,g1
R1602,5,PLAT:LSX:N16D:WB,g1
R1602,5,SEC:LSX:N16C_N16D:WB,g1
R1603,6,PLAT:LSX:J16A:EB,g1
R1603,6,PLAT:LSX:J16B:EB,g1
R1603,6,SEC:LSX:J16A_J16B:EB,g1
R1604,7,PLAT:LSY:J16B:WB,g1
R1604,7,PLAT:LSY:S16C:WB,g1
R1604,7,PLAT:LSY:S16D:WB,g1
R1604,7,SEC:LSY:J16B_S16C:WB,g1
R1604,7,SEC:LSY:S16C_S16D:WB,g1
R1604,8,PLAT:LSY:J16B:WB,g1
R1604,8,PLAT:LSY:S16C:WB,g1
R1604,8,PLAT:LSY:S16D:WB,g1
R1604,8,SEC:LSY:J16B_S16C:WB,g1
R1604,8,SEC:LSY:S16C_S16D:WB,g1
R1605,9,PLAT:LSY:S16C:WB,g1
R1605,9,PLAT:LSY:S16D:WB,g1
R1605,9,SEC:LSY:S16C_S16D:WB,g1
R1606,10,PLAT:LSY:J16A:EB,g1
R1606,10,PLAT:LSY:J16B:EB,g1
R1606,10,SEC:LSY:J16A_J16B:EB,g1
R1606,11,PLAT:LSY:J16A:EB,g1
R1606,11,PLAT:LSY:J16B:EB,g1
R1606,11,SEC:LSY:J16A_J16B:EB,g1
R1607,12,PLAT:LSX:J16B:WB,g1
R1607,12,PLAT:LSX:N16C:WB,g1
R1607,12,PLAT:LSX:N16D:WB,g1
R1607,12,SEC:LSX:J16B_N16C:WB,g1
R1607,12,SEC:LSX:N16C_N16D:WB,g1
R1607,13,PLAT:LSX:J16B:WB,g1
R1607,13,PLAT:LSX:N16C:WB,g1
R1607,13,PLAT:LSX:N16D:WB,g1
R1607,13,SEC:LSX:J16B_N16C:WB,g1
R1607,13,SEC:LSX:N16C_N16D:WB,g1
R1608,14,PLAT:LSY:S16C:EB,g1
R1608,14,PLAT:LSY:S16D:EB,g1
R1608,14,SEC:LSY:S16C_S16D:EB,g1
R1609,4,PLAT:LSX:N16C:WB,g1
R1609,4,PLAT:LSX:N16D:WB,g1
R1609,4,SEC:LSX:N16C_N16D:WB,g1
R1609,5,PLAT:LSX:N16C:WB,g1
R1609,5,PLAT:LSX:N16D:WB,g1
R1609,5,SEC:LSX:N16C_N16D:WB,g1
R1701,1,PLAT:LSX:J17B:EB,g1
R1701,1,PLAT:LSX:N17C:EB,g1
R1701,1,SEC:LSX:J17B_N17C:EB,g1
R1701,2,PLAT:LSX:J17B:EB,g1
R1701,2,PLAT:LSX:N17C:EB,g1
R1701,2,SEC:LSX:J17B_N17C:EB,g1
R1702,4,PLAT:LSX:N17C:WB,g1
R1702,4,PLAT:LSX:N17D:WB,g1
R1702,4,SEC:LSX:N17C_N17D:WB,g1
R1702,5,PLAT:LSX:N17C:WB,g1
R1702,5,PLAT:LSX:N17D:WB,g1
R1702,5,SEC:LSX:N17C_N17D:WB,g1
R1703,6,PLAT:LSX:J17A:EB,g1
R1703,6,PLAT:LSX:J17B:EB,g1
R1703,6,SEC:LSX:J17A_J17B:EB,g1
R1704,7,PLAT:LSY:J17B:WB,g1
R1704,7,PLAT:LSY:S17C:WB,g1
R1704,7,PLAT:LSY:S17D:WB,g1
R1704,7,SEC:LSY:J17B_S17C:WB,g1
R1704,7,SEC:LSY:S17C_S17D:WB,g1
R1704,8,PLAT:LSY:J17B:WB,g1
R1704,8,PLAT:LSY:S17C:WB,g1
R1704,8,PLAT:LSY:S17D:WB,g1
R1704,8,SEC:LSY:J17B_S17C:WB,g1
R1704,8,SEC:LSY:S17C_S17D:WB,g1
R1705,9,PLAT:LSY:S17C:WB,g1
R1705,9,PLAT:LSY:S17D:WB,g1
R1705,9,SEC:LSY:S17C_S17D:WB,g1
R1706,10,PLAT:LSY:J17A:EB,g1
R1706,10,PLAT:LSY:J17B:EB,g1
R1706,10,SEC:LSY:J17A_J17B:EB,g1
R1706,11,PLAT:LSY:J17A:EB,g1
R1706,11,PLAT:LSY:J17B:EB,g1
R1706,11,SEC:LSY:J17A_J17B:EB,g1
R1707,12,PLAT:LSX:J17B:WB,g1
R1707,12,PLAT:LSX:N17C:WB,g1
R1707,12,PLAT:LSX:N17D:WB,g1
R1707,12,SEC:LSX:J17B_N17C:WB,g1
R1707,12,SEC:LSX:N17C_N17D:WB,g1
R1707,13,PLAT:LSX:J17B:WB,g1
R1707,13,PLAT:LSX:N17C:WB,g1
R1707,13,PLAT:LSX:N17D:WB,g1
R1707,13,SEC:LSX:J17B_N17C:WB,g1
R1707,13,SEC:LSX:N17C_N17D:WB,g1
R1708,14,PLAT:LSY:S17C:EB,g1
R1708,14,PLAT:LSY:S17D:EB,g1
R1708,14,SEC:LSY:S17C_S17D:EB,g1
R1709,4,PLAT:LSX:N17C:WB,g1
R1709,4,PLAT:LSX:N17D:WB,g1
R1709,4,SEC:LSX:N17C_N17D:WB,g1
R1709,5,PLAT:LSX:N17C:WB,g1
R1709,5,PLAT:LSX:N17D:WB,g1
R1709,5,SEC:LSX:N17C_N17D:WB,g1
R1801,1,PLAT:LSX:J18B:EB,g1
R1801,1,PLAT:LSX:N18C:EB,g1
R1801,1,SEC:LSX:J18B_N18C:EB,g1
R1801,2,PLAT:LSX:J18B:EB,g1
R1801,2,PLAT:LSX:N18C:EB,g1
R1801,2,SEC:LSX:J18B_N18C:EB,g1
R1802,4,PLAT:LSX:N18C:WB,g1
R1802,4,PLAT:LSX:N18D:WB,g1
R1802,4,SEC:LSX:N18C_N18D:WB,g1
R1802,5,PLAT:LSX:N18C:WB,g1
R1802,5,PLAT:LSX:N18D:WB,g1
R1802,5,SEC:LSX:N18C_N18D:WB,g1
R1803,6,PLAT:LSX:J18A:EB,g1
R1803,6,PLAT:LSX:J18B:EB,g1
R1803,6,SEC:LSX:J18A_J18B:EB,g1
R1804,7,PLAT:LSY:J18B:WB,g1
R1804,7,PLAT:LSY:S18C:WB,g1
R1804,7,PLAT:LSY:S18D:WB,g1
R1804,7,SEC:LSY:J18B_S18C:WB,g1
R1804,7,SEC:LSY:S18C_S18D:WB,g1
R1804,8,PLAT:LSY:J18B:WB,g1
R1804,8,PLAT:LSY:S18C:WB,g1
R1804,8,PLAT:LSY:S18D:WB,g1
R1804,8,SEC:LSY:J18B_S18C:WB,g1
R1804,8,SEC:LSY:S18C_S18D:WB,g1
R1805,9,PLAT:LSY:S18C:WB,g1
R1805,9,PLAT:LSY:S18D:WB,g1
R1805,9,SEC:LSY:S18C_S18D:WB,g1
R1806,10,PLAT:LSY:J18A:EB,g1
R1806,10,PLAT:LSY:J18B:EB,g1
R1806,10,SEC:LSY:J18A_J18B:EB,g1
R1806,11,PLAT:LSY:J18A:EB,g1
R1806,11,PLAT:LSY:J18B:EB,g1
R1806,11,SEC:LSY:J18A_J18B:EB,g1
R1807,12,PLAT:LSX:J18B:WB,g1
R1807,12,PLAT:LSX:N18C:WB,g1
R1807,12,PLAT:LSX:N18D:WB,g1
R1807,12,SEC:LSX:J18B_N18C:WB,g1
R1807,12,SEC:LSX:N18C_N18D:WB,g1
R1807,13,PLAT:LSX:J18B:WB,g1
R1807,13,PLAT:LSX:N18C:WB,g1
R1807,13,PLAT:LSX:N18D:WB,g1
R1807,13,SEC:LSX:J18B_N18C:WB,g1
R1807,13,SEC:LSX:N18C_N18D:WB,g1
R1808,14,PLAT:LSY:S18C:EB,g1
R1808,14,PLAT:LSY:S18D:EB,g1
R1808,14,SEC:LSY:S18C_S18D:EB,g1
R1809,4,PLAT:LSX:N18C:WB,g1
R1809,4,PLAT:LSX:N18D:WB,g1
R1809,4,SEC:LSX:N18C_N18D:WB,g1
R1809,5,PLAT:LSX:N18C:WB,g1
R1809,5,PLAT:LSX:N18D:WB,g1
R1809,5,SEC:LSX:N18C_N18D:WB,g1
R1901,1,PLAT:LSX:J19B:EB,g1
R1901,1,PLAT:LSX:N19C:EB,g1
R1901,1,SEC:LSX:J19B_N19C:EB,g1
R1901,2,PLAT:LSX:J19B:EB,g1
R1901,2,PLAT:LSX:N19C:EB,g1
R1901,2,SEC:LSX:J19B_N19C:EB,g1
R1902,4,PLAT:LSX:N19C:WB,g1
R1902,4,PLAT:LSX:N19D:WB,g1
R1902,4,SEC:LSX:N19C_N19D:WB,g1
R1902,5,PLAT:LSX:N19C:WB,g1
R1902,5,PLAT:LSX:N19D:WB,g1
R1902,5,SEC:LSX:N19C_N19D:WB,g1
R1903,6,PLAT:LSX:J19A:EB,g1
R1903,6,PLAT:LSX:J19B:EB,g1
R1903,6,SEC:LSX:J19A_J19B:EB,g1
R1904,7,PLAT:LSY:J19B:WB,g1
R1904,7,PLAT:LSY:S19C:WB,g1
R1904,7,PLAT:LSY:S19D:WB,g1
R1904,7,SEC:LSY:J19B_S19C:WB,g1
R1904,7,SEC:LSY:S19C_S19D:WB,g1
R1904,8,PLAT:LSY:J19B:WB,g1
R1904,8,PLAT:LSY:S19C:WB,g1
R1904,8,PLAT:LSY:S19D:WB,g1
R1904,8,SEC:LSY:J19B_S19C:WB,g1
R1904,8,SEC:LSY:S19C_S19D:WB,g1
R1905,9,PLAT:LSY:S19C:WB,g1
R1905,9,PLAT:LSY:S19D:WB,g1
R1905,9,SEC:LSY:S19C_S19D:WB,g1
R1906,10,PLAT:LSY:J19A:EB,g1
R1906,10,PLAT:LSY:J19B:EB,g1
R1906,10,SEC:LSY:J19A_J19B:EB,g1
R1906,11,PLAT:LSY:J19A:EB,g1
R1906,11,PLAT:LSY:J19B:EB,g1
R1906,11,SEC:LSY:J19A_J19B:EB,g1
R1907,12,PLAT:LSX:J19B:WB,g1
R1907,12,PLAT:LSX:N19C:WB,g1
R1907,12,PLAT:LSX:N19D:WB,g1
R1907,12,SEC:LSX:J19B_N19C:WB,g1
R1907,12,SEC:LSX:N19C_N19D:WB,g1
R1907,13,PLAT:LSX:J19B:WB,g1
R1907,13,PLAT:LSX:N19C:WB,g1
R1907,13,PLAT:LSX:N19D:WB,g1
R1907,13,SEC:LSX:J19B_N19C:WB,g1
R1907,13,SEC:LSX:N19C_N19D:WB,g1
R1908,14,PLAT:LSY:S19C:EB,g1
R1908,14,PLAT:LSY:S19D:EB,g1
R1908,14,SEC:LSY:S19C_S19D:EB,g1
R1909,4,PLAT:LSX:N19C:WB,g1
R1909,4,PLAT:LSX:N19D:WB,g1
R1909,4,SEC:LSX:N19C_N19D:WB,g1
R1909,5,PLAT:LSX:N19C:WB,g1
R1909,5,PLAT:LSX:N19D:WB,g1
R1909,5,SEC:LSX:N19C_N19D:WB,g1
R2001,1,PLAT:LSX:J20B:EB,g1
R2001,1,PLAT:LSX:N20C:EB,g1
R2001,1,SEC:LSX:J20B_N20C:EB,g1
R2001,2,PLAT:LSX:J20B:EB,g1
R2001,2,PLAT:LSX:N20C:EB,g1
R2001,2,SEC:LSX:J20B_N20C:EB,g1
R2002,4,PLAT:LSX:N20C:WB,g1
R2002,4,PLAT:LSX:N20D:WB,g1
R2002,4,SEC:LSX:N20C_N20D:WB,g1
R2002,5,PLAT:LSX:N20C:WB,g1
R2002,5,PLAT:LSX:N20D:WB,g1
R2002,5,SEC:LSX:N20C_N20D:WB,g1
R2003,6,PLAT:LSX:J20A:EB,g1
R2003,6,PLAT:LSX:J20B:EB,g1
R2003,6,SEC:LSX:J20A_J20B:EB,g1
R2004,7,PLAT:LSY:J20B:WB,g1
R2004,7,PLAT:LSY:S20C:WB,g1
R2004,7,PLAT:LSY:S20D:WB,g1
R2004,7,SEC:LSY:J20B_S20C:WB,g1
R2004,7,SEC:LSY:S20C_S20D:WB,g1
R2004,8,PLAT:LSY:J20B:WB,g1
R2004,8,PLAT:LSY:S20C:WB,g1
R2004,8,PLAT:LSY:S20D:WB,g1
R2004,8,SEC:LSY:J20B_S20C:WB,g1
R2004,8,SEC:LSY:S20C_S20D:WB,g1
R2005,9,PLAT:LSY:S20C:WB,g1
R2005,9,PLAT:LSY:S20D:WB,g1
R2005,9,SEC:LSY:S20C_S20D:WB,g1
R2006,10,PLAT:LSY:J20A:EB,g1
R2006,10,PLAT:LSY:J20B:EB,g1
R2006,10,SEC:LSY:J20A_J20B:EB,g1
R2006,11,PLAT:LSY:J20A:EB,g1
R2006,11,PLAT:LSY:J20B:EB,g1
R2006,11,SEC:LSY:J20A_J20B:EB,g1
R2007,12,PLAT:LSX:J20B:WB,g1
R2007,12,PLAT:LSX:N20C:WB,g1
R2007,12,PLAT:LSX:N20D:WB,g1
R2007,12,SEC:LSX:J20B_N20C:WB,g1
R2007,12,SEC:LSX:N20C_N20D:WB,g1
R2007,13,PLAT:LSX:J20B:WB,g1
R2007,13,PLAT:LSX:N20C:WB,g1
R2007,13,PLAT:LSX:N20D:WB,g1
R2007,13,SEC:LSX:J20B_N20C:WB,g1
R2007,13,SEC:LSX:N20C_N20D:WB,g1
R2008,14,PLAT:LSY:S20C:EB,g1
R2008,14,PLAT:LSY:S20D:EB,g1
R2008,14,SEC:LSY:S20C_S20D:EB,g1
R2009,4,PLAT:LSX:N20C:WB,g1
R2009,4,PLAT:LSX:N20D:WB,g1
R2009,4,SEC:LSX:N20C_N20D:WB,g1
R2009,5,PLAT:LSX:N20C:WB,g1
R2009,5,PLAT:LSX:N20D:WB,g1
R2009,5,SEC:LSX:N20C_N20D:WB,g1
R2101,1,PLAT:LSX:J21B:EB,g1
R2101,1,PLAT:LSX:N21C:EB,g1
R2101,1,SEC:LSX:J21B_N21C:EB,g1
R2101,2,PLAT:LSX:J21B:EB,g1
R2101,2,PLAT:LSX:N21C:EB,g1
R2101,2,SEC:LSX:J21B_N21C:EB,g1
R2102,4,PLAT:LSX:N21C:WB,g1
R2102,4,PLAT:LSX:N21D:WB,g1
R2102,4,SEC:LSX:N21C_N21D:WB,g1
R2102,5,PLAT:LSX:N21C:WB,g1
R2102,5,PLAT:LSX:N21D:WB,g1
R2102,5,SEC:LSX:N21C_N21D:WB,g1
R2103,6,PLAT:LSX:J21A:EB,g1
R2103,6,PLAT:LSX:J21B:EB,g1
R2103,6,SEC:LSX:J21A_J21B:EB,g1
R2104,7,PLAT:LSY:J21B:WB,g1
R2104,7,PLAT:LSY:S21C:WB,g1
R2104,7,PLAT:LSY:S21D:WB,g1
R2104,7,SEC:LSY:J21B_S21C:WB,g1
R2104,7,SEC:LSY:S21C_S21D:WB,g1
R2104,8,PLAT:LSY:J21B:WB,g1
R2104,8,PLAT:LSY:S21C:WB,g1
R2104,8,PLAT:LSY:S21D:WB,g1
R2104,8,SEC:LSY:J21B_S21C:WB,g1
R2104,8,SEC:LSY:S21C_S21D:WB,g1
R2105,9,PLAT:LSY:S21C:WB,g1
R2105,9,PLAT:LSY:S21D:WB,g1
R2105,9,SEC:LSY:S21C_S21D:WB,g1
R2106,10,PLAT:LSY:J21A:EB,g1
R2106,10,PLAT:LSY:J21B:EB,g1
R2106,10,SEC:LSY:J21A_J21B:EB,g1
R2106,11,PLAT:LSY:J21A:EB,g1
R2106,11,PLAT:LSY:J21B:EB,g1
R2106,11,SEC:LSY:J21A_J21B:EB,g1
R2107,12,PLAT:LSX:J21B:WB,g1
R2107,12,PLAT:LSX:N21C:WB,g1
R2107,12,PLAT:LSX:N21D:WB,g1
R2107,12,SEC:LSX:J21B_N21C:WB,g1
R2107,12,SEC:LSX:N21C_N21D:WB,g1
R2107,13,PLAT:LSX:J21B:WB,g1
R2107,13,PLAT:LSX:N21C:WB,g1
R2107,13,PLAT:LSX:N21D:WB,g1
R2107,13,SEC:LSX:J21B_N21C:WB,g1
R2107,13,SEC:LSX:N21C_N21D:WB,g1
R2108,14,PLAT:LSY:S21C:EB,g1
R2108,14,PLAT:LSY:S21D:EB,g1
R2108,14,SEC:LSY:S21C_S21D:EB,g1
R2109,4,PLAT:LSX:N21C:WB,g1
R2109,4,PLAT:LSX:N21D:WB,g1
R2109,4,SEC:LSX:N21C_N21D:WB,g1
R2109,5,PLAT:LSX:N21C:WB,g1
R2109,5,PLAT:LSX:N21D:WB,g1
R2109,5,SEC:LSX:N21C_N21D:WB,g1
R2201,1,PLAT:LSX:J22B:EB,g1
R2201,1,PLAT:LSX:N22C:EB,g1
R2201,1,SEC:LSX:J22B_N22C:EB,g1
R2201,2,PLAT:LSX:J22B:EB,g1
R2201,2,PLAT:LSX:N22C:EB,g1
R2201,2,SEC:LSX:J22B_N22C:EB,g1
R2202,4,PLAT:LSX:N22C:WB,g1
R2202,4,PLAT:LSX:N22D:WB,g1
R2202,4,SEC:LSX:N22C_N22D:WB,g1
R2202,5,PLAT:LSX:N22C:WB,g1
R2202,5,PLAT:LSX:N22D:WB,g1
R2202,5,SEC:LSX:N22C_N22D:WB,g1
R2203,6,PLAT:LSX:J22A:EB,g1
R2203,6,PLAT:LSX:J22B:EB,g1
R2203,6,SEC:LSX:J22A_J22B:EB,g1
R2204,7,PLAT:LSY:J22B:WB,g1
R2204,7,PLAT:LSY:S22C:WB,g1
R2204,7,PLAT:LSY:S22D:WB,g1
R2204,7,SEC:LSY:J22B_S22C:WB,g1
R2204,7,SEC:LSY:S22C_S22D:WB,g1
R2204,8,PLAT:LSY:J22B:WB,g1
R2204,8,PLAT:LSY:S22C:WB,g1
R2204,8,PLAT:LSY:S22D:WB,g1
R2204,8,SEC:LSY:J22B_S22C:WB,g1
R2204,8,SEC:LSY:S22C_S22D:WB,g1
R2205,9,PLAT:LSY:S22C:WB,g1
R2205,9,PLAT:LSY:S22D:WB,g1
R2205,9,SEC:LSY:S22C_S22D:WB,g1
R2206,10,PLAT:LSY:J22A:EB,g1
R2206,10,PLAT:LSY:J22B:EB,g1
R2206,10,SEC:LSY:J22A_J22B:EB,g1
R2206,11,PLAT:LSY:J22A:EB,g1
R2206,11,PLAT:LSY:J22B:EB,g1
R2206,11,SEC:LSY:J22A_J22B:EB,g1
R2207,12,PLAT:LSX:J22B:WB,g1
R2207,12,PLAT:LSX:N22C:WB,g1
R2207,12,PLAT:LSX:N22D:WB,g1
R2207,12,SEC:LSX:J22B_N22C:WB,g1
R2207,12,SEC:LSX:N22C_N22D:WB,g1
R2207,13,PLAT:LSX:J22B:WB,g1
R2207,13,PLAT:LSX:N22C:WB,g1
R2207,13,PLAT:LSX:N22D:WB,g1
R2207,13,SEC:LSX:J22B_N22C:WB,g1
R2207,13,SEC:LSX:N22C_N22D:WB,g1
R2208,14,PLAT:LSY:S22C:EB,g1
R2208,14,PLAT:LSY:S22D:EB,g1
R2208,14,SEC:LSY:S22C_S22D:EB,g1
R2209,4,PLAT:LSX:N22C:WB,g1
R2209,4,PLAT:LSX:N22D:WB,g1
R2209,4,SEC:LSX:N22C_N22D:WB,g1
R2209,5,PLAT:LSX:N22C:WB,g1
R2209,5,PLAT:LSX:N22D:WB,g1
R2209,5,SEC:LSX:N22C_N22D:WB,g1
R2301,1,PLAT:LSX:J23B:EB,g1
R2301,1,PLAT:LSX:N23C:EB,g1
R2301,1,SEC:LSX:J23B_N23C:EB,g1
R2301,2,PLAT:LSX:J23B:EB,g1
R2301,2,PLAT:LSX:N23C:EB,g1
R2301,2,SEC:LSX:J23B_N23C:EB,g1
R2302,4,PLAT:LSX:N23C:WB,g1
R2302,4,PLAT:LSX:N23D:WB,g1
R2302,4,SEC:LSX:N23C_N23D:WB,g1
R2302,5,PLAT:LSX:N23C:WB,g1
R2302,5,PLAT:LSX:N23D:WB,g1
R2302,5,SEC:LSX:N23C_N23D:WB,g1
R2303,6,PLAT:LSX:J23A:EB,g1
R2303,6,PLAT:LSX:J23B:EB,g1
R2303,6,SEC:LSX:J23A_J23B:EB,g1
R2304,7,PLAT:LSY:J23B:WB,g1
R2304,7,PLAT:LSY:S23C:WB,g1
R2304,7,PLAT:LSY:S23D:WB,g1
R2304,7,SEC:LSY:J23B_S23C:WB,g1
R2304,7,SEC:LSY:S23C_S23D:WB,g1
R2304,8,PLAT:LSY:J23B:WB,g1
R2304,8,PLAT:LSY:S23C:WB,g1
R2304,8,PLAT:LSY:S23D:WB,g1
R2304,8,SEC:LSY:J23B_S23C:WB,g1
R2304,8,SEC:LSY:S23C_S23D:WB,g1
R2305,9,PLAT:LSY:S23C:WB,g1
R2305,9,PLAT:LSY:S23D:WB,g1
R2305,9,SEC:LSY:S23C_S23D:WB,g1
R2306,10,PLAT:LSY:J23A:EB,g1
R2306,10,PLAT:LSY:J23B:EB,g1
R2306,10,SEC:LSY:J23A_J23B:EB,g1
R2306,11,PLAT:LSY:J23A:EB,g1
R2306,11,PLAT:LSY:J23B:EB,g1
R2306,11,SEC:LSY:J23A_J23B:EB,g1
R2307,12,PLAT:LSX:J23B:WB,g1
R2307,12,PLAT:LSX:N23C:WB,g1
R2307,12,PLAT:LSX:N23D:WB,g1
R2307,12,SEC:LSX:J23B_N23C:WB,g1
R2307,12,SEC:LSX:N23C_N23D:WB,g1
R2307,13,PLAT:LSX:J23B:WB,g1
R2307,13,PLAT:LSX:N23C:WB,g1
R2307,13,PLAT:LSX:N23D:WB,g1
R2307,13,SEC:LSX:J23B_N23C:WB,g1
R2307,13,SEC:LSX:N23C_N23D:WB,g1
R2308,14,PLAT:LSY:S23C:EB,g1
R2308,14,PLAT:LSY:S23D:EB,g1
R2308,14,SEC:LSY:S23C_S23D:EB,g1
R2309,4,PLAT:LSX:N23C:WB,g1
R2309,4,PLAT:LSX:N23D:WB,g1
R2309,4,SEC:LSX:N23C_N23D:WB,g1
R2309,5,PLAT:LSX:N23C:WB,g1
R2309,5,PLAT:LSX:N23D:WB,g1
R2309,5,SEC:LSX:N23C_N23D:WB,g1
R2401,1,PLAT:LSX:J24B:EB,g1
R2401,1,PLAT:LSX:N24C:EB,g1
R2401,1,SEC:LSX:J24B_N24C:EB,g1
R2401,2,PLAT:LSX:J24B:EB,g1
R2401,2,PLAT:LSX:N24C:EB,g1
R2401,2,SEC:LSX:J24B_N24C:EB,g1
R2402,4,PLAT:LSX:N24C:WB,g1
R2402,4,PLAT:LSX:N24D:WB,g1
R2402,4,SEC:LSX:N24C_N24D:WB,g1
R2402,5,PLAT:LSX:N24C:WB,g1
R2402,5,PLAT:LSX:N24D:WB,g1
R2402,5,SEC:LSX:N24C_N24D:WB,g1
R2403,6,PLAT:LSX:J24A:EB,g1
R2403,6,PLAT:LSX:J24B:EB,g1
R2403,6,SEC:LSX:J24A_J24B:EB,g1
R2404,7,PLAT:LSY:J24B:WB,g1
R2404,7,PLAT:LSY:S24C:WB,g1
R2404,7,PLAT:LSY:S24D:WB,g1
R2404,7,SEC:LSY:J24B_S24C:WB,g1
R2404,7,SEC:LSY:S24C_S24D:WB,g1
R2404,8,PLAT:LSY:J24B:WB,g1
R2404,8,PLAT:LSY:S24C:WB,g1
R2404,8,PLAT:LSY:S24D:WB,g1
R2404,8,SEC:LSY:J24B_S24C:WB,g1
R2404,8,SEC:LSY:S24C_S24D:WB,g1
R2405,9,PLAT:LSY:S24C:WB,g1
R2405,9,PLAT:LSY:S24D:WB,g1
R2405,9,SEC:LSY:S24C_S24D:WB,g1
R2406,10,PLAT:LSY:J24A:EB,g1
R2406,10,PLAT:LSY:J24B:EB,g1
R2406,10,SEC:LSY:J24A_J24B:EB,g1
R2406,11,PLAT:LSY:J24A:EB,g1
R2406,11,PLAT:LSY:J24B:EB,g1
R2406,11,SEC:LSY:J24A_J24B:EB,g1
R2407,12,PLAT:LSX:J24B:WB,g1
R2407,12,PLAT:LSX:N24C:WB,g1
R2407,12,PLAT:LSX:N24D:WB,g1
R2407,12,SEC:LSX:J24B_N24C:WB,g1
R2407,12,SEC:LSX:N24C_N24D:WB,g1
R2407,13,PLAT:LSX:J24B:WB,g1
R2407,13,PLAT:LSX:N24C:WB,g1
R2407,13,PLAT:LSX:N24D:WB,g1
R2407,13,SEC:LSX:J24B_N24C:WB,g1
R2407,13,SEC:LSX:N24C_N24D:WB,g1
R2408,14,PLAT:LSY:S24C:EB,g1
R2408,14,PLAT:LSY:S24D:EB,g1
R2408,14,SEC:LSY:S24C_S24D:EB,g1
R2409,4,PLAT:LSX:N24C:WB,g1
R2409,4,PLAT:LSX:N24D:WB,g1
R2409,4,SEC:LSX:N24C_N24D:WB,g1
R2409,5,PLAT:LSX:N24C:WB,g1
R2409,5,PLAT:LSX:N24D:WB,g1
R2409,5,SEC:LSX:N24C_N24D:WB,g1
R2501,1,PLAT:LSX:J25B:EB,g1
R2501,1,PLAT:LSX:N25C:EB,g1
R2501,1,SEC:LSX:J25B_N25C:EB,g1
R2501,2,PLAT:LSX:J25B:EB,g1
R2501,2,PLAT:LSX:N25C:EB,g1
R2501,2,SEC:LSX:J25B_N25C:EB,g1
R2502,4,PLAT:LSX:N25C:WB,g1
R2502,4,PLAT:LSX:N25D:WB,g1
R2502,4,SEC:LSX:N25C_N25D:WB,g1
R2502,5,PLAT:LSX:N25C:WB,g1
R2502,5,PLAT:LSX:N25D:WB,g1
R2502,5,SEC:LSX:N25C_N25D:WB,g1
R2503,6,PLAT:LSX:J25A:EB,g1
R2503,6,PLAT:LSX:J25B:EB,g1
R2503,6,SEC:LSX:J25A_J25B:EB,g1
R2504,7,PLAT:LSY:J25B:WB,g1
R2504,7,PLAT:LSY:S25C:WB,g1
R2504,7,PLAT:LSY:S25D:WB,g1
R2504,7,SEC:LSY:J25B_S25C:WB,g1
R2504,7,SEC:LSY:S25C_S25D:WB,g1
R2504,8,PLAT:LSY:J25B:WB,g1
R2504,8,PLAT:LSY:S25C:WB,g1
R2504,8,PLAT:LSY:S25D:WB,g1
R2504,8,SEC:LSY:J25B_S25C:WB,g1
R2504,8,SEC:LSY:S25C_S25D:WB,g1
R2505,9,PLAT:LSY:S25C:WB,g1
R2505,9,PLAT:LSY:S25D:WB,g1
R2505,9,SEC:LSY:S25C_S25D:WB,g1
R2506,10,PLAT:LSY:J25A:EB,g1
R2506,10,PLAT:LSY:J25B:EB,g1
R2506,10,SEC:LSY:J25A_J25B:EB,g1
R2506,11,PLAT:LSY:J25A:EB,g1
R2506,11,PLAT:LSY:J25B:EB,g1
R2506,11,SEC:LSY:J25A_J25B:EB,g1
R2507,12,PLAT:LSX:J25B:WB,g1
R2507,12,PLAT:LSX:N25C:WB,g1
R2507,12,PLAT:LSX:N25D:WB,g1
R2507,12,SEC:LSX:J25B_N25C:WB,g1
R2507,12,SEC:LSX:N25C_N25D:WB,g1
R2507,13,PLAT:LSX:J25B:WB,g1
R2507,13,PLAT:LSX:N25C:WB,g1
R2507,13,PLAT:LSX:N25D:WB,g1
R2507,13,SEC:LSX:J25B_N25C:WB,g1
R2507,13,SEC:LSX:N25C_N25D:WB,g1
R2508,14,PLAT:LSY:S25C:EB,g1
R2508,14,PLAT:LSY:S25D:EB,g1
R2508,14,SEC:LSY:S25C_S25D:EB,g1
R2509,4,PLAT:LSX:N25C:WB,g1
R2509,4,PLAT:LSX:N25D:WB,g1
R2509,4,SEC:LSX:N25C_N25D:WB,g1
R2509,5,PLAT:LSX:N25C:WB,g1
R2509,5,PLAT:LSX:N25D:WB,g1
R2509,5,SEC:LSX:N25C_N25D:WB,g1
R2601,1,PLAT:LSX:J26B:EB,g1
R2601,1,PLAT:LSX:N26C:EB,g1
R2601,1,SEC:LSX:J26B_N26C:EB,g1
R2601,2,PLAT:LSX:J26B:EB,g1
R2601,2,PLAT:LSX:N26C:EB,g1
R2601,2,SEC:LSX:J26B_N26C:EB,g1
R2602,4,PLAT:LSX:N26C:WB,g1
R2602,4,PLAT:LSX:N26D:WB,g1
R2602,4,SEC:LSX:N26C_N26D:WB,g1
R2602,5,PLAT:LSX:N26C:WB,g1
R2602,5,PLAT:LSX:N26D:WB,g1
R2602,5,SEC:LSX:N26C_N26D:WB,g1
R2603,6,PLAT:LSX:J26A:EB,g1
R2603,6,PLAT:LSX:J26B:EB,g1
R2603,6,SEC:LSX:J26A_J26B:EB,g1
R2604,7,PLAT:LSY:J26B:WB,g1
R2604,7,PLAT:LSY:S26C:WB,g1
R2604,7,PLAT:LSY:S26D:WB,g1
R2604,7,SEC:LSY:J26B_S26C:WB,g1
R2604,7,SEC:LSY:S26C_S26D:WB,g1
R2604,8,PLAT:LSY:J26B:WB,g1
R2604,8,PLAT:LSY:S26C:WB,g1
R2604,8,PLAT:LSY:S26D:WB,g1
R2604,8,SEC:LSY:J26B_S26C:WB,g1
R2604,8,SEC:LSY:S26C_S26D:WB,g1
R2605,9,PLAT:LSY:S26C:WB,g1
R2605,9,PLAT:LSY:S26D:WB,g1
R2605,9,SEC:LSY:S26C_S26D:WB,g1
R2606,10,PLAT:LSY:J26A:EB,g1
R2606,10,PLAT:LSY:J26B:EB,g1
R2606,10,SEC:LSY:J26A_J26B:EB,g1
R2606,11,PLAT:LSY:J26A:EB,g1
R2606,11,PLAT:LSY:J26B:EB,g1
R2606,11,SEC:LSY:J26A_J26B:EB,g1
R2607,12,PLAT:LSX:J26B:WB,g1
R2607,12,PLAT:LSX:N26C:WB,g1
R2607,12,PLAT:LSX:N26D:WB,g1
R2607,12,SEC:LSX:J26B_N26C:WB,g1
R2607,12,SEC:LSX:N26C_N26D:WB,g1
R2607,13,PLAT:LSX:J26B:WB,g1
R2607,13,PLAT:LSX:N26C:WB,g1
R2607,13,PLAT:LSX:N26D:WB,g1
R2607,13,SEC:LSX:J26B_N26C:WB,g1
R2607,13,SEC:LSX:N26C_N26D:WB,g1
R2608,14,PLAT:LSY:S26C:EB,g1
R2608,14,PLAT:LSY:S26D:EB,g1
R2608,14,SEC:LSY:S26C_S26D:EB,g1
R2609,4,PLAT:LSX:N26C:WB,g1
R2609,4,PLAT:LSX:N26D:WB,g1
R2609,4,SEC:LSX:N26C_N26D:WB,g1
R2609,5,PLAT:LSX:N26C:WB,g1
R2609,5,PLAT:LSX:N26D:WB,g1
R2609,5,SEC:LSX:N26C_N26D:WB,g1
R2701,1,PLAT:LSX:J27B:EB,g1
R2701,1,PLAT:LSX:N27C:EB,g1
R2701,1,SEC:LSX:J27B_N27C:EB,g1
R2701,2,PLAT:LSX:J27B:EB,g1
R2701,2,PLAT:LSX:N27C:EB,g1
R2701,2,SEC:LSX:J27B_N27C:EB,g1
R2702,4,PLAT:LSX:N27C:WB,g1
R2702,4,PLAT:LSX:N27D:WB,g1
R2702,4,SEC:LSX:N27C_N27D:WB,g1
R2702,5,PLAT:LSX:N27C:WB,g1
R2702,5,PLAT:LSX:N27D:WB,g1
R2702,5,SEC:LSX:N27C_N27D:WB,g1
R2703,6,PLAT:LSX:J27A:EB,g1
R2703,6,PLAT:LSX:J27B:EB,g1
R2703,6,SEC:LSX:J27A_J27B:EB,g1
R2704,7,PLAT:LSY:J27B:WB,g1
R2704,7,PLAT:LSY:S27C:WB,g1
R2704,7,PLAT:LSY:S27D:WB,g1
R2704,7,SEC:LSY:J27B_S27C:WB,g1
R2704,7,SEC:LSY:S27C_S27D:WB,g1
R2704,8,PLAT:LSY:J27B:WB,g1
R2704,8,PLAT:LSY:S27C:WB,g1
R2704,8,PLAT:LSY:S27D:WB,g1
R2704,8,SEC:LSY:J27B_S27C:WB,g1
R2704,8,SEC:LSY:S27C_S27D:WB,g1
R2705,9,PLAT:LSY:S27C:WB,g1
R2705,9,PLAT:LSY:S27D:WB,g1
R2705,9,SEC:LSY:S27C_S27D:WB,g1
R2706,10,PLAT:LSY:J27A:EB,g1
R2706,10,PLAT:LSY:J27B:EB,g1
R2706,10,SEC:LSY:J27A_J27B:EB,g1
R2706,11,PLAT:LSY:J27A:EB,g1
R2706,11,PLAT:LSY:J27B:EB,g1
R2706,11,SEC:LSY:J27A_J27B:EB,g1
R2707,12,PLAT:LSX:J27B:WB,g1
R2707,12,PLAT:LSX:N27C:WB,g1
R2707,12,PLAT:LSX:N27D:WB,g1
R2707,12,SEC:LSX:J27B_N27C:WB,g1
R2707,12,SEC:LSX:N27C_N27D:WB,g1
R2707,13,PLAT:LSX:J27B:WB,g1
R2707,13,PLAT:LSX:N27C:WB,g1
R2707,13,PLAT:LSX:N27D:WB,g1
R2707,13,SEC:LSX:J27B_N27C:WB,g1
R2707,13,SEC:LSX:N27C_N27D:WB,g1
R2708,14,PLAT:LSY:S27C:EB,g1
R2708,14,PLAT:LSY:S27D:EB,g1
R2708,14,SEC:LSY:S27C_S27D:EB,g1
R2709,4,PLAT:LSX:N27C:WB,g1
R2709,4,PLAT:LSX:N27D:WB,g1
R2709,4,SEC:LSX:N27C_N27D:WB,g1
R2709,5,PLAT:LSX:N27C:WB,g1
R2709,5,PLAT:LSX:N27D:WB,g1
R2709,5,SEC:LSX:N27C_N27D:WB,g1
R2801,1,PLAT:LSX:J28B:EB,g1
R2801,1,PLAT:LSX:N28C:EB,g1
R2801,1,SEC:LSX:J28B_N28C:EB,g1
R2801,2,PLAT:LSX:J28B:EB,g1
R2801,2,PLAT:LSX:N28C:EB,g1
R2801,2,SEC:LSX:J28B_N28C:EB,g1
R2802,4,PLAT:LSX:N28C:WB,g1
R2802,4,PLAT:LSX:N28D:WB,g1
R2802,4,SEC:LSX:N28C_N28D:WB,g1
R2802,5,PLAT:LSX:N28C:WB,g1
R2802,5,PLAT:LSX:N28D:WB,g1
R2802,5,SEC:LSX:N28C_N28D:WB,g1
R2803,6,PLAT:LSX:J28A:EB,g1
R2803,6,PLAT:LSX:J28B:EB,g1
R2803,6,SEC:LSX:J28A_J28B:EB,g1
R2804,7,PLAT:LSY:J28B:WB,g1
R2804,7,PLAT:LSY:S28C:WB,g1
R2804,7,PLAT:LSY:S28D:WB,g1
R2804,7,SEC:LSY:J28B_S28C:WB,g1
R2804,7,SEC:LSY:S28C_S28D:WB,g1
R2804,8,PLAT:LSY:J28B:WB,g1
R2804,8,PLAT:LSY:S28C:WB,g1
R2804,8,PLAT:LSY:S28D:WB,g1
R2804,8,SEC:LSY:J28B_S28C:WB,g1
R2804,8,SEC:LSY:S28C_S28D:WB,g1
R2805,9,PLAT:LSY:S28C:WB,g1
R2805,9,PLAT:LSY:S28D:WB,g1
R2805,9,SEC:LSY:S28C_S28D:WB,g1
R2806,10,PLAT:LSY:J28A:EB,g1
R2806,10,PLAT:LSY:J28B:EB,g1
R2806,10,SEC:LSY:J28A_J28B:EB,g1
R2806,11,PLAT:LSY:J28A:EB,g1
R2806,11,PLAT:LSY:J28B:EB,g1
R2806,11,SEC:LSY:J28A_J28B:EB,g1
R2807,12,PLAT:LSX:J28B:WB,g1
R2807,12,PLAT:LSX:N28C:WB,g1
R2807,12,PLAT:LSX:N28D:WB,g1
R2807,12,SEC:LSX:J28B_N28C:WB,g1
R2807,12,SEC:LSX:N28C_N28D:WB,g1
R2807,13,PLAT:LSX:J28B:WB,g1
R2807,13,PLAT:LSX:N28C:WB,g1
R2807,13,PLAT:LSX:N28D:WB,g1
R2807,13,SEC:LSX:J28B_N28C:WB,g1
R2807,13,SEC:LSX:N28C_N28D:WB,g1
R2808,14,PLAT:LSY:S28C:EB,g1
R2808,14,PLAT:LSY:S28D:EB,g1
R2808,14,SEC:LSY:S28C_S28D:EB,g1
R2809,4,PLAT:LSX:N28C:WB,g1
R2809,4,PLAT:LSX:N28D:WB,g1
R2809,4,SEC:LSX:N28C_N28D:WB,g1
R2809,5,PLAT:LSX:N28C:WB,g1
R2809,5,PLAT:LSX:N28D:WB,g1
R2809,5,SEC:LSX:N28C_N28D:WB,g1
R2901,1,PLAT:LSX:J29B:EB,g1
R2901,1,PLAT:LSX:N29C:EB,g1
R2901,1,SEC:LSX:J29B_N29C:EB,g1
R2901,2,PLAT:LSX:J29B:EB,g1
R2901,2,PLAT:LSX:N29C:EB,g1
R2901,2,SEC:LSX:J29B_N29C:EB,g1
R2902,4,PLAT:LSX:N29C:WB,g1
R2902,4,PLAT:LSX:N29D:WB,g1
R2902,4,SEC:LSX:N29C_N29D:WB,g1
R2902,5,PLAT:LSX:N29C:WB,g1
R2902,5,PLAT:LSX:N29D:WB,g1
R2902,5,SEC:LSX:N29C_N29D:WB,g1
R2903,6,PLAT:LSX:J29A:EB,g1
R2903,6,PLAT:LSX:J29B:EB,g1
R2903,6,SEC:LSX:J29A_J29B:EB,g1
R2904,7,PLAT:LSY:J29B:WB,g1
R2904,7,PLAT:LSY:S29C:WB,g1
R2904,7,PLAT:LSY:S29D:WB,g1
R2904,7,SEC:LSY:J29B_S29C:WB,g1
R2904,7,SEC:LSY:S29C_S29D:WB,g1
R2904,8,PLAT:LSY:J29B:WB,g1
R2904,8,PLAT:LSY:S29C:WB,g1
R2904,8,PLAT:LSY:S29D:WB,g1
R2904,8,SEC:LSY:J29B_S29C:WB,g1
R2904,8,SEC:LSY:S29C_S29D:WB,g1
R2905,9,PLAT:LSY:S29C:WB,g1
R2905,9,PLAT:LSY:S29D:WB,g1
R2905,9,SEC:LSY:S29C_S29D:WB,g1
R2906,10,PLAT:LSY:J29A:EB,g1
R2906,10,PLAT:LSY:J29B:EB,g1
R2906,10,SEC:LSY:J29A_J29B:EB,g1
R2906,11,PLAT:LSY:J29A:EB,g1
R2906,11,PLAT:LSY:J29B:EB,g1
R2906,11,SEC:LSY:J29A_J29B:EB,g1
R2907,12,PLAT:LSX:J29B:WB,g1
R2907,12,PLAT:LSX:N29C:WB,g1
R2907,12,PLAT:LSX:N29D:WB,g1
R2907,12,SEC:LSX:J29B_N29C:WB,g1
R2907,12,SEC:LSX:N29C_N29D:WB,g1
R2907,13,PLAT:LSX:J29B:WB,g1
R2907,13,PLAT:LSX:N29C:WB,g1
R2907,13,PLAT:LSX:N29D:WB,g1
R2907,13,SEC:LSX:J29B_N29C:WB,g1
R2907,13,SEC:LSX:N29C_N29D:WB,g1
R2908,14,PLAT:LSY:S29C:EB,g1
R2908,14,PLAT:LSY:S29D:EB,g1
R2908,14,SEC:LSY:S29C_S29D:EB,g1
R2909,4,PLAT:LSX:N29C:WB,g1
R2909,4,PLAT:LSX:N29D:WB,g1
R2909,4,SEC:LSX:N29C_N29D:WB,g1
R2909,5,PLAT:LSX:N29C:WB,g1
R2909,5,PLAT:LSX:N29D:WB,g1
R2909,5,SEC:LSX:N29C_N29D:WB,g1
R3001,1,PLAT:LSX:J30B:EB,g1
R3001,1,PLAT:LSX:N30C:EB,g1
R3001,1,SEC:LSX:J30B_N30C:EB,g1
R3001,2,PLAT:LSX:J30B:EB,g1
R3001,2,PLAT:LSX:N30C:EB,g1
R3001,2,SEC:LSX:J30B_N30C:EB,g1
R3002,4,PLAT:LSX:N30C:WB,g1
R3002,4,PLAT:LSX:N30D:WB,g1
R3002,4,SEC:LSX:N30C_N30D:WB,g1
R3002,5,PLAT:LSX:N30C:WB,g1
R3002,5,PLAT:LSX:N30D:WB,g1
R3002,5,SEC:LSX:N30C_N30D:WB,g1
R3003,6,PLAT:LSX:J30A:EB,g1
R3003,6,PLAT:LSX:J30B:EB,g1
R3003,6,SEC:LSX:J30A_J30B:EB,g1
R3004,7,PLAT:LSY:J30B:WB,g1
R3004,7,PLAT:LSY:S30C:WB,g1
R3004,7,PLAT:LSY:S30D:WB,g1
R3004,7,SEC:LSY:J30B_S30C:WB,g1
R3004,7,SEC:LSY:S30C_S30D:WB,g1
R3004,8,PLAT:LSY:J30B:WB,g1
R3004,8,PLAT:LSY:S30C:WB,g1
R3004,8,PLAT:LSY:S30D:WB,g1
R3004,8,SEC:LSY:J30B_S30C:WB,g1
R3004,8,SEC:LSY:S30C_S30D:WB,g1
R3005,9,PLAT:LSY:S30C:WB,g1
R3005,9,PLAT:LSY:S30D:WB,g1
R3005,9,SEC:LSY:S30C_S30D:WB,g1
R3006,10,PLAT:LSY:J30A:EB,g1
R3006,10,PLAT:LSY:J30B:EB,g1
R3006,10,SEC:LSY:J30A_J30B:EB,g1
R3006,11,PLAT:LSY:J30A:EB,g1
R3006,11,PLAT:LSY:J30B:EB,g1
R3006,11,SEC:LSY:J30A_J30B:EB,g1
R3007,12,PLAT:LSX:J30B:WB,g1
R3007,12,PLAT:LSX:N30C:WB,g1
R3007,12,PLAT:LSX:N30D:WB,g1
R3007,12,SEC:LSX:J30B_N30C:WB,g1
R3007,12,SEC:LSX:N30C_N30D:WB,g1
R3007,13,PLAT:LSX:J30B:WB,g1
R3007,13,PLAT:LSX:N30C:WB,g1
R3007,13,PLAT:LSX:N30D:WB,g1
R3007,13,SEC:LSX:J30B_N30C:WB,g1
R3007,13,SEC:LSX:N30C_N30D:WB,g1
R3008,14,PLAT:LSY:S30C:EB,g1
R3008,14,PLAT:LSY:S30D:EB,g1
R3008,14,SEC:LSY:S30C_S30D:EB,g1
R3009,4,PLAT:LSX:N30C:WB,g1
R3009,4,PLAT:LSX:N30D:WB,g1
R3009,4,SEC:LSX:N30C_N30D:WB,g1
R3009,5,PLAT:LSX:N30C:WB,g1
R3009,5,PLAT:LSX:N30D:WB,g1
R3009,5,SEC:LSX:N30C_N30D:WB,g1
R3101,1,PLAT:LSX:J31B:EB,g1
R3101,1,PLAT:LSX:N31C:EB,g1
R3101,1,SEC:LSX:J31B_N31C:EB,g1
R3101,2,PLAT:LSX:J31B:EB,g1
R3101,2,PLAT:LSX:N31C:EB,g1
R3101,2,SEC:LSX:J31B_N31C:EB,g1
R3102,4,PLAT:LSX:N31C:WB,g1
R3102,4,PLAT:LSX:N31D:WB,g1
R3102,4,SEC:LSX:N31C_N31D:WB,g1
R3102,5,PLAT:LSX:N31C:WB,g1
R3102,5,PLAT:LSX:N31D:WB,g1
R3102,5,SEC:LSX:N31C_N31D:WB,g1
R3103,6,PLAT:LSX:J31A:EB,g1
R3103,6,PLAT:LSX:J31B:EB,g1
R3103,6,SEC:LSX:J31A_J31B:EB,g1
R3104,7,PLAT:LSY:J31B:WB,g1
R3104,7,PLAT:LSY:S31C:WB,g1
R3104,7,PLAT:LSY:S31D:WB,g1
R3104,7,SEC:LSY:J31B_S31C:WB,g1
R3104,7,SEC:LSY:S31C_S31D:WB,g1
R3104,8,PLAT:LSY:J31B:WB,g1
R3104,8,PLAT:LSY:S31C:WB,g1
R3104,8,PLAT:LSY:S31D:WB,g1
R3104,8,SEC:LSY:J31B_S31C:WB,g1
R3104,8,SEC:LSY:S31C_S31D:WB,g1
R3105,9,PLAT:LSY:S31C:WB,g1
R3105,9,PLAT:LSY:S31D:WB,g1
R3105,9,SEC:LSY:S31C_S31D:WB,g1
R3106,10,PLAT:LSY:J31A:EB,g1
R3106,10,PLAT:LSY:J31B:EB,g1
R3106,10,SEC:LSY:J31A_J31B:EB,g1
R3106,11,PLAT:LSY:J31A:EB,g1
R3106,11,PLAT:LSY:J31B:EB,g1
R3106,11,SEC:LSY:J31A_J31B:EB,g1
R3107,12,PLAT:LSX:J31B:WB,g1
R3107,12,PLAT:LSX:N31C:WB,g1
R3107,12,PLAT:LSX:N31D:WB,g1
R3107,12,SEC:LSX:J31B_N31C:WB,g1
R3107,12,SEC:LSX:N31C_N31D:WB,g1
R3107,13,PLAT:LSX:J31B:WB,g1
R3107,13,PLAT:LSX:N31C:WB,g1
R3107,13,PLAT:LSX:N31D:WB,g1
R3107,13,SEC:LSX:J31B_N31C:WB,g1
R3107,13,SEC:LSX:N31C_N31D:WB,g1
R3108,14,PLAT:LSY:S31C:EB,g1
R3108,14,PLAT:LSY:S31D:EB,g1
R3108,14,SEC:LSY:S31C_S31D:EB,g1
R3109,4,PLAT:LSX:N31C:WB,g1
R3109,4,PLAT:LSX:N31D:WB,g1
R3109,4,SEC:LSX:N31C_N31D:WB,g1
R3109,5,PLAT:LSX:N31C:WB,g1
R3109,5,PLAT:LSX:N31D:WB,g1
R3109,5,SEC:LSX:N31C_N31D:WB,g1
R3201,1,PLAT:LSX:J32B:EB,g1
R3201,1,PLAT:LSX:N32C:EB,g1
R3201,1,SEC:LSX:J32B_N32C:EB,g1
R3201,2,PLAT:LSX:J32B:EB,g1
R3201,2,PLAT:LSX:N32C:EB,g1
R3201,2,SEC:LSX:J32B_N32C:EB,g1
R3202,4,PLAT:LSX:N32C:WB,g1
R3202,4,PLAT:LSX:N32D:WB,g1
R3202,4,SEC:LSX:N32C_N32D:WB,g1
R3202,5,PLAT:LSX:N32C:WB,g1
R3202,5,PLAT:LSX:N32D:WB,g1
R3202,5,SEC:LSX:N32C_N32D:WB,g1
R3203,6,PLAT:LSX:J32A:EB,g1
R3203,6,PLAT:LSX:J32B:EB,g1
R3203,6,SEC:LSX:J32A_J32B:EB,g1
R3204,7,PLAT:LSY:J32B:WB,g1
R3204,7,PLAT:LSY:S32C:WB,g1
R3204,7,PLAT:LSY:S32D:WB,g1
R3204,7,SEC:LSY:J32B_S32C:WB,g1
R3204,7,SEC:LSY:S32C_S32D:WB,g1
R3204,8,PLAT:LSY:J32B:WB,g1
R3204,8,PLAT:LSY:S32C:WB,g1
R3204,8,PLAT:LSY:S32D:WB,g1
R3204,8,SEC:LSY:J32B_S32C:WB,g1
R3204,8,SEC:LSY:S32C_S32D:WB,g1
R3205,9,PLAT:LSY:S32C:WB,g1
R3205,9,PLAT:LSY:S32D:WB,g1
R3205,9,SEC:LSY:S32C_S32D:WB,g1
R3206,10,PLAT:LSY:J32A:EB,g1
R3206,10,PLAT:LSY:J32B:EB,g1
R3206,10,SEC:LSY:J32A_J32B:EB,g1
R3206,11,PLAT:LSY:J32A:EB,g1
R3206,11,PLAT:LSY:J32B:EB,g1
R3206,11,SEC:LSY:J32A_J32B:EB,g1
R3207,12,PLAT:LSX:J32B:WB,g1
R3207,12,PLAT:LSX:N32C:WB,g1
R3207,12,PLAT:LSX:N32D:WB,g1
R3207,12,SEC:LSX:J32B_N32C:WB,g1
R3207,12,SEC:LSX:N32C_N32D:WB,g1
R3207,13,PLAT:LSX:J32B:WB,g1
R3207,13,PLAT:LSX:N32C:WB,g1
R3207,13,PLAT:LSX:N32D:WB,g1
R3207,13,SEC:LSX:J32B_N32C:WB,g1
R3207,13,SEC:LSX:N32C_N32D:WB,g1
R3208,14,PLAT:LSY:S32C:EB,g1
R3208,14,PLAT:LSY:S32D:EB,g1
R3208,14,SEC:LSY:S32C_S32D:EB,g1
R3209,4,PLAT:LSX:N32C:WB,g1
R3209,4,PLAT:LSX:N32D:WB,g1
R3209,4,SEC:LSX:N32C_N32D:WB,g1
R3209,5,PLAT:LSX:N32C:WB,g1
R3209,5,PLAT:LSX:N32D:WB,g1
R3209,5,SEC:LSX:N32C_N32D:WB,g1
R3301,1,PLAT:LSX:J33B:EB,g1
R3301,1,PLAT:LSX:N33C:EB,g1
R3301,1,SEC:LSX:J33B_N33C:EB,g1
R3301,2,PLAT:LSX:J33B:EB,g1
R3301,2,PLAT:LSX:N33C:EB,g1
R3301,2,SEC:LSX:J33B_N33C:EB,g1
R3302,4,PLAT:LSX:N33C:WB,g1
R3302,4,PLAT:LSX:N33D:WB,g1
R3302,4,SEC:LSX:N33C_N33D:WB,g1
R3302,5,PLAT:LSX:N33C:WB,g1
R3302,5,PLAT:LSX:N33D:WB,g1
R3302,5,SEC:LSX:N33C_N33D:WB,g1
R3303,6,PLAT:LSX:J33A:EB,g1
R3303,6,PLAT:LSX:J33B:EB,g1
R3303,6,SEC:LSX:J33A_J33B:EB,g1
R3304,7,PLAT:LSY:J33B:WB,g1
R3304,7,PLAT:LSY:S33C:WB,g1
R3304,7,PLAT:LSY:S33D:WB,g1
R3304,7,SEC:LSY:J33B_S33C:WB,g1
R3304,7,SEC:LSY:S33C_S33D:WB,g1
R3304,8,PLAT:LSY:J33B:WB,g1
R3304,8,PLAT:LSY:S33C:WB,g1
R3304,8,PLAT:LSY:S33D:WB,g1
R3304,8,SEC:LSY:J33B_S33C:WB,g1
R3304,8,SEC:LSY:S33C_S33D:WB,g1
R3305,9,PLAT:LSY:S33C:WB,g1
R3305,9,PLAT:LSY:S33D:WB,g1
R3305,9,SEC:LSY:S33C_S33D:WB,g1
R3306,10,PLAT:LSY:J33A:EB,g1
R3306,10,PLAT:LSY:J33B:EB,g1
R3306,10,SEC:LSY:J33A_J33B:EB,g1
R3306,11,PLAT:LSY:J33A:EB,g1
R3306,11,PLAT:LSY:J33B:EB,g1
R3306,11,SEC:LSY:J33A_J33B:EB,g1
R3307,12,PLAT:LSX:J33B:WB,g1
R3307,12,PLAT:LSX:N33C:WB,g1
R3307,12,PLAT:LSX:N33D:WB,g1
R3307,12,SEC:LSX:J33B_N33C:WB,g1
R3307,12,SEC:LSX:N33C_N33D:WB,g1
R3307,13,PLAT:LSX:J33B:WB,g1
R3307,13,PLAT:LSX:N33C:WB,g1
R3307,13,PLAT:LSX:N33D:WB,g1
R3307,13,SEC:LSX:J33B_N33C:WB,g1
R3307,13,SEC:LSX:N33C_N33D:WB,g1
R3308,14,PLAT:LSY:S33C:EB,g1
R3308,14,PLAT:LSY:S33D:EB,g1
R3308,14,SEC:LSY:S33C_S33D:EB,g1
R3309,4,PLAT:LSX:N33C:WB,g1
R3309,4,PLAT:LSX:N33D:WB,g1
R3309,4,SEC:LSX:N33C_N33D:WB,g1
R3309,5,PLAT:LSX:N33C:WB,g1
R3309,5,PLAT:LSX:N33D:WB,g1
R3309,5,SEC:LSX:N33C_N33D:WB,g1
R3401,1,PLAT:LSX:J34B:EB,g1
R3401,1,PLAT:LSX:N34C:EB,g1
R3401,1,SEC:LSX:J34B_N34C:EB,g1
R3401,2,PLAT:LSX:J34B:EB,g1
R3401,2,PLAT:LSX:N34C:EB,g1
R3401,2,SEC:LSX:J34B_N34C:EB,g1
R3402,4,PLAT:LSX:N34C:WB,g1
R3402,4,PLAT:LSX:N34D:WB,g1
R3402,4,SEC:LSX:N34C_N34D:WB,g1
R3402,5,PLAT:LSX:N34C:WB,g1
R3402,5,PLAT:LSX:N34D:WB,g1
R3402,5,SEC:LSX:N34C_N34D:WB,g1
R3403,6,PLAT:LSX:J34A:EB,g1
R3403,6,PLAT:LSX:J34B:EB,g1
R3403,6,SEC:LSX:J34A_J34B:EB,g1
R3404,7,PLAT:LSY:J34B:WB,g1
R3404,7,PLAT:LSY:S34C:WB,g1
R3404,7,PLAT:LSY:S34D:WB,g1
R3404,7,SEC:LSY:J34B_S34C:WB,g1
R3404,7,SEC:LSY:S34C_S34D:WB,g1
R3404,8,PLAT:LSY:J34B:WB,g1
R3404,8,PLAT:LSY:S34C:WB,g1
R3404,8,PLAT:LSY:S34D:WB,g1
R3404,8,SEC:LSY:J34B_S34C:WB,g1
R3404,8,SEC:LSY:S34C_S34D:WB,g1
R3405,9,PLAT:LSY:S34C:WB,g1
R3405,9,PLAT:LSY:S34D:WB,g1
R3405,9,SEC:LSY:S34C_S34D:WB,g1
R3406,10,PLAT:LSY:J34A:EB,g1
R3406,10,PLAT:LSY:J34B:EB,g1
R3406,10,SEC:LSY:J34A_J34B:EB,g1
R3406,11,PLAT:LSY:J34A:EB,g1
R3406,11,PLAT:LSY:J34B:EB,g1
R3406,11,SEC:LSY:J34A_J34B:EB,g1
R3407,12,PLAT:LSX:J34B:WB,g1
R3407,12,PLAT:LSX:N34C:WB,g1
R3407,12,PLAT:LSX:N34D:WB,g1
R3407,12,SEC:LSX:J34B_N34C:WB,g1
R3407,12,SEC:LSX:N34C_N34D:WB,g1
R3407,13,PLAT:LSX:J34B:WB,g1
R3407,13,PLAT:LSX:N34C:WB,g1
R3407,13,PLAT:LSX:N34D:WB,g1
R3407,13,SEC:LSX:J34B_N34C:WB,g1
R3407,13,SEC:LSX:N34C_N34D:WB,g1
R3408,14,PLAT:LSY:S34C:EB,g1
R3408,14,PLAT:LSY:S34D:EB,g1
R3408,14,SEC:LSY:S34C_S34D:EB,g1
R3409,4,PLAT:LSX:N34C:WB,g1
R3409,4,PLAT:LSX:N34D:WB,g1
R3409,4,SEC:LSX:N34C_N34D:WB,g1
R3409,5,PLAT:LSX:N34C:WB,g1
R3409,5,PLAT:LSX:N34D:WB,g1
R3409,5,SEC:LSX:N34C_N34D:WB,g1
R3501,1,PLAT:LSX:J35B:EB,g1
R3501,1,PLAT:LSX:N35C:EB,g1
R3501,1,SEC:LSX:J35B_N35C:EB,g1
R3501,2,PLAT:LSX:J35B:EB,g1
R3501,2,PLAT:LSX:N35C:EB,g1
R3501,2,SEC:LSX:J35B_N35C:EB,g1
R3502,4,PLAT:LSX:N35C:WB,g1
R3502,4,PLAT:LSX:N35D:WB,g1
R3502,4,SEC:LSX:N35C_N35D:WB,g1
R3502,5,PLAT:LSX:N35C:WB,g1
R3502,5,PLAT:LSX:N35D:WB,g1
R3502,5,SEC:LSX:N35C_N35D:WB,g1
R3503,6,PLAT:LSX:J35A:EB,g1
R3503,6,PLAT:LSX:J35B:EB,g1
R3503,6,SEC:LSX:J35A_J35B:EB,g1
R3504,7,PLAT:LSY:J35B:WB,g1
R3504,7,PLAT:LSY:S35C:WB,g1
R3504,7,PLAT:LSY:S35D:WB,g1
R3504,7,SEC:LSY:J35B_S35C:WB,g1
R3504,7,SEC:LSY:S35C_S35D:WB,g1
R3504,8,PLAT:LSY:J35B:WB,g1
R3504,8,PLAT:LSY:S35C:WB,g1
R3504,8,PLAT:LSY:S35D:WB,g1
R3504,8,SEC:LSY:J35B_S35C:WB,g1
R3504,8,SEC:LSY:S35C_S35D:WB,g1
R3505,9,PLAT:LSY:S35C:WB,g1
R3505,9,PLAT:LSY:S35D:WB,g1
R3505,9,SEC:LSY:S35C_S35D:WB,g1
R3506,10,PLAT:LSY:J35A:EB,g1
R3506,10,PLAT:LSY:J35B:EB,g1
R3506,10,SEC:LSY:J35A_J35B:EB,g1
R3506,11,PLAT:LSY:J35A:EB,g1
R3506,11,PLAT:LSY:J35B:EB,g1
R3506,11,SEC:LSY:J35A_J35B:EB,g1
R3507,12,PLAT:LSX:J35B:WB,g1
R3507,12,PLAT:LSX:N35C:WB,g1
R3507,12,PLAT:LSX:N35D:WB,g1
R3507,12,SEC:LSX:J35B_N35C:WB,g1
R3507,12,SEC:LSX:N35C_N35D:WB,g1
R3507,13,PLAT:LSX:J35B:WB,g1
R3507,13,PLAT:LSX:N35C:WB,g1
R3507,13,PLAT:LSX:N35D:WB,g1
R3507,13,SEC:LSX:J35B_N35C:WB,g1
R3507,13,SEC:LSX:N35C_N35D:WB,g1
R3508,14,PLAT:LSY:S35C:EB,g1
R3508,14,PLAT:LSY:S35D:EB,g1
R3508,14,SEC:LSY:S35C_S35D:EB,g1
R3509,4,PLAT:LSX:N35C:WB,g1
R3509,4,PLAT:LSX:N35D:WB,g1
R3509,4,SEC:LSX:N35C_N35D:WB,g1
R3509,5,PLAT:LSX:N35C:WB,g1
R3509,5,PLAT:LSX:N35D:WB,g1
R3509,5,SEC:LSX:N35C_N35D:WB,g1
R3601,1,PLAT:LSX:J36B:EB,g1
R3601,1,PLAT:LSX:N36C:EB,g1
R3601,1,SEC:LSX:J36B_N36C:EB,g1
R3601,2,PLAT:LSX:J36B:EB,g1
R3601,2,PLAT:LSX:N36C:EB,g1
R3601,2,SEC:LSX:J36B_N36C:EB,g1
R3602,4,PLAT:LSX:N36C:WB,g1
R3602,4,PLAT:LSX:N36D:WB,g1
R3602,4,SEC:LSX:N36C_N36D:WB,g1
R3602,5,PLAT:LSX:N36C:WB,g1
R3602,5,PLAT:LSX:N36D:WB,g1
R3602,5,SEC:LSX:N36C_N36D:WB,g1
R3603,6,PLAT:LSX:J36A:EB,g1
R3603,6,PLAT:LSX:J36B:EB,g1
R3603,6,SEC:LSX:J36A_J36B:EB,g1
R3604,7,PLAT:LSY:J36B:WB,g1
R3604,7,PLAT:LSY:S36C:WB,g1
R3604,7,PLAT:LSY:S36D:WB,g1
R3604,7,SEC:LSY:J36B_S36C:WB,g1
R3604,7,SEC:LSY:S36C_S36D:WB,g1
R3604,8,PLAT:LSY:J36B:WB,g1
R3604,8,PLAT:LSY:S36C:WB,g1
R3604,8,PLAT:LSY:S36D:WB,g1
R3604,8,SEC:LSY:J36B_S36C:WB,g1
R3604,8,SEC:LSY:S36C_S36D:WB,g1
R3605,9,PLAT:LSY:S36C:WB,g1
R3605,9,PLAT:LSY:S36D:WB,g1
R3605,9,SEC:LSY:S36C_S36D:WB,g1
R3606,10,PLAT:LSY:J36A:EB,g1
R3606,10,PLAT:LSY:J36B:EB,g1
R3606,10,SEC:LSY:J36A_J36B:EB,g1
R3606,11,PLAT:LSY:J36A:EB,g1
R3606,11,PLAT:LSY:J36B:EB,g1
R3606,11,SEC:LSY:J36A_J36B:EB,g1
R3607,12,PLAT:LSX:J36B:WB,g1
R3607,12,PLAT:LSX:N36C:WB,g1
R3607,12,PLAT:LSX:N36D:WB,g1
R3607,12,SEC:LSX:J36B_N36C:WB,g1
R3607,12,SEC:LSX:N36C_N36D:WB,g1
R3607,13,PLAT:LSX:J36B:WB,g1
R3607,13,PLAT:LSX:N36C:WB,g1
R3607,13,PLAT:LSX:N36D:WB,g1
R3607,13,SEC:LSX:J36B_N36C:WB,g1
R3607,13,SEC:LSX:N36C_N36D:WB,g1
R3608,14,PLAT:LSY:S36C:EB,g1
R3608,14,PLAT:LSY:S36D:EB,g1
R3608,14,SEC:LSY:S36C_S36D:EB,g1
R3609,4,PLAT:LSX:N36C:WB,g1
R3609,4,PLAT:LSX:N36D:WB,g1
R3609,4,SEC:LSX:N36C_N36D:WB,g1
R3609,5,PLAT:LSX:N36C:WB,g1
R3609,5,PLAT:LSX:N36D:WB,g1
R3609,5,SEC:LSX:N36C_N36D:WB,g1
R3701,1,PLAT:LSX:J37B:EB,g1
R3701,1,PLAT:LSX:N37C:EB,g1
R3701,1,SEC:LSX:J37B_N37C:EB,g1
R3701,2,PLAT:LSX:J37B:EB,g1
R3701,2,PLAT:LSX:N37C:EB,g1
R3701,2,SEC:LSX:J37B_N37C:EB,g1
R3702,4,PLAT:LSX:N37C:WB,g1
R3702,4,PLAT:LSX:N37D:WB,g1
R3702,4,SEC:LSX:N37C_N37D:WB,g1
R3702,5,PLAT:LSX:N37C:WB,g1
R3702,5,PLAT:LSX:N37D:WB,g1
R3702,5,SEC:LSX:N37C_N37D:WB,g1
R3703,6,PLAT:LSX:J37A:EB,g1
R3703,6,PLAT:LSX:J37B:EB,g1
R3703,6,SEC:LSX:J37A_J37B:EB,g1
R3704,7,PLAT:LSY:J37B:WB,g1
R3704,7,PLAT:LSY:S37C:WB,g1
R3704,7,PLAT:LSY:S37D:WB,g1
R3704,7,SEC:LSY:J37B_S37C:WB,g1
R3704,7,SEC:LSY:S37C_S37D:WB,g1
R3704,8,PLAT:LSY:J37B:WB,g1
R3704,8,PLAT:LSY:S37C:WB,g1
R3704,8,PLAT:LSY:S37D:WB,g1
R3704,8,SEC:LSY:J37B_S37C:WB,g1
R3704,8,SEC:LSY:S37C_S37D:WB,g1
R3705,9,PLAT:LSY:S37C:WB,g1
R3705,9,PLAT:LSY:S37D:WB,g1
R3705,9,SEC:LSY:S37C_S37D:WB,g1
R3706,10,PLAT:LSY:J37A:EB,g1
R3706,10,PLAT:LSY:J37B:EB,g1
R3706,10,SEC:LSY:J37A_J37B:EB,g1
R3706,11,PLAT:LSY:J37A:EB,g1
R3706,11,PLAT:LSY:J37B:EB,g1
R3706,11,SEC:LSY:J37A_J37B:EB,g1
R3707,12,PLAT:LSX:J37B:WB,g1
R3707,12,PLAT:LSX:N37C:WB,g1
R3707,12,PLAT:LSX:N37D:WB,g1
R3707,12,SEC:LSX:J37B_N37C:WB,g1
R3707,12,SEC:LSX:N37C_N37D:WB,g1
R3707,13,PLAT:LSX:J37B:WB,g1
R3707,13,PLAT:LSX:N37C:WB,g1
R3707,13,PLAT:LSX:N37D:WB,g1
R3707,13,SEC:LSX:J37B_N37C:WB,g1
R3707,13,SEC:LSX:N37C_N37D:WB,g1
R3708,14,PLAT:LSY:S37C:EB,g1
R3708,14,PLAT:LSY:S37D:EB,g1
R3708,14,SEC:LSY:S37C_S37D:EB,g1
R3709,4,PLAT:LSX:N37C:WB,g1
R3709,4,PLAT:LSX:N37D:WB,g1
R3709,4,SEC:LSX:N37C_N37D:WB,g1
R3709,5,PLAT:LSX:N37C:WB,g1
R3709,5,PLAT:LSX:N37D:WB,g1
R3709,5,SEC:LSX:N37C_N37D:WB,g1
R3801,1,PLAT:LSX:J38B:EB,g1
R3801,1,PLAT:LSX:N38C:EB,g1
R3801,1,SEC:LSX:J38B_N38C:EB,g1
R3801,2,PLAT:LSX:J38B:EB,g1
R3801,2,PLAT:LSX:N38C:EB,g1
R3801,2,SEC:LSX:J38B_N38C:EB,g1
R3802,4,PLAT:LSX:N38C:WB,g1
R3802,4,PLAT:LSX:N38D:WB,g1
R3802,4,SEC:LSX:N38C_N38D:WB,g1
R3802,5,PLAT:LSX:N38C:WB,g1
R3802,5,PLAT:LSX:N38D:WB,g1
R3802,5,SEC:LSX:N38C_N38D:WB,g1
R3803,6,PLAT:LSX:J38A:EB,g1
R3803,6,PLAT:LSX:J38B:EB,g1
R3803,6,SEC:LSX:J38A_J38B:EB,g1
R3804,7,PLAT:LSY:J38B:WB,g1
R3804,7,PLAT:LSY:S38C:WB,g1
R3804,7,PLAT:LSY:S38D:WB,g1
R3804,7,SEC:LSY:J38B_S38C:WB,g1
R3804,7,SEC:LSY:S38C_S38D:WB,g1
R3804,8,PLAT:LSY:J38B:WB,g1
R3804,8,PLAT:LSY:S38C:WB,g1
R3804,8,PLAT:LSY:S38D:WB,g1
R3804,8,SEC:LSY:J38B_S38C:WB,g1
R3804,8,SEC:LSY:S38C_S38D:WB,g1
R3805,9,PLAT:LSY:S38C:WB,g1
R3805,9,PLAT:LSY:S38D:WB,g1
R3805,9,SEC:LSY:S38C_S38D:WB,g1
R3806,10,PLAT:LSY:J38A:EB,g1
R3806,10,PLAT:LSY:J38B:EB,g1
R3806,10,SEC:LSY:J38A_J38B:EB,g1
R3806,11,PLAT:LSY:J38A:EB,g1
R3806,11,PLAT:LSY:J38B:EB,g1
R3806,11,SEC:LSY:J38A_J38B:EB,g1
R3807,12,PLAT:LSX:J38B:WB,g1
R3807,12,PLAT:LSX:N38C:WB,g1
R3807,12,PLAT:LSX:N38D:WB,g1
R3807,12,SEC:LSX:J38B_N38C:WB,g1
R3807,12,SEC:LSX:N38C_N38D:WB,g1
R3807,13,PLAT:LSX:J38B:WB,g1
R3807,13,PLAT:LSX:N38C:WB,g1
R3807,13,PLAT:LSX:N38D:WB,g1
R3807,13,SEC:LSX:J38B_N38C:WB,g1
R3807,13,SEC:LSX:N38C_N38D:WB,g1
R3808,14,PLAT:LSY:S38C:EB,g1
R3808,14,PLAT:LSY:S38D:EB,g1
R3808,14,SEC:LSY:S38C_S38D:EB,g1
R3809,4,PLAT:LSX:N38C:WB,g1
R3809,4,PLAT:LSX:N38D:WB,g1
R3809,4,SEC:LSX:N38C_N38D:WB,g1
R3809,5,PLAT:LSX:N38C:WB,g1
R3809,5,PLAT:LSX:N38D:WB,g1
R3809,5,SEC:LSX:N38C_N38D:WB,g1
R3901,1,PLAT:LSX:J39B:EB,g1
R3901,1,PLAT:LSX:N39C:EB,g1
R3901,1,SEC:LSX:J39B_N39C:EB,g1
R3901,2,PLAT:LSX:J39B:EB,g1
R3901,2,PLAT:LSX:N39C:EB,g1
R3901,2,SEC:LSX:J39B_N39C:EB,g1
R3902,4,PLAT:LSX:N39C:WB,g1
R3902,4,PLAT:LSX:N39D:WB,g1
R3902,4,SEC:LSX:N39C_N39D:WB,g1
R3902,5,PLAT:LSX:N39C:WB,g1
R3902,5,PLAT:LSX:N39D:WB,g1
R3902,5,SEC:LSX:N39C_N39D:WB,g1
R3903,6,PLAT:LSX:J39A:EB,g1
R3903,6,PLAT:LSX:J39B:EB,g1
R3903,6,SEC:LSX:J39A_J39B:EB,g1
R3904,7,PLAT:LSY:J39B:WB,g1
R3904,7,PLAT:LSY:S39C:WB,g1
R3904,7,PLAT:LSY:S39D:WB,g1
R3904,7,SEC:LSY:J39B_S39C:WB,g1
R3904,7,SEC:LSY:S39C_S39D:WB,g1
R3904,8,PLAT:LSY:J39B:WB,g1
R3904,8,PLAT:LSY:S39C:WB,g1
R3904,8,PLAT:LSY:S39D:WB,g1
R3904,8,SEC:LSY:J39B_S39C:WB,g1
R3904,8,SEC:LSY:S39C_S39D:WB,g1
R3905,9,PLAT:LSY:S39C:WB,g1
R3905,9,PLAT:LSY:S39D:WB,g1
R3905,9,SEC:LSY:S39C_S39D:WB,g1
R3906,10,PLAT:LSY:J39A:EB,g1
R3906,10,PLAT:LSY:J39B:EB,g1
R3906,10,SEC:LSY:J39A_J39B:EB,g1
R3906,11,PLAT:LSY:J39A:EB,g1
R3906,11,PLAT:LSY:J39B:EB,g1
R3906,11,SEC:LSY:J39A_J39B:EB,g1
R3907,12,PLAT:LSX:J39B:WB,g1
R3907,12,PLAT:LSX:N39C:WB,g1
R3907,12,PLAT:LSX:N39D:WB,g1
R3907,12,SEC:LSX:J39B_N39C:WB,g1
R3907,12,SEC:LSX:N39C_N39D:WB,g1
R3907,13,PLAT:LSX:J39B:WB,g1
R3907,13,PLAT:LSX:N39C:WB,g1
R3907,13,PLAT:LSX:N39D:WB,g1
R3907,13,SEC:LSX:J39B_N39C:WB,g1
R3907,13,SEC:LSX:N39C_N39D:WB,g1
R3908,14,PLAT:LSY:S39C:EB,g1
R3908,14,PLAT:LSY:S39D:EB,g1
R3908,14,SEC:LSY:S39C_S39D:EB,g1
R3909,4,PLAT:LSX:N39C:WB,g1
R3909,4,PLAT:LSX:N39D:WB,g1
R3909,4,SEC:LSX:N39C_N39D:WB,g1
R3909,5,PLAT:LSX:N39C:WB,g1
R3909,5,PLAT:LSX:N39D:WB,g1
R3909,5,SEC:LSX:N39C_N39D:WB,g1
R4001,1,PLAT:LSX:J40B:EB,g1
R4001,1,PLAT:LSX:N40C:EB,g1
R4001,1,SEC:LSX:J40B_N40C:EB,g1
R4001,2,PLAT:LSX:J40B:EB,g1
R4001,2,PLAT:LSX:N40C:EB,g1
R4001,2,SEC:LSX:J40B_N40C:EB,g1
R4002,4,PLAT:LSX:N40C:WB,g1
R4002,4,PLAT:LSX:N40D:WB,g1
R4002,4,SEC:LSX:N40C_N40D:WB,g1
R4002,5,PLAT:LSX:N40C:WB,g1
R4002,5,PLAT:LSX:N40D:WB,g1
R4002,5,SEC:LSX:N40C_N40D:WB,g1
R4003,6,PLAT:LSX:J40A:EB,g1
R4003,6,PLAT:LSX:J40B:EB,g1
R4003,6,SEC:LSX:J40A_J40B:EB,g1
R4004,7,PLAT:LSY:J40B:WB,g1
R4004,7,PLAT:LSY:S40C:WB,g1
R4004,7,PLAT:LSY:S40D:WB,g1
R4004,7,SEC:LSY:J40B_S40C:WB,g1
R4004,7,SEC:LSY:S40C_S40D:WB,g1
R4004,8,PLAT:LSY:J40B:WB,g1
R4004,8,PLAT:LSY:S40C:WB,g1
R4004,8,PLAT:LSY:S40D:WB,g1
R4004,8,SEC:LSY:J40B_S40C:WB,g1
R4004,8,SEC:LSY:S40C_S40D:WB,g1
R4005,9,PLAT:LSY:S40C:WB,g1
R4005,9,PLAT:LSY:S40D:WB,g1
R4005,9,SEC:LSY:S40C_S40D:WB,g1
R4006,10,PLAT:LSY:J40A:EB,g1
R4006,10,PLAT:LSY:J40B:EB,g1
R4006,10,SEC:LSY:J40A_J40B:EB,g1
R4006,11,PLAT:LSY:J40A:EB,g1
R4006,11,PLAT:LSY:J40B:EB,g1
R4006,11,SEC:LSY:J40A_J40B:EB,g1
R4007,12,PLAT:LSX:J40B:WB,g1
R4007,12,PLAT:LSX:N40C:WB,g1
R4007,12,PLAT:LSX:N40D:WB,g1
R4007,12,SEC:LSX:J40B_N40C:WB,g1
R4007,12,SEC:LSX:N40C_N40D:WB,g1
R4007,13,PLAT:LSX:J40B:WB,g1
R4007,13,PLAT:LSX:N40C:WB,g1
R4007,13,PLAT:LSX:N40D:WB,g1
R4007,13,SEC:LSX:J40B_N40C:WB,g1
R4007,13,SEC:LSX:N40C_N40D:WB,g1
R4008,14,PLAT:LSY:S40C:EB,g1
R4008,14,PLAT:LSY:S40D:EB,g1
R4008,14,SEC:LSY:S40C_S40D:EB,g1
R4009,4,PLAT:LSX:N40C:WB,g1
R4009,4,PLAT:LSX:N40D:WB,g1
R4009,4,SEC:LSX:N40C_N40D:WB,g1
R4009,5,PLAT:LSX:N40C:WB,g1
R4009,5,PLAT:LSX:N40D:WB,g1
R4009,5,SEC:LSX:N40C_N40D:WB,g1
R4101,1,PLAT:LSX:J41B:EB,g1
R4101,1,PLAT:LSX:N41C:EB,g1
R4101,1,SEC:LSX:J41B_N41C:EB,g1
R4101,2,PLAT:LSX:J41B:EB,g1
R4101,2,PLAT:LSX:N41C:EB,g1
R4101,2,SEC:LSX:J41B_N41C:EB,g1
R4102,4,PLAT:LSX:N41C:WB,g1
R4102,4,PLAT:LSX:N41D:WB,g1
R4102,4,SEC:LSX:N41C_N41D:WB,g1
R4102,5,PLAT:LSX:N41C:WB,g1
R4102,5,PLAT:LSX:N41D:WB,g1
R4102,5,SEC:LSX:N41C_N41D:WB,g1
R4103,6,PLAT:LSX:J41A:EB,g1
R4103,6,PLAT:LSX:J41B:EB,g1
R4103,6,SEC:LSX:J41A_J41B:EB,g1
R4104,7,PLAT:LSY:J41B:WB,g1
R4104,7,PLAT:LSY:S41C:WB,g1
R4104,7,PLAT:LSY:S41D:WB,g1
R4104,7,SEC:LSY:J41B_S41C:WB,g1
R4104,7,SEC:LSY:S41C_S41D:WB,g1
R4104,8,PLAT:LSY:J41B:WB,g1
R4104,8,PLAT:LSY:S41C:WB,g1
R4104,8,PLAT:LSY:S41D:WB,g1
R4104,8,SEC:LSY:J41B_S41C:WB,g1
R4104,8,SEC:LSY:S41C_S41D:WB,g1
R4105,9,PLAT:LSY:S41C:WB,g1
R4105,9,PLAT:LSY:S41D:WB,g1
R4105,9,SEC:LSY:S41C_S41D:WB,g1
R4106,10,PLAT:LSY:J41A:EB,g1
R4106,10,PLAT:LSY:J41B:EB,g1
R4106,10,SEC:LSY:J41A_J41B:EB,g1
R4106,11,PLAT:LSY:J41A:EB,g1
R4106,11,PLAT:LSY:J41B:EB,g1
R4106,11,SEC:LSY:J41A_J41B:EB,g1
R4107,12,PLAT:LSX:J41B:WB,g1
R4107,12,PLAT:LSX:N41C:WB,g1
R4107,12,PLAT:LSX:N41D:WB,g1
R4107,12,SEC:LSX:J41B_N41C:WB,g1
R4107,12,SEC:LSX:N41C_N41D:WB,g1
R4107,13,PLAT:LSX:J41B:WB,g1
R4107,13,PLAT:LSX:N41C:WB,g1
R4107,13,PLAT:LSX:N41D:WB,g1
R4107,13,SEC:LSX:J41B_N41C:WB,g1
R4107,13,SEC:LSX:N41C_N41D:WB,g1
R4108,14,PLAT:LSY:S41C:EB,g1
R4108,14,PLAT:LSY:S41D:EB,g1
R4108,14,SEC:LSY:S41C_S41D:EB,g1
R4109,4,PLAT:LSX:N41C:WB,g1
R4109,4,PLAT:LSX:N41D:WB,g1
R4109,4,SEC:LSX:N41C_N41D:WB,g1
R4109,5,PLAT:LSX:N41C:WB,g1
R4109,5,PLAT:LSX:N41D:WB,g1
R4109,5,SEC:LSX:N41C_N41D:WB,g1
R4201,1,PLAT:LSX:J42B:EB,g1
R4201,1,PLAT:LSX:N42C:EB,g1
R4201,1,SEC:LSX:J42B_N42C:EB,g1
R4201,2,PLAT:LSX:J42B:EB,g1
R4201,2,PLAT:LSX:N42C:EB,g1
R4201,2,SEC:LSX:J42B_N42C:EB,g1
R4202,4,PLAT:LSX:N42C:WB,g1
R4202,4,PLAT:LSX:N42D:WB,g1
R4202,4,SEC:LSX:N42C_N42D:WB,g1
R4202,5,PLAT:LSX:N42C:WB,g1
R4202,5,PLAT:LSX:N42D:WB,g1
R4202,5,SEC:LSX:N42C_N42D:WB,g1
R4203,6,PLAT:LSX:J42A:EB,g1
R4203,6,PLAT:LSX:J42B:EB,g1
R4203,6,SEC:LSX:J42A_J42B:EB,g1
R4204,7,PLAT:LSY:J42B:WB,g1
R4204,7,PLAT:LSY:S42C:WB,g1
R4204,7,PLAT:LSY:S42D:WB,g1
R4204,7,SEC:LSY:J42B_S42C:WB,g1
R4204,7,SEC:LSY:S42C_S42D:WB,g1
R4204,8,PLAT:LSY:J42B:WB,g1
R4204,8,PLAT:LSY:S42C:WB,g1
R4204,8,PLAT:LSY:S42D:WB,g1
R4204,8,SEC:LSY:J42B_S42C:WB,g1
R4204,8,SEC:LSY:S42C_S42D:WB,g1
R4205,9,PLAT:LSY:S42C:WB,g1
R4205,9,PLAT:LSY:S42D:WB,g1
R4205,9,SEC:LSY:S42C_S42D:WB,g1
R4206,10,PLAT:LSY:J42A:EB,g1
R4206,10,PLAT:LSY:J42B:EB,g1
R4206,10,SEC:LSY:J42A_J42B:EB,g1
R4206,11,PLAT:LSY:J42A:EB,g1
R4206,11,PLAT:LSY:J42B:EB,g1
R4206,11,SEC:LSY:J42A_J42B:EB,g1
R4207,12,PLAT:LSX:J42B:WB,g1
R4207,12,PLAT:LSX:N42C:WB,g1
R4207,12,PLAT:LSX:N42D:WB,g1
R4207,12,SEC:LSX:J42B_N42C:WB,g1
R4207,12,SEC:LSX:N42C_N42D:WB,g1
R4207,13,PLAT:LSX:J42B:WB,g1
R4207,13,PLAT:LSX:N42C:WB,g1
R4207,13,PLAT:LSX:N42D:WB,g1
R4207,13,SEC:LSX:J42B_N42C:WB,g1
R4207,13,SEC:LSX:N42C_N42D:WB,g1
R4208,14,PLAT:LSY:S42C:EB,g1
R4208,14,PLAT:LSY:S42D:EB,g1
R4208,14,SEC:LSY:S42C_S42D:EB,g1
R4209,4,PLAT:LSX:N42C:WB,g1
R4209,4,PLAT:LSX:N42D:WB,g1
R4209,4,SEC:LSX:N42C_N42D:WB,g1
R4209,5,PLAT:LSX:N42C:WB,g1
R4209,5,PLAT:LSX:N42D:WB,g1
R4209,5,SEC:LSX:N42C_N42D:WB,g1
R4301,1,PLAT:LSX:J43B:EB,g1
R4301,1,PLAT:LSX:N43C:EB,g1
R4301,1,SEC:LSX:J43B_N43C:EB,g1
R4301,2,PLAT:LSX:J43B:EB,g1
R4301,2,PLAT:LSX:N43C:EB,g1
R4301,2,SEC:LSX:J43B_N43C:EB,g1
R4302,4,PLAT:LSX:N43C:WB,g1
R4302,4,PLAT:LSX:N43D:WB,g1
R4302,4,SEC:LSX:N43C_N43D:WB,g1
R4302,5,PLAT:LSX:N43C:WB,g1
R4302,5,PLAT:LSX:N43D:WB,g1
R4302,5,SEC:LSX:N43C_N43D:WB,g1
R4303,6,PLAT:LSX:J43A:EB,g1
R4303,6,PLAT:LSX:J43B:EB,g1
R4303,6,SEC:LSX:J43A_J43B:EB,g1
R4304,7,PLAT:LSY:J43B:WB,g1
R4304,7,PLAT:LSY:S43C:WB,g1
R4304,7,PLAT:LSY:S43D:WB,g1
R4304,7,SEC:LSY:J43B_S43C:WB,g1
R4304,7,SEC:LSY:S43C_S43D:WB,g1
R4304,8,PLAT:LSY:J43B:WB,g1
R4304,8,PLAT:LSY:S43C:WB,g1
R4304,8,PLAT:LSY:S43D:WB,g1
R4304,8,SEC:LSY:J43B_S43C:WB,g1
R4304,8,SEC:LSY:S43C_S43D:WB,g1
R4305,9,PLAT:LSY:S43C:WB,g1
R4305,9,PLAT:LSY:S43D:WB,g1
R4305,9,SEC:LSY:S43C_S43D:WB,g1
R4306,10,PLAT:LSY:J43A:EB,g1
R4306,10,PLAT:LSY:J43B:EB,g1
R4306,10,SEC:LSY:J43A_J43B:EB,g1
R4306,11,PLAT:LSY:J43A:EB,g1
R4306,11,PLAT:LSY:J43B:EB,g1
R4306,11,SEC:LSY:J43A_J43B:EB,g1
R4307,12,PLAT:LSX:J43B:WB,g1
R4307,12,PLAT:LSX:N43C:WB,g1
R4307,12,PLAT:LSX:N43D:WB,g1
R4307,12,SEC:LSX:J43B_N43C:WB,g1
R4307,12,SEC:LSX:N43C_N43D:WB,g1
R4307,13,PLAT:LSX:J43B:WB,g1
R4307,13,PLAT:LSX:N43C:WB,g1
R4307,13,PLAT:LSX:N43D:WB,g1
R4307,13,SEC:LSX:J43B_N43C:WB,g1
R4307,13,SEC:LSX:N43C_N43D:WB,g1
R4308,14,PLAT:LSY:S43C:EB,g1
R4308,14,PLAT:LSY:S43D:EB,g1
R4308,14,SEC:LSY:S43C_S43D:EB,g1
R4309,4,PLAT:LSX:N43C:WB,g1
R4309,4,PLAT:LSX:N43D:WB,g1
R4309,4,SEC:LSX:N43C_N43D:WB,g1
R4309,5,PLAT:LSX:N43C:WB,g1
R4309,5,PLAT:LSX:N43D:WB,g1
R4309,5,SEC:LSX:N43C_N43D:WB,g1
R4401,1,PLAT:LSX:J44B:EB,g1
R4401,1,PLAT:LSX:N44C:EB,g1
R4401,1,SEC:LSX:J44B_N44C:EB,g1
R4401,2,PLAT:LSX:J44B:EB,g1
R4401,2,PLAT:LSX:N44C:EB,g1
R4401,2,SEC:LSX:J44B_N44C:EB,g1
R4402,4,PLAT:LSX:N44C:WB,g1
R4402,4,PLAT:LSX:N44D:WB,g1
R4402,4,SEC:LSX:N44C_N44D:WB,g1
R4402,5,PLAT:LSX:N44C:WB,g1
R4402,5,PLAT:LSX:N44D:WB,g1
R4402,5,SEC:LSX:N44C_N44D:WB,g1
R4403,6,PLAT:LSX:J44A:EB,g1
R4403,6,PLAT:LSX:J44B:EB,g1
R4403,6,SEC:LSX:J44A_J44B:EB,g1
R4404,7,PLAT:LSY:J44B:WB,g1
R4404,7,PLAT:LSY:S44C:WB,g1
R4404,7,PLAT:LSY:S44D:WB,g1
R4404,7,SEC:LSY:J44B_S44C:WB,g1
R4404,7,SEC:LSY:S44C_S44D:WB,g1
R4404,8,PLAT:LSY:J44B:WB,g1
R4404,8,PLAT:LSY:S44C:WB,g1
R4404,8,PLAT:LSY:S44D:WB,g1
R4404,8,SEC:LSY:J44B_S44C:WB,g1
R4404,8,SEC:LSY:S44C_S44D:WB,g1
R4405,9,PLAT:LSY:S44C:WB,g1
R4405,9,PLAT:LSY:S44D:WB,g1
R4405,9,SEC:LSY:S44C_S44D:WB,g1
R4406,10,PLAT:LSY:J44A:EB,g1
R4406,10,PLAT:LSY:J44B:EB,g1
R4406,10,SEC:LSY:J44A_J44B:EB,g1
R4406,11,PLAT:LSY:J44A:EB,g1
R4406,11,PLAT:LSY:J44B:EB,g1
R4406,11,SEC:LSY:J44A_J44B:EB,g1
R4407,12,PLAT:LSX:J44B:WB,g1
R4407,12,PLAT:LSX:N44C:WB,g1
R4407,12,PLAT:LSX:N44D:WB,g1
R4407,12,SEC:LSX:J44B_N44C:WB,g1
R4407,12,SEC:LSX:N44C_N44D:WB,g1
R4407,13,PLAT:LSX:J44B:WB,g1
R4407,13,PLAT:LSX:N44C:WB,g1
R4407,13,PLAT:LSX:N44D:WB,g1
R4407,13,SEC:LSX:J44B_N44C:WB,g1
R4407,13,SEC:LSX:N44C_N44D:WB,g1
R4408,14,PLAT:LSY:S44C:EB,g1
R4408,14,PLAT:LSY:S44D:EB,g1
R4408,14,SEC:LSY:S44C_S44D:EB,g1
R4409,4,PLAT:LSX:N44C:WB,g1
R4409,4,PLAT:LSX:N44D:WB,g1
R4409,4,SEC:LSX:N44C_N44D:WB,g1
R4409,5,PLAT:LSX:N44C:WB,g1
R4409,5,PLAT:LSX:N44D:WB,g1
R4409,5,SEC:LSX:N44C_N44D:WB,g1
R4501,1,PLAT:LSX:J45B:EB,g1
R4501,1,PLAT:LSX:N45C:EB,g1
R4501,1,SEC:LSX:J45B_N45C:EB,g1
R4501,2,PLAT:LSX:J45B:EB,g1
R4501,2,PLAT:LSX:N45C:EB,g1
R4501,2,SEC:LSX:J45B_N45C:EB,g1
R4502,4,PLAT:LSX:N45C:WB,g1
R4502,4,PLAT:LSX:N45D:WB,g1
R4502,4,SEC:LSX:N45C_N45D:WB,g1
R4502,5,PLAT:LSX:N45C:WB,g1
R4502,5,PLAT:LSX:N45D:WB,g1
R4502,5,SEC:LSX:N45C_N45D:WB,g1
R4503,6,PLAT:LSX:J45A:EB,g1
R4503,6,PLAT:LSX:J45B:EB,g1
R4503,6,SEC:LSX:J45A_J45B:EB,g1
R4504,7,PLAT:LSY:J45B:WB,g1
R4504,7,PLAT:LSY:S45C:WB,g1
R4504,7,PLAT:LSY:S45D:WB,g1
R4504,7,SEC:LSY:J45B_S45C:WB,g1
R4504,7,SEC:LSY:S45C_S45D:WB,g1
R4504,8,PLAT:LSY:J45B:WB,g1
R4504,8,PLAT:LSY:S45C:WB,g1
R4504,8,PLAT:LSY:S45D:WB,g1
R4504,8,SEC:LSY:J45B_S45C:WB,g1
R4504,8,SEC:LSY:S45C_S45D:WB,g1
R4505,9,PLAT:LSY:S45C:WB,g1
R4505,9,PLAT:LSY:S45D:WB,g1
R4505,9,SEC:LSY:S45C_S45D:WB,g1
R4506,10,PLAT:LSY:J45A:EB,g1
R4506,10,PLAT:LSY:J45B:EB,g1
R4506,10,SEC:LSY:J45A_J45B:EB,g1
R4506,11,PLAT:LSY:J45A:EB,g1
R4506,11,PLAT:LSY:J45B:EB,g1
R4506,11,SEC:LSY:J45A_J45B:EB,g1
R4507,12,PLAT:LSX:J45B:WB,g1
R4507,12,PLAT:LSX:N45C:WB,g1
R4507,12,PLAT:LSX:N45D:WB,g1
R4507,12,SEC:LSX:J45B_N45C:WB,g1
R4507,12,SEC:LSX:N45C_N45D:WB,g1
R4507,13,PLAT:LSX:J45B:WB,g1
R4507,13,PLAT:LSX:N45C:WB,g1
R4507,13,PLAT:LSX:N45D:WB,g1
R4507,13,SEC:LSX:J45B_N45C:WB,g1
R4507,13,SEC:LSX:N45C_N45D:WB,g1
R4508,14,PLAT:LSY:S45C:EB,g1
R4508,14,PLAT:LSY:S45D:EB,g1
R4508,14,SEC:LSY:S45C_S45D:EB,g1
R4509,4,PLAT:LSX:N45C:WB,g1
R4509,4,PLAT:LSX:N45D:WB,g1
R4509,4,SEC:LSX:N45C_N45D:WB,g1
R4509,5,PLAT:LSX:N45C:WB,g1
R4509,5,PLAT:LSX:N45D:WB,g1
R4509,5,SEC:LSX:N45C_N45D:WB,g1
R4601,1,PLAT:LSX:J46B:EB,g1
R4601,1,PLAT:LSX:N46C:EB,g1
R4601,1,SEC:LSX:J46B_N46C:EB,g1
R4601,2,PLAT:LSX:J46B:EB,g1
R4601,2,PLAT:LSX:N46C:EB,g1
R4601,2,SEC:LSX:J46B_N46C:EB,g1
R4602,4,PLAT:LSX:N46C:WB,g1
R4602,4,PLAT:LSX:N46D:WB,g1
R4602,4,SEC:LSX:N46C_N46D:WB,g1
R4602,5,PLAT:LSX:N46C:WB,g1
R4602,5,PLAT:LSX:N46D:WB,g1
R4602,5,SEC:LSX:N46C_N46D:WB,g1
R4603,6,PLAT:LSX:J46A:EB,g1
R4603,6,PLAT:LSX:J46B:EB,g1
R4603,6,SEC:LSX:J46A_J46B:EB,g1
R4604,7,PLAT:LSY:J46B:WB,g1
R4604,7,PLAT:LSY:S46C:WB,g1
R4604,7,PLAT:LSY:S46D:WB,g1
R4604,7,SEC:LSY:J46B_S46C:WB,g1
R4604,7,SEC:LSY:S46C_S46D:WB,g1
R4604,8,PLAT:LSY:J46B:WB,g1
R4604,8,PLAT:LSY:S46C:WB,g1
R4604,8,PLAT:LSY:S46D:WB,g1
R4604,8,SEC:LSY:J46B_S46C:WB,g1
R4604,8,SEC:LSY:S46C_S46D:WB,g1
R4605,9,PLAT:LSY:S46C:WB,g1
R4605,9,PLAT:LSY:S46D:WB,g1
R4605,9,SEC:LSY:S46C_S46D:WB,g1
R4606,10,PLAT:LSY:J46A:EB,g1
R4606,10,PLAT:LSY:J46B:EB,g1
R4606,10,SEC:LSY:J46A_J46B:EB,g1
R4606,11,PLAT:LSY:J46A:EB,g1
R4606,11,PLAT:LSY:J46B:EB,g1
R4606,11,SEC:LSY:J46A_J46B:EB,g1
R4607,12,PLAT:LSX:J46B:WB,g1
R4607,12,PLAT:LSX:N46C:WB,g1
R4607,12,PLAT:LSX:N46D:WB,g1
R4607,12,SEC:LSX:J46B_N46C:WB,g1
R4607,12,SEC:LSX:N46C_N46D:WB,g1
R4607,13,PLAT:LSX:J46B:WB,g1
R4607,13,PLAT:LSX:N46C:WB,g1
R4607,13,PLAT:LSX:N46D:WB,g1
R4607,13,SEC:LSX:J46B_N46C:WB,g1
R4607,13,SEC:LSX:N46C_N46D:WB,g1
R4608,14,PLAT:LSY:S46C:EB,g1
R4608,14,PLAT:LSY:S46D:EB,g1
R4608,14,SEC:LSY:S46C_S46D:EB,g1
R4609,4,PLAT:LSX:N46C:WB,g1
R4609,4,PLAT:LSX:N46D:WB,g1
R4609,4,SEC:LSX:N46C_N46D:WB,g1
R4609,5,PLAT:LSX:N46C:WB,g1
R4609,5,PLAT:LSX:N46D:WB,g1
R4609,5,SEC:LSX:N46C_N46D:WB,g1
R4701,1,PLAT:LSX:J47B:EB,g1
R4701,1,PLAT:LSX:N47C:EB,g1
R4701,1,SEC:LSX:J47B_N47C:EB,g1
R4701,2,PLAT:LSX:J47B:EB,g1
R4701,2,PLAT:LSX:N47C:EB,g1
R4701,2,SEC:LSX:J47B_N47C:EB,g1
R4702,4,PLAT:LSX:N47C:WB,g1
R4702,4,PLAT:LSX:N47D:WB,g1
R4702,4,SEC:LSX:N47C_N47D:WB,g1
R4702,5,PLAT:LSX:N47C:WB,g1
R4702,5,PLAT:LSX:N47D:WB,g1
R4702,5,SEC:LSX:N47C_N47D:WB,g1
R4703,6,PLAT:LSX:J47A:EB,g1
R4703,6,PLAT:LSX:J47B:EB,g1
R4703,6,SEC:LSX:J47A_J47B:EB,g1
R4704,7,PLAT:LSY:J47B:WB,g1
R4704,7,PLAT:LSY:S47C:WB,g1
R4704,7,PLAT:LSY:S47D:WB,g1
R4704,7,SEC:LSY:J47B_S47C:WB,g1
R4704,7,SEC:LSY:S47C_S47D:WB,g1
R4704,8,PLAT:LSY:J47B:WB,g1
R4704,8,PLAT:LSY:S47C:WB,g1
R4704,8,PLAT:LSY:S47D:WB,g1
R4704,8,SEC:LSY:J47B_S47C:WB,g1
R4704,8,SEC:LSY:S47C_S47D:WB,g1
R4705,9,PLAT:LSY:S47C:WB,g1
R4705,9,PLAT:LSY:S47D:WB,g1
R4705,9,SEC:LSY:S47C_S47D:WB,g1
R4706,10,PLAT:LSY:J47A:EB,g1
R4706,10,PLAT:LSY:J47B:EB,g1
R4706,10,SEC:LSY:J47A_J47B:EB,g1
R4706,11,PLAT:LSY:J47A:EB,g1
R4706,11,PLAT:LSY:J47B:EB,g1
R4706,11,SEC:LSY:J47A_J47B:EB,g1
R4707,12,PLAT:LSX:J47B:WB,g1
R4707,12,PLAT:LSX:N47C:WB,g1
R4707,12,PLAT:LSX:N47D:WB,g1
R4707,12,SEC:LSX:J47B_N47C:WB,g1
R4707,12,SEC:LSX:N47C_N47D:WB,g1
R4707,13,PLAT:LSX:J47B:WB,g1
R4707,13,PLAT:LSX:N47C:WB,g1
R4707,13,PLAT:LSX:N47D:WB,g1
R4707,13,SEC:LSX:J47B_N47C:WB,g1
R4707,13,SEC:LSX:N47C_N47D:WB,g1
R4708,14,PLAT:LSY:S47C:EB,g1
R4708,14,PLAT:LSY:S47D:EB,g1
R4708,14,SEC:LSY:S47C_S47D:EB,g1
R4709,4,PLAT:LSX:N47C:WB,g1
R4709,4,PLAT:LSX:N47D:WB,g1
R4709,4,SEC:LSX:N47C_N47D:WB,g1
R4709,5,PLAT:LSX:N47C:WB,g1
R4709,5,PLAT:LSX:N47D:WB,g1
R4709,5,SEC:LSX:N47C_N47D:WB,g1
R4801,1,PLAT:LSX:J48B:EB,g1
R4801,1,PLAT:LSX:N48C:EB,g1
R4801,1,SEC:LSX:J48B_N48C:EB,g1
R4801,2,PLAT:LSX:J48B:EB,g1
R4801,2,PLAT:LSX:N48C:EB,g1
R4801,2,SEC:LSX:J48B_N48C:EB,g1
R4802,4,PLAT:LSX:N48C:WB,g1
R4802,4,PLAT:LSX:N48D:WB,g1
R4802,4,SEC:LSX:N48C_N48D:WB,g1
R4802,5,PLAT:LSX:N48C:WB,g1
R4802,5,PLAT:LSX:N48D:WB,g1
R4802,5,SEC:LSX:N48C_N48D:WB,g1
R4803,6,PLAT:LSX:J48A:EB,g1
R4803,6,PLAT:LSX:J48B:EB,g1
R4803,6,SEC:LSX:J48A_J48B:EB,g1
R4804,7,PLAT:LSY:J48B:WB,g1
R4804,7,PLAT:LSY:S48C:WB,g1
R4804,7,PLAT:LSY:S48D:WB,g1
R4804,7,SEC:LSY:J48B_S48C:WB,g1
R4804,7,SEC:LSY:S48C_S48D:WB,g1
R4804,8,PLAT:LSY:J48B:WB,g1
R4804,8,PLAT:LSY:S48C:WB,g1
R4804,8,PLAT:LSY:S48D:WB,g1
R4804,8,SEC:LSY:J48B_S48C:WB,g1
R4804,8,SEC:LSY:S48C_S48D:WB,g1
R4805,9,PLAT:LSY:S48C:WB,g1
R4805,9,PLAT:LSY:S48D:WB,g1
R4805,9,SEC:LSY:S48C_S48D:WB,g1
R4806,10,PLAT:LSY:J48A:EB,g1
R4806,10,PLAT:LSY:J48B:EB,g1
R4806,10,SEC:LSY:J48A_J48B:EB,g1
R4806,11,PLAT:LSY:J48A:EB,g1
R4806,11,PLAT:LSY:J48B:EB,g1
R4806,11,SEC:LSY:J48A_J48B:EB,g1
R4807,12,PLAT:LSX:J48B:WB,g1
R4807,12,PLAT:LSX:N48C:WB,g1
R4807,12,PLAT:LSX:N48D:WB,g1
R4807,12,SEC:LSX:J48B_N48C:WB,g1
R4807,12,SEC:LSX:N48C_N48D:WB,g1
R4807,13,PLAT:LSX:J48B:WB,g1
R4807,13,PLAT:LSX:N48C:WB,g1
R4807,13,PLAT:LSX:N48D:WB,g1
R4807,13,SEC:LSX:J48B_N48C:WB,g1
R4807,13,SEC:LSX:N48C_N48D:WB,g1
R4808,14,PLAT:LSY:S48C:EB,g1
R4808,14,PLAT:LSY:S48D:EB,g1
R4808,14,SEC:LSY:S48C_S48D:EB,g1
R4809,4,PLAT:LSX:N48C:WB,g1
R4809,4,PLAT:LSX:N48D:WB,g1
R4809,4,SEC:LSX:N48C_N48D:WB,g1
R4809,5,PLAT:LSX:N48C:WB,g1
R4809,5,PLAT:LSX:N48D:WB,g1
R4809,5,SEC:LSX:N48C_N48D:WB,g1
R4901,1,PLAT:LSX:J49B:EB,g1
R4901,1,PLAT:LSX:N49C:EB,g1
R4901,1,SEC:LSX:J49B_N49C:EB,g1
R4901,2,PLAT:LSX:J49B:EB,g1
R4901,2,PLAT:LSX:N49C:EB,g1
R4901,2,SEC:LSX:J49B_N49C:EB,g1
R4902,4,PLAT:LSX:N49C:WB,g1
R4902,4,PLAT:LSX:N49D:WB,g1
R4902,4,SEC:LSX:N49C_N49D:WB,g1
R4902,5,PLAT:LSX:N49C:WB,g1
R4902,5,PLAT:LSX:N49D:WB,g1
R4902,5,SEC:LSX:N49C_N49D:WB,g1
R4903,6,PLAT:LSX:J49A:EB,g1
R4903,6,PLAT:LSX:J49B:EB,g1
R4903,6,SEC:LSX:J49A_J49B:EB,g1
R4904,7,PLAT:LSY:J49B:WB,g1
R4904,7,PLAT:LSY:S49C:WB,g1
R4904,7,PLAT:LSY:S49D:WB,g1
R4904,7,SEC:LSY:J49B_S49C:WB,g1
R4904,7,SEC:LSY:S49C_S49D:WB,g1
R4904,8,PLAT:LSY:J49B:WB,g1
R4904,8,PLAT:LSY:S49C:WB,g1
R4904,8,PLAT:LSY:S49D:WB,g1
R4904,8,SEC:LSY:J49B_S49C:WB,g1
R4904,8,SEC:LSY:S49C_S49D:WB,g1
R4905,9,PLAT:LSY:S49C:WB,g1
R4905,9,PLAT:LSY:S49D:WB,g1
R4905,9,SEC:LSY:S49C_S49D:WB,g1
R4906,10,PLAT:LSY:J49A:EB,g1
R4906,10,PLAT:LSY:J49B:EB,g1
R4906,10,SEC:LSY:J49A_J49B:EB,g1
R4906,11,PLAT:LSY:J49A:EB,g1
R4906,11,PLAT:LSY:J49B:EB,g1
R4906,11,SEC:LSY:J49A_J49B:EB,g1
R4907,12,PLAT:LSX:J49B:WB,g1
R4907,12,PLAT:LSX:N49C:WB,g1
R4907,12,PLAT:LSX:N49D:WB,g1
R4907,12,SEC:LSX:J49B_N49C:WB,g1
R4907,12,SEC:LSX:N49C_N49D:WB,g1
R4907,13,PLAT:LSX:J49B:WB,g1
R4907,13,PLAT:LSX:N49C:WB,g1
R4907,13,PLAT:LSX:N49D:WB,g1
R4907,13,SEC:LSX:J49B_N49C:WB,g1
R4907,13,SEC:LSX:N49C_N49D:WB,g1
R4908,14,PLAT:LSY:S49C:EB,g1
R4908,14,PLAT:LSY:S49D:EB,g1
R4908,14,SEC:LSY:S49C_S49D:EB,g1
R4909,4,PLAT:LSX:N49C:WB,g1
R4909,4,PLAT:LSX:N49D:WB,g1
R4909,4,SEC:LSX:N49C_N49D:WB,g1
R4909,5,PLAT:LSX:N49C:WB,g1
R4909,5,PLAT:LSX:N49D:WB,g1
R4909,5,SEC:LSX:N49C_N49D:WB,g1
R5001,1,PLAT:LSX:J50B:EB,g1
R5001,1,PLAT:LSX:N50C:EB,g1
R5001,1,SEC:LSX:J50B_N50C:EB,g1
R5001,2,PLAT:LSX:J50B:EB,g1
R5001,2,PLAT:LSX:N50C:EB,g1
R5001,2,SEC:LSX:J50B_N50C:EB,g1
R5002,4,PLAT:LSX:N50C:WB,g1
R5002,4,PLAT:LSX:N50D:WB,g1
R5002,4,SEC:LSX:N50C_N50D:WB,g1
R5002,5,PLAT:LSX:N50C:WB,g1
R5002,5,PLAT:LSX:N50D:WB,g1
R5002,5,SEC:LSX:N50C_N50D:WB,g1
R5003,6,PLAT:LSX:J50A:EB,g1
R5003,6,PLAT:LSX:J50B:EB,g1
R5003,6,SEC:LSX:J50A_J50B:EB,g1
R5004,7,PLAT:LSY:J50B:WB,g1
R5004,7,PLAT:LSY:S50C:WB,g1
R5004,7,PLAT:LSY:S50D:WB,g1
R5004,7,SEC:LSY:J50B_S50C:WB,g1
R5004,7,SEC:LSY:S50C_S50D:WB,g1
R5004,8,PLAT:LSY:J50B:WB,g1
R5004,8,PLAT:LSY:S50C:WB,g1
R5004,8,PLAT:LSY:S50D:WB,g1
R5004,8,SEC:LSY:J50B_S50C:WB,g1
R5004,8,SEC:LSY:S50C_S50D:WB,g1
R5005,9,PLAT:LSY:S50C:WB,g1
R5005,9,PLAT:LSY:S50D:WB,g1
R5005,9,SEC:LSY:S50C_S50D:WB,g1
R5006,10,PLAT:LSY:J50A:EB,g1
R5006,10,PLAT:LSY:J50B:EB,g1
R5006,10,SEC:LSY:J50A_J50B:EB,g1
R5006,11,PLAT:LSY:J50A:EB,g1
R5006,11,PLAT:LSY:J50B:EB,g1
R5006,11,SEC:LSY:J50A_J50B:EB,g1
R5007,12,PLAT:LSX:J50B:WB,g1
R5007,12,PLAT:LSX:N50C:WB,g1
R5007,12,PLAT:LSX:N50D:WB,g1
R5007,12,SEC:LSX:J50B_N50C:WB,g1
R5007,12,SEC:LSX:N50C_N50D:WB,g1
R5007,13,PLAT:LSX:J50B:WB,g1
R5007,13,PLAT:LSX:N50C:WB,g1
R5007,13,PLAT:LSX:N50D:WB,g1
R5007,13,SEC:LSX:J50B_N50C:WB,g1
R5007,13,SEC:LSX:N50C_N50D:WB,g1
R5008,14,PLAT:LSY:S50C:EB,g1
R5008,14,PLAT:LSY:S50D:EB,g1
R5008,14,SEC:LSY:S50C_S50D:EB,g1
R5009,4,PLAT:LSX:N50C:WB,g1
R5009,4,PLAT:LSX:N50D:WB,g1
R5009,4,SEC:LSX:N50C_N50D:WB,g1
R5009,5,PLAT:LSX:N50C:WB,g1
R5009,5,PLAT:LSX:N50D:WB,g1
R5009,5,SEC:LSX:N50C_N50D:WB,g1
R5101,1,PLAT:LSX:J51B:EB,g1
R5101,1,PLAT:LSX:N51C:EB,g1
R5101,1,SEC:LSX:J51B_N51C:EB,g1
R5101,2,PLAT:LSX:J51B:EB,g1
R5101,2,PLAT:LSX:N51C:EB,g1
R5101,2,SEC:LSX:J51B_N51C:EB,g1
R5102,4,PLAT:LSX:N51C:WB,g1
R5102,4,PLAT:LSX:N51D:WB,g1
R5102,4,SEC:LSX:N51C_N51D:WB,g1
R5102,5,PLAT:LSX:N51C:WB,g1
R5102,5,PLAT:LSX:N51D:WB,g1
R5102,5,SEC:LSX:N51C_N51D:WB,g1
R5103,6,PLAT:LSX:J51A:EB,g1
R5103,6,PLAT:LSX:J51B:EB,g1
R5103,6,SEC:LSX:J51A_J51B:EB,g1
R5104,7,PLAT:LSY:J51B:WB,g1
R5104,7,PLAT:LSY:S51C:WB,g1
R5104,7,PLAT:LSY:S51D:WB,g1
R5104,7,SEC:LSY:J51B_S51C:WB,g1
R5104,7,SEC:LSY:S51C_S51D:WB,g1
R5104,8,PLAT:LSY:J51B:WB,g1
R5104,8,PLAT:LSY:S51C:WB,g1
R5104,8,PLAT:LSY:S51D:WB,g1
R5104,8,SEC:LSY:J51B_S51C:WB,g1
R5104,8,SEC:LSY:S51C_S51D:WB,g1
R5105,9,PLAT:LSY:S51C:WB,g1
R5105,9,PLAT:LSY:S51D:WB,g1
R5105,9,SEC:LSY:S51C_S51D:WB,g1
R5106,10,PLAT:LSY:J51A:EB,g1
R5106,10,PLAT:LSY:J51B:EB,g1
R5106,10,SEC:LSY:J51A_J51B:EB,g1
R5106,11,PLAT:LSY:J51A:EB,g1
R5106,11,PLAT:LSY:J51B:EB,g1
R5106,11,SEC:LSY:J51A_J51B:EB,g1
R5107,12,PLAT:LSX:J51B:WB,g1
R5107,12,PLAT:LSX:N51C:WB,g1
R5107,12,PLAT:LSX:N51D:WB,g1
R5107,12,SEC:LSX:J51B_N51C:WB,g1
R5107,12,SEC:LSX:N51C_N51D:WB,g1
R5107,13,PLAT:LSX:J51B:WB,g1
R5107,13,PLAT:LSX:N51C:WB,g1
R5107,13,PLAT:LSX:N51D:WB,g1
R5107,13,SEC:LSX:J51B_N51C:WB,g1
R5107,13,SEC:LSX:N51C_N51D:WB,g1
R5108,14,PLAT:LSY:S51C:EB,g1
R5108,14,PLAT:LSY:S51D:EB,g1
R5108,14,SEC:LSY:S51C_S51D:EB,g1
R5109,4,PLAT:LSX:N51C:WB,g1
R5109,4,PLAT:LSX:N51D:WB,g1
R5109,4,SEC:LSX:N51C_N51D:WB,g1
R5109,5,PLAT:LSX:N51C:WB,g1
R5109,5,PLAT:LSX:N51D:WB,g1
R5109,5,SEC:LSX:N51C_N51D:WB,g1
R5201,1,PLAT:LSX:J52B:EB,g1
R5201,1,PLAT:LSX:N52C:EB,g1
R5201,1,SEC:LSX:J52B_N52C:EB,g1
R5201,2,PLAT:LSX:J52B:EB,g1
R5201,2,PLAT:LSX:N52C:EB,g1
R5201,2,SEC:LSX:J52B_N52C:EB,g1
R5202,4,PLAT:LSX:N52C:WB,g1
R5202,4,PLAT:LSX:N52D:WB,g1
R5202,4,SEC:LSX:N52C_N52D:WB,g1
R5202,5,PLAT:LSX:N52C:WB,g1
R5202,5,PLAT:LSX:N52D:WB,g1
R5202,5,SEC:LSX:N52C_N52D:WB,g1
R5203,6,PLAT:LSX:J52A:EB,g1
R5203,6,PLAT:LSX:J52B:EB,g1
R5203,6,SEC:LSX:J52A_J52B:EB,g1
R5204,7,PLAT:LSY:J52B:WB,g1
R5204,7,PLAT:LSY:S52C:WB,g1
R5204,7,PLAT:LSY:S52D:WB,g1
R5204,7,SEC:LSY:J52B_S52C:WB,g1
R5204,7,SEC:LSY:S52C_S52D:WB,g1
R5204,8,PLAT:LSY:J52B:WB,g1
R5204,8,PLAT:LSY:S52C:WB,g1
R5204,8,PLAT:LSY:S52D:WB,g1
R5204,8,SEC:LSY:J52B_S52C:WB,g1
R5204,8,SEC:LSY:S52C_S52D:WB,g1
R5205,9,PLAT:LSY:S52C:WB,g1
R5205,9,PLAT:LSY:S52D:WB,g1
R5205,9,SEC:LSY:S52C_S52D:WB,g1
R5206,10,PLAT:LSY:J52A:EB,g1
R5206,10,PLAT:LSY:J52B:EB,g1
R5206,10,SEC:LSY:J52A_J52B:EB,g1
R5206,11,PLAT:LSY:J52A:EB,g1
R5206,11,PLAT:LSY:J52B:EB,g1
R5206,11,SEC:LSY:J52A_J52B:EB,g1
R5207,12,PLAT:LSX:J52B:WB,g1
R5207,12,PLAT:LSX:N52C:WB,g1
R5207,12,PLAT:LSX:N52D:WB,g1
R5207,12,SEC:LSX:J52B_N52C:WB,g1
R5207,12,SEC:LSX:N52C_N52D:WB,g1
R5207,13,PLAT:LSX:J52B:WB,g1
R5207,13,PLAT:LSX:N52C:WB,g1
R5207,13,PLAT:LSX:N52D:WB,g1
R5207,13,SEC:LSX:J52B_N52C:WB,g1
R5207,13,SEC:LSX:N52C_N52D:WB,g1
R5208,14,PLAT:LSY:S52C:EB,g1
R5208,14,PLAT:LSY:S52D:EB,g1
R5208,14,SEC:LSY:S52C_S52D:EB,g1
R5209,4,PLAT:LSX:N52C:WB,g1
R5209,4,PLAT:LSX:N52D:WB,g1
R5209,4,SEC:LSX:N52C_N52D:WB,g1
R5209,5,PLAT:LSX:N52C:WB,g1
R5209,5,PLAT:LSX:N52D:WB,g1
R5209,5,SEC:LSX:N52C_N52D:WB,g1
R5301,1,PLAT:LSX:J53B:EB,g1
R5301,1,PLAT:LSX:N53C:EB,g1
R5301,1,SEC:LSX:J53B_N53C:EB,g1
R5301,2,PLAT:LSX:J53B:EB,g1
R5301,2,PLAT:LSX:N53C:EB,g1
R5301,2,SEC:LSX:J53B_N53C:EB,g1
R5302,4,PLAT:LSX:N53C:WB,g1
R5302,4,PLAT:LSX:N53D:WB,g1
R5302,4,SEC:LSX:N53C_N53D:WB,g1
R5302,5,PLAT:LSX:N53C:WB,g1
R5302,5,PLAT:LSX:N53D:WB,g1
R5302,5,SEC:LSX:N53C_N53D:WB,g1
R5303,6,PLAT:LSX:J53A:EB,g1
R5303,6,PLAT:LSX:J53B:EB,g1
R5303,6,SEC:LSX:J53A_J53B:EB,g1
R5304,7,PLAT:LSY:J53B:WB,g1
R5304,7,PLAT:LSY:S53C:WB,g1
R5304,7,PLAT:LSY:S53D:WB,g1
R5304,7,SEC:LSY:J53B_S53C:WB,g1
R5304,7,SEC:LSY:S53C_S53D:WB,g1
R5304,8,PLAT:LSY:J53B:WB,g1
R5304,8,PLAT:LSY:S53C:WB,g1
R5304,8,PLAT:LSY:S53D:WB,g1
R5304,8,SEC:LSY:J53B_S53C:WB,g1
R5304,8,SEC:LSY:S53C_S53D:WB,g1
R5305,9,PLAT:LSY:S53C:WB,g1
R5305,9,PLAT:LSY:S53D:WB,g1
R5305,9,SEC:LSY:S53C_S53D:WB,g1
R5306,10,PLAT:LSY:J53A:EB,g1
R5306,10,PLAT:LSY:J53B:EB,g1
R5306,10,SEC:LSY:J53A_J53B:EB,g1
R5306,11,PLAT:LSY:J53A:EB,g1
R5306,11,PLAT:LSY:J53B:EB,g1
R5306,11,SEC:LSY:J53A_J53B:EB,g1
R5307,12,PLAT:LSX:J53B:WB,g1
R5307,12,PLAT:LSX:N53C:WB,g1
R5307,12,PLAT:LSX:N53D:WB,g1
R5307,12,SEC:LSX:J53B_N53C:WB,g1
R5307,12,SEC:LSX:N53C_N53D:WB,g1
R5307,13,PLAT:LSX:J53B:WB,g1
R5307,13,PLAT:LSX:N53C:WB,g1
R5307,13,PLAT:LSX:N53D:WB,g1
R5307,13,SEC:LSX:J53B_N53C:WB,g1
R5307,13,SEC:LSX:N53C_N53D:WB,g1
R5308,14,PLAT:LSY:S53C:EB,g1
R5308,14,PLAT:LSY:S53D:EB,g1
R5308,14,SEC:LSY:S53C_S53D:EB,g1
R5309,4,PLAT:LSX:N53C:WB,g1
R5309,4,PLAT:LSX:N53D:WB,g1
R5309,4,SEC:LSX:N53C_N53D:WB,g1
R5309,5,PLAT:LSX:N53C:WB,g1
R5309,5,PLAT:LSX:N53D:WB,g1
R5309,5,SEC:LSX:N53C_N53D:WB,g1
R5401,1,PLAT:LSX:J54B:EB,g1
R5401,1,PLAT:LSX:N54C:EB,g1
R5401,1,SEC:LSX:J54B_N54C:EB,g1
R5401,2,PLAT:LSX:J54B:EB,g1
R5401,2,PLAT:LSX:N54C:EB,g1
R5401,2,SEC:LSX:J54B_N54C:EB,g1
R5402,4,PLAT:LSX:N54C:WB,g1
R5402,4,PLAT:LSX:N54D:WB,g1
R5402,4,SEC:LSX:N54C_N54D:WB,g1
R5402,5,PLAT:LSX:N54C:WB,g1
R5402,5,PLAT:LSX:N54D:WB,g1
R5402,5,SEC:LSX:N54C_N54D:WB,g1
R5403,6,PLAT:LSX:J54A:EB,g1
R5403,6,PLAT:LSX:J54B:EB,g1
R5403,6,SEC:LSX:J54A_J54B:EB,g1
R5404,7,PLAT:LSY:J54B:WB,g1
R5404,7,PLAT:LSY:S54C:WB,g1
R5404,7,PLAT:LSY:S54D:WB,g1
R5404,7,SEC:LSY:J54B_S54C:WB,g1
R5404,7,SEC:LSY:S54C_S54D:WB,g1
R5404,8,PLAT:LSY:J54B:WB,g1
R5404,8,PLAT:LSY:S54C:WB,g1
R5404,8,PLAT:LSY:S54D:WB,g1
R5404,8,SEC:LSY:J54B_S54C:WB,g1
R5404,8,SEC:LSY:S54C_S54D:WB,g1
R5405,9,PLAT:LSY:S54C:WB,g1
R5405,9,PLAT:LSY:S54D:WB,g1
R5405,9,SEC:LSY:S54C_S54D:WB,g1
R5406,10,PLAT:LSY:J54A:EB,g1
R5406,10,PLAT:LSY:J54B:EB,g1
R5406,10,SEC:LSY:J54A_J54B:EB,g1
R5406,11,PLAT:LSY:J54A:EB,g1
R5406,11,PLAT:LSY:J54B:EB,g1
R5406,11,SEC:LSY:J54A_J54B:EB,g1
R5407,12,PLAT:LSX:J54B:WB,g1
R5407,12,PLAT:LSX:N54C:WB,g1
R5407,12,PLAT:LSX:N54D:WB,g1
R5407,12,SEC:LSX:J54B_N54C:WB,g1
R5407,12,SEC:LSX:N54C_N54D:WB,g1
R5407,13,PLAT:LSX:J54B:WB,g1
R5407,13,PLAT:LSX:N54C:WB,g1
R5407,13,PLAT:LSX:N54D:WB,g1
R5407,13,SEC:LSX:J54B_N54C:WB,g1
R5407,13,SEC:LSX:N54C_N54D:WB,g1
R5408,14,PLAT:LSY:S54C:EB,g1
R5408,14,PLAT:LSY:S54D:EB,g1
R5408,14,SEC:LSY:S54C_S54D:EB,g1
R5409,4,PLAT:LSX:N54C:WB,g1
R5409,4,PLAT:LSX:N54D:WB,g1
R5409,4,SEC:LSX:N54C_N54D:WB,g1
R5409,5,PLAT:LSX:N54C:WB,g1
R5409,5,PLAT:LSX:N54D:WB,g1
R5409,5,SEC:LSX:N54C_N54D:WB,g1
R5501,1,PLAT:LSX:J55B:EB,g1
R5501,1,PLAT:LSX:N55C:EB,g1
R5501,1,SEC:LSX:J55B_N55C:EB,g1
R5501,2,PLAT:LSX:J55B:EB,g1
R5501,2,PLAT:LSX:N55C:EB,g1
R5501,2,SEC:LSX:J55B_N55C:EB,g1
R5502,4,PLAT:LSX:N55C:WB,g1
R5502,4,PLAT:LSX:N55D:WB,g1
R5502,4,SEC:LSX:N55C_N55D:WB,g1
R5502,5,PLAT:LSX:N55C:WB,g1
R5502,5,PLAT:LSX:N55D:WB,g1
R5502,5,SEC:LSX:N55C_N55D:WB,g1
R5503,6,PLAT:LSX:J55A:EB,g1
R5503,6,PLAT:LSX:J55B:EB,g1
R5503,6,SEC:LSX:J55A_J55B:EB,g1
R5504,7,PLAT:LSY:J55B:WB,g1
R5504,7,PLAT:LSY:S55C:WB,g1
R5504,7,PLAT:LSY:S55D:WB,g1
R5504,7,SEC:LSY:J55B_S55C:WB,g1
R5504,7,SEC:LSY:S55C_S55D:WB,g1
R5504,8,PLAT:LSY:J55B:WB,g1
R5504,8,PLAT:LSY:S55C:WB,g1
R5504,8,PLAT:LSY:S55D:WB,g1
R5504,8,SEC:LSY:J55B_S55C:WB,g1
R5504,8,SEC:LSY:S55C_S55D:WB,g1
R5505,9,PLAT:LSY:S55C:WB,g1
R5505,9,PLAT:LSY:S55D:WB,g1
R5505,9,SEC:LSY:S55C_S55D:WB,g1
R5506,10,PLAT:LSY:J55A:EB,g1
R5506,10,PLAT:LSY:J55B:EB,g1
R5506,10,SEC:LSY:J55A_J55B:EB,g1
R5506,11,PLAT:LSY:J55A:EB,g1
R5506,11,PLAT:LSY:J55B:EB,g1
R5506,11,SEC:LSY:J55A_J55B:EB,g1
R5507,12,PLAT:LSX:J55B:WB,g1
R5507,12,PLAT:LSX:N55C:WB,g1
R5507,12,PLAT:LSX:N55D:WB,g1
R5507,12,SEC:LSX:J55B_N55C:WB,g1
R5507,12,SEC:LSX:N55C_N55D:WB,g1
R5507,13,PLAT:LSX:J55B:WB,g1
R5507,13,PLAT:LSX:N55C:WB,g1
R5507,13,PLAT:LSX:N55D:WB,g1
R5507,13,SEC:LSX:J55B_N55C:WB,g1
R5507,13,SEC:LSX:N55C_N55D:WB,g1
R5508,14,PLAT:LSY:S55C:EB,g1
R5508,14,PLAT:LSY:S55D:EB,g1
R5508,14,SEC:LSY:S55C_S55D:EB,g1
R5509,4,PLAT:LSX:N55C:WB,g1
R5509,4,PLAT:LSX:N55D:WB,g1
R5509,4,SEC:LSX:N55C_N55D:WB,g1
R5509,5,PLAT:LSX:N55C:WB,g1
R5509,5,PLAT:LSX:N55D:WB,g1
R5509,5,SEC:LSX:N55C_N55D:WB,g1
R5601,1,PLAT:LSX:J56B:EB,g1
R5601,1,PLAT:LSX:N56C:EB,g1
R5601,1,SEC:LSX:J56B_N56C:EB,g1
R5601,2,PLAT:LSX:J56B:EB,g1
R5601,2,PLAT:LSX:N56C:EB,g1
R5601,2,SEC:LSX:J56B_N56C:EB,g1
R5602,4,PLAT:LSX:N56C:WB,g1
R5602,4,PLAT:LSX:N56D:WB,g1
R5602,4,SEC:LSX:N56C_N56D:WB,g1
R5602,5,PLAT:LSX:N56C:WB,g1
R5602,5,PLAT:LSX:N56D:WB,g1
R5602,5,SEC:LSX:N56C_N56D:WB,g1
R5603,6,PLAT:LSX:J56A:EB,g1
R5603,6,PLAT:LSX:J56B:EB,g1
R5603,6,SEC:LSX:J56A_J56B:EB,g1
R5604,7,PLAT:LSY:J56B:WB,g1
R5604,7,PLAT:LSY:S56C:WB,g1
R5604,7,PLAT:LSY:S56D:WB,g1
R5604,7,SEC:LSY:J56B_S56C:WB,g1
R5604,7,SEC:LSY:S56C_S56D:WB,g1
R5604,8,PLAT:LSY:J56B:WB,g1
R5604,8,PLAT:LSY:S56C:WB,g1
R5604,8,PLAT:LSY:S56D:WB,g1
R5604,8,SEC:LSY:J56B_S56C:WB,g1
R5604,8,SEC:LSY:S56C_S56D:WB,g1
R5605,9,PLAT:LSY:S56C:WB,g1
R5605,9,PLAT:LSY:S56D:WB,g1
R5605,9,SEC:LSY:S56C_S56D:WB,g1
R5606,10,PLAT:LSY:J56A:EB,g1
R5606,10,PLAT:LSY:J56B:EB,g1
R5606,10,SEC:LSY:J56A_J56B:EB,g1
R5606,11,PLAT:LSY:J56A:EB,g1
R5606,11,PLAT:LSY:J56B:EB,g1
R5606,11,SEC:LSY:J56A_J56B:EB,g1
R5607,12,PLAT:LSX:J56B:WB,g1
R5607,12,PLAT:LSX:N56C:WB,g1
R5607,12,PLAT:LSX:N56D:WB,g1
R5607,12,SEC:LSX:J56B_N56C:WB,g1
R5607,12,SEC:LSX:N56C_N56D:WB,g1
R5607,13,PLAT:LSX:J56B:WB,g1
R5607,13,PLAT:LSX:N56C:WB,g1
R5607,13,PLAT:LSX:N56D:WB,g1
R5607,13,SEC:LSX:J56B_N56C:WB,g1
R5607,13,SEC:LSX:N56C_N56D:WB,g1
R5608,14,PLAT:LSY:S56C:EB,g1
R5608,14,PLAT:LSY:S56D:EB,g1
R5608,14,SEC:LSY:S56C_S56D:EB,g1
R5609,4,PLAT:LSX:N56C:WB,g1
R5609,4,PLAT:LSX:N56D:WB,g1
R5609,4,SEC:LSX:N56C_N56D:WB,g1
R5609,5,PLAT:LSX:N56C:WB,g1
R5609,5,PLAT:LSX:N56D:WB,g1
R5609,5,SEC:LSX:N56C_N56D:WB,g1
R5701,1,PLAT:LSX:J57B:EB,g1
R5701,1,PLAT:LSX:N57C:EB,g1
R5701,1,SEC:LSX:J57B_N57C:EB,g1
R5701,2,PLAT:LSX:J57B:EB,g1
R5701,2,PLAT:LSX:N57C:EB,g1
R5701,2,SEC:LSX:J57B_N57C:EB,g1
R5702,4,PLAT:LSX:N57C:WB,g1
R5702,4,PLAT:LSX:N57D:WB,g1
R5702,4,SEC:LSX:N57C_N57D:WB,g1
R5702,5,PLAT:LSX:N57C:WB,g1
R5702,5,PLAT:LSX:N57D:WB,g1
R5702,5,SEC:LSX:N57C_N57D:WB,g1
R5703,6,PLAT:LSX:J57A:EB,g1
R5703,6,PLAT:LSX:J57B:EB,g1
R5703,6,SEC:LSX:J57A_J57B:EB,g1
R5704,7,PLAT:LSY:J57B:WB,g1
R5704,7,PLAT:LSY:S57C:WB,g1
R5704,7,PLAT:LSY:S57D:WB,g1
R5704,7,SEC:LSY:J57B_S57C:WB,g1
R5704,7,SEC:LSY:S57C_S57D:WB,g1
R5704,8,PLAT:LSY:J57B:WB,g1
R5704,8,PLAT:LSY:S57C:WB,g1
R5704,8,PLAT:LSY:S57D:WB,g1
R5704,8,SEC:LSY:J57B_S57C:WB,g1
R5704,8,SEC:LSY:S57C_S57D:WB,g1
R5705,9,PLAT:LSY:S57C:WB,g1
R5705,9,PLAT:LSY:S57D:WB,g1
R5705,9,SEC:LSY:S57C_S57D:WB,g1
R5706,10,PLAT:LSY:J57A:EB,g1
R5706,10,PLAT:LSY:J57B:EB,g1
R5706,10,SEC:LSY:J57A_J57B:EB,g1
R5706,11,PLAT:LSY:J57A:EB,g1
R5706,11,PLAT:LSY:J57B:EB,g1
R5706,11,SEC:LSY:J57A_J57B:EB,g1
R5707,12,PLAT:LSX:J57B:WB,g1
R5707,12,PLAT:LSX:N57C:WB,g1
R5707,12,PLAT:LSX:N57D:WB,g1
R5707,12,SEC:LSX:J57B_N57C:WB,g1
R5707,12,SEC:LSX:N57C_N57D:WB,g1
R5707,13,PLAT:LSX:J57B:WB,g1
R5707,13,PLAT:LSX:N57C:WB,g1
R5707,13,PLAT:LSX:N57D:WB,g1
R5707,13,SEC:LSX:J57B_N57C:WB,g1
R5707,13,SEC:LSX:N57C_N57D:WB,g1
R5708,14,PLAT:LSY:S57C:EB,g1
R5708,14,PLAT:LSY:S57D:EB,g1
R5708,14,SEC:LSY:S57C_S57D:EB,g1
R5709,4,PLAT:LSX:N57C:WB,g1
R5709,4,PLAT:LSX:N57D:WB,g1
R5709,4,SEC:LSX:N57C_N57D:WB,g1
R5709,5,PLAT:LSX:N57C:WB,g1
R5709,5,PLAT:LSX:N57D:WB,g1
R5709,5,SEC:LSX:N57C_N57D:WB,g1
R5801,1,PLAT:LSX:J58B:EB,g1
R5801,1,PLAT:LSX:N58C:EB,g1
R5801,1,SEC:LSX:J58B_N58C:EB,g1
R5801,2,PLAT:LSX:J58B:EB,g1
R5801,2,PLAT:LSX:N58C:EB,g1
R5801,2,SEC:LSX:J58B_N58C:EB,g1
R5802,4,PLAT:LSX:N58C:WB,g1
R5802,4,PLAT:LSX:N58D:WB,g1
R5802,4,SEC:LSX:N58C_N58D:WB,g1
R5802,5,PLAT:LSX:N58C:WB,g1
R5802,5,PLAT:LSX:N58D:WB,g1
R5802,5,SEC:LSX:N58C_N58D:WB,g1
R5803,6,PLAT:LSX:J58A:EB,g1
R5803,6,PLAT:LSX:J58B:EB,g1
R5803,6,SEC:LSX:J58A_J58B:EB,g1
R5804,7,PLAT:LSY:J58B:WB,g1
R5804,7,PLAT:LSY:S58C:WB,g1
R5804,7,PLAT:LSY:S58D:WB,g1
R5804,7,SEC:LSY:J58B_S58C:WB,g1
R5804,7,SEC:LSY:S58C_S58D:WB,g1
R5804,8,PLAT:LSY:J58B:WB,g1
R5804,8,PLAT:LSY:S58C:WB,g1
R5804,8,PLAT:LSY:S58D:WB,g1
R5804,8,SEC:LSY:J58B_S58C:WB,g1
R5804,8,SEC:LSY:S58C_S58D:WB,g1
R5805,9,PLAT:LSY:S58C:WB,g1
R5805,9,PLAT:LSY:S58D:WB,g1
R5805,9,SEC:LSY:S58C_S58D:WB,g1
R5806,10,PLAT:LSY:J58A:EB,g1
R5806,10,PLAT:LSY:J58B:EB,g1
R5806,10,SEC:LSY:J58A_J58B:EB,g1
R5806,11,PLAT:LSY:J58A:EB,g1
R5806,11,PLAT:LSY:J58B:EB,g1
R5806,11,SEC:LSY:J58A_J58B:EB,g1
R5807,12,PLAT:LSX:J58B:WB,g1
R5807,12,PLAT:LSX:N58C:WB,g1
R5807,12,PLAT:LSX:N58D:WB,g1
R5807,12,SEC:LSX:J58B_N58C:WB,g1
R5807,12,SEC:LSX:N58C_N58D:WB,g1
R5807,13,PLAT:LSX:J58B:WB,g1
R5807,13,PLAT:LSX:N58C:WB,g1
R5807,13,PLAT:LSX:N58D:WB,g1
R5807,13,SEC:LSX:J58B_N58C:WB,g1
R5807,13,SEC:LSX:N58C_N58D:WB,g1
R5808,14,PLAT:LSY:S58C:EB,g1
R5808,14,PLAT:LSY:S58D:EB,g1
R5808,14,SEC:LSY:S58C_S58D:EB,g1
R5809,4,PLAT:LSX:N58C:WB,g1
R5809,4,PLAT:LSX:N58D:WB,g1
R5809,4,SEC:LSX:N58C_N58D:WB,g1
R5809,5,PLAT:LSX:N58C:WB,g1
R5809,5,PLAT:LSX:N58D:WB,g1
R5809,5,SEC:LSX:N58C_N58D:WB,g1
R5901,1,PLAT:LSX:J59B:EB,g1
R5901,1,PLAT:LSX:N59C:EB,g1
R5901,1,SEC:LSX:J59B_N59C:EB,g1
R5901,2,PLAT:LSX:J59B:EB,g1
R5901,2,PLAT:LSX:N59C:EB,g1
R5901,2,SEC:LSX:J59B_N59C:EB,g1
R5902,4,PLAT:LSX:N59C:WB,g1
R5902,4,PLAT:LSX:N59D:WB,g1
R5902,4,SEC:LSX:N59C_N59D:WB,g1
R5902,5,PLAT:LSX:N59C:WB,g1
R5902,5,PLAT:LSX:N59D:WB,g1
R5902,5,SEC:LSX:N59C_N59D:WB,g1
R5903,6,PLAT:LSX:J59A:EB,g1
R5903,6,PLAT:LSX:J59B:EB,g1
R5903,6,SEC:LSX:J59A_J59B:EB,g1
R5904,7,PLAT:LSY:J59B:WB,g1
R5904,7,PLAT:LSY:S59C:WB,g1
R5904,7,PLAT:LSY:S59D:WB,g1
R5904,7,SEC:LSY:J59B_S59C:WB,g1
R5904,7,SEC:LSY:S59C_S59D:WB,g1
R5904,8,PLAT:LSY:J59B:WB,g1
R5904,8,PLAT:LSY:S59C:WB,g1
R5904,8,PLAT:LSY:S59D:WB,g1
R5904,8,SEC:LSY:J59B_S59C:WB,g1
R5904,8,SEC:LSY:S59C_S59D:WB,g1
R5905,9,PLAT:LSY:S59C:WB,g1
R5905,9,PLAT:LSY:S59D:WB,g1
R5905,9,SEC:LSY:S59C_S59D:WB,g1
R5906,10,PLAT:LSY:J59A:EB,g1
R5906,10,PLAT:LSY:J59B:EB,g1
R5906,10,SEC:LSY:J59A_J59B:EB,g1
R5906,11,PLAT:LSY:J59A:EB,g1
R5906,11,PLAT:LSY:J59B:EB,g1
R5906,11,SEC:LSY:J59A_J59B:EB,g1
R5907,12,PLAT:LSX:J59B:WB,g1
R5907,12,PLAT:LSX:N59C:WB,g1
R5907,12,PLAT:LSX:N59D:WB,g1
R5907,12,SEC:LSX:J59B_N59C:WB,g1
R5907,12,SEC:LSX:N59C_N59D:WB,g1
R5907,13,PLAT:LSX:J59B:WB,g1
R5907,13,PLAT:LSX:N59C:WB,g1
R5907,13,PLAT:LSX:N59D:WB,g1
R5907,13,SEC:LSX:J59B_N59C:WB,g1
R5907,13,SEC:LSX:N59C_N59D:WB,g1
R5908,14,PLAT:LSY:S59C:EB,g1
R5908,14,PLAT:LSY:S59D:EB,g1
R5908,14,SEC:LSY:S59C_S59D:EB,g1
R5909,4,PLAT:LSX:N59C:WB,g1
R5909,4,PLAT:LSX:N59D:WB,g1
R5909,4,SEC:LSX:N59C_N59D:WB,g1
R5909,5,PLAT:LSX:N59C:WB,g1
R5909,5,PLAT:LSX:N59D:WB,g1
R5909,5,SEC:LSX:N59C_N59D:WB,g1
R6001,1,PLAT:LSX:J60B:EB,g1
R6001,1,PLAT:LSX:N60C:EB,g1
R6001,1,SEC:LSX:J60B_N60C:EB,g1
R6001,2,PLAT:LSX:J60B:EB,g1
R6001,2,PLAT:LSX:N60C:EB,g1
R6001,2,SEC:LSX:J60B_N60C:EB,g1
R6002,4,PLAT:LSX:N60C:WB,g1
R6002,4,PLAT:LSX:N60D:WB,g1
R6002,4,SEC:LSX:N60C_N60D:WB,g1
R6002,5,PLAT:LSX:N60C:WB,g1
R6002,5,PLAT:LSX:N60D:WB,g1
R6002,5,SEC:LSX:N60C_N60D:WB,g1
R6003,6,PLAT:LSX:J60A:EB,g1
R6003,6,PLAT:LSX:J60B:EB,g1
R6003,6,SEC:LSX:J60A_J60B:EB,g1
R6004,7,PLAT:LSY:J60B:WB,g1
R6004,7,PLAT:LSY:S60C:WB,g1
R6004,7,PLAT:LSY:S60D:WB,g1
R6004,7,SEC:LSY:J60B_S60C:WB,g1
R6004,7,SEC:LSY:S60C_S60D:WB,g1
R6004,8,PLAT:LSY:J60B:WB,g1
R6004,8,PLAT:LSY:S60C:WB,g1
R6004,8,PLAT:LSY:S60D:WB,g1
R6004,8,SEC:LSY:J60B_S60C:WB,g1
R6004,8,SEC:LSY:S60C_S60D:WB,g1
R6005,9,PLAT:LSY:S60C:WB,g1
R6005,9,PLAT:LSY:S60D:WB,g1
R6005,9,SEC:LSY:S60C_S60D:WB,g1
R6006,10,PLAT:LSY:J60A:EB,g1
R6006,10,PLAT:LSY:J60B:EB,g1
R6006,10,SEC:LSY:J60A_J60B:EB,g1
R6006,11,PLAT:LSY:J60A:EB,g1
R6006,11,PLAT:LSY:J60B:EB,g1
R6006,11,SEC:LSY:J60A_J60B:EB,g1
R6007,12,PLAT:LSX:J60B:WB,g1
R6007,12,PLAT:LSX:N60C:WB,g1
R6007,12,PLAT:LSX:N60D:WB,g1
R6007,12,SEC:LSX:J60B_N60C:WB,g1
R6007,12,SEC:LSX:N60C_N60D:WB,g1
R6007,13,PLAT:LSX:J60B:WB,g1
R6007,13,PLAT:LSX:N60C:WB,g1
R6007,13,PLAT:LSX:N60D:WB,g1
R6007,13,SEC:LSX:J60B_N60C:WB,g1
R6007,13,SEC:LSX:N60C_N60D:WB,g1
R6008,14,PLAT:LSY:S60C:EB,g1
R6008,14,PLAT:LSY:S60D:EB,g1
R6008,14,SEC:LSY:S60C_S60D:EB,g1
R6009,4,PLAT:LSX:N60C:WB,g1
R6009,4,PLAT:LSX:N60D:WB,g1
R6009,4,SEC:LSX:N60C_N60D:WB,g1
R6009,5,PLAT:LSX:N60C:WB,g1
R6009,5,PLAT:LSX:N60D:WB,g1
R6009,5,SEC:LSX:N60C_N60D:WB,g1
R6101,1,PLAT:LSX:J61B:EB,g1
R6101,1,PLAT:LSX:N61C:EB,g1
R6101,1,SEC:LSX:J61B_N61C:EB,g1
R6101,2,PLAT:LSX:J61B:EB,g1
R6101,2,PLAT:LSX:N61C:EB,g1
R6101,2,SEC:LSX:J61B_N61C:EB,g1
R6102,4,PLAT:LSX:N61C:WB,g1
R6102,4,PLAT:LSX:N61D:WB,g1
R6102,4,SEC:LSX:N61C_N61D:WB,g1
R6102,5,PLAT:LSX:N61C:WB,g1
R6102,5,PLAT:LSX:N61D:WB,g1
R6102,5,SEC:LSX:N61C_N61D:WB,g1
R6103,6,PLAT:LSX:J61A:EB,g1
R6103,6,PLAT:LSX:J61B:EB,g1
R6103,6,SEC:LSX:J61A_J61B:EB,g1
R6104,7,PLAT:LSY:J61B:WB,g1
R6104,7,PLAT:LSY:S61C:WB,g1
R6104,7,PLAT:LSY:S61D:WB,g1
R6104,7,SEC:LSY:J61B_S61C:WB,g1
R6104,7,SEC:LSY:S61C_S61D:WB,g1
R6104,8,PLAT:LSY:J61B:WB,g1
R6104,8,PLAT:LSY:S61C:WB,g1
R6104,8,PLAT:LSY:S61D:WB,g1
R6104,8,SEC:LSY:J61B_S61C:WB,g1
R6104,8,SEC:LSY:S61C_S61D:WB,g1
R6105,9,PLAT:LSY:S61C:WB,g1
R6105,9,PLAT:LSY:S61D:WB,g1
R6105,9,SEC:LSY:S61C_S61D:WB,g1
R6106,10,PLAT:LSY:J61A:EB,g1
R6106,10,PLAT:LSY:J61B:EB,g1
R6106,10,SEC:LSY:J61A_J61B:EB,g1
R6106,11,PLAT:LSY:J61A:EB,g1
R6106,11,PLAT:LSY:J61B:EB,g1
R6106,11,SEC:LSY:J61A_J61B:EB,g1
R6107,12,PLAT:LSX:J61B:WB,g1
R6107,12,PLAT:LSX:N61C:WB,g1
R6107,12,PLAT:LSX:N61D:WB,g1
R6107,12,SEC:LSX:J61B_N61C:WB,g1
R6107,12,SEC:LSX:N61C_N61D:WB,g1
R6107,13,PLAT:LSX:J61B:WB,g1
R6107,13,PLAT:LSX:N61C:WB,g1
R6107,13,PLAT:LSX:N61D:WB,g1
R6107,13,SEC:LSX:J61B_N61C:WB,g1
R6107,13,SEC:LSX:N61C_N61D:WB,g1
R6108,14,PLAT:LSY:S61C:EB,g1
R6108,14,PLAT:LSY:S61D:EB,g1
R6108,14,SEC:LSY:S61C_S61D:EB,g1
R6109,4,PLAT:LSX:N61C:WB,g1
R6109,4,PLAT:LSX:N61D:WB,g1
R6109,4,SEC:LSX:N61C_N61D:WB,g1
R6109,5,PLAT:LSX:N61C:WB,g1
R6109,5,PLAT:LSX:N61D:WB,g1
R6109,5,SEC:LSX:N61C_N61D:WB,g1
R6201,1,PLAT:LSX:J62B:EB,g1
R6201,1,PLAT:LSX:N62C:EB,g1
R6201,1,SEC:LSX:J62B_N62C:EB,g1
R6201,2,PLAT:LSX:J62B:EB,g1
R6201,2,PLAT:LSX:N62C:EB,g1
R6201,2,SEC:LSX:J62B_N62C:EB,g1
R6202,4,PLAT:LSX:N62C:WB,g1
R6202,4,PLAT:LSX:N62D:WB,g1
R6202,4,SEC:LSX:N62C_N62D:WB,g1
R6202,5,PLAT:LSX:N62C:WB,g1
R6202,5,PLAT:LSX:N62D:WB,g1
R6202,5,SEC:LSX:N62C_N62D:WB,g1
R6203,6,PLAT:LSX:J62A:EB,g1
R6203,6,PLAT:LSX:J62B:EB,g1
R6203,6,SEC:LSX:J62A_J62B:EB,g1
R6204,7,PLAT:LSY:J62B:WB,g1
R6204,7,PLAT:LSY:S62C:WB,g1
R6204,7,PLAT:LSY:S62D:WB,g1
R6204,7,SEC:LSY:J62B_S62C:WB,g1
R6204,7,SEC:LSY:S62C_S62D:WB,g1
R6204,8,PLAT:LSY:J62B:WB,g1
R6204,8,PLAT:LSY:S62C:WB,g1
R6204,8,PLAT:LSY:S62D:WB,g1
R6204,8,SEC:LSY:J62B_S62C:WB,g1
R6204,8,SEC:LSY:S62C_S62D:WB,g1
R6205,9,PLAT:LSY:S62C:WB,g1
R6205,9,PLAT:LSY:S62D:WB,g1
R6205,9,SEC:LSY:S62C_S62D:WB,g1
R6206,10,PLAT:LSY:J62A:EB,g1
R6206,10,PLAT:LSY:J62B:EB,g1
R6206,10,SEC:LSY:J62A_J62B:EB,g1
R6206,11,PLAT:LSY:J62A:EB,g1
R6206,11,PLAT:LSY:J62B:EB,g1
R6206,11,SEC:LSY:J62A_J62B:EB,g1
R6207,12,PLAT:LSX:J62B:WB,g1
R6207,12,PLAT:LSX:N62C:WB,g1
R6207,12,PLAT:LSX:N62D:WB,g1
R6207,12,SEC:LSX:J62B_N62C:WB,g1
R6207,12,SEC:LSX:N62C_N62D:WB,g1
R6207,13,PLAT:LSX:J62B:WB,g1
R6207,13,PLAT:LSX:N62C:WB,g1
R6207,13,PLAT:LSX:N62D:WB,g1
R6207,13,SEC:LSX:J62B_N62C:WB,g1
R6207,13,SEC:LSX:N62C_N62D:WB,g1
R6208,14,PLAT:LSY:S62C:EB,g1
R6208,14,PLAT:LSY:S62D:EB,g1
R6208,14,SEC:LSY:S62C_S62D:EB,g1
R6209,4,PLAT:LSX:N62C:WB,g1
R6209,4,PLAT:LSX:N62D:WB,g1
R6209,4,SEC:LSX:N62C_N62D:WB,g1
R6209,5,PLAT:LSX:N62C:WB,g1
R6209,5,PLAT:LSX:N62D:WB,g1
R6209,5,SEC:LSX:N62C_N62D:WB,g1
R6301,1,PLAT:LSX:J63B:EB,g1
R6301,1,PLAT:LSX:N63C:EB,g1
R6301,1,SEC:LSX:J63B_N63C:EB,g1
R6301,2,PLAT:LSX:J63B:EB,g1
R6301,2,PLAT:LSX:N63C:EB,g1
R6301,2,SEC:LSX:J63B_N63C:EB,g1
R6302,4,PLAT:LSX:N63C:WB,g1
R6302,4,PLAT:LSX:N63D:WB,g1
R6302,4,SEC:LSX:N63C_N63D:WB,g1
R6302,5,PLAT:LSX:N63C:WB,g1
R6302,5,PLAT:LSX:N63D:WB,g1
R6302,5,SEC:LSX:N63C_N63D:WB,g1
R6303,6,PLAT:LSX:J63A:EB,g1
R6303,6,PLAT:LSX:J63B:EB,g1
R6303,6,SEC:LSX:J63A_J63B:EB,g1
R6304,7,PLAT:LSY:J63B:WB,g1
R6304,7,PLAT:LSY:S63C:WB,g1
R6304,7,PLAT:LSY:S63D:WB,g1
R6304,7,SEC:LSY:J63B_S63C:WB,g1
R6304,7,SEC:LSY:S63C_S63D:WB,g1
R6304,8,PLAT:LSY:J63B:WB,g1
R6304,8,PLAT:LSY:S63C:WB,g1
R6304,8,PLAT:LSY:S63D:WB,g1
R6304,8,SEC:LSY:J63B_S63C:WB,g1
R6304,8,SEC:LSY:S63C_S63D:WB,g1
R6305,9,PLAT:LSY:S63C:WB,g1
R6305,9,PLAT:LSY:S63D:WB,g1
R6305,9,SEC:LSY:S63C_S63D:WB,g1
R6306,10,PLAT:LSY:J63A:EB,g1
R6306,10,PLAT:LSY:J63B:EB,g1
R6306,10,SEC:LSY:J63A_J63B:EB,g1
R6306,11,PLAT:LSY:J63A:EB,g1
R6306,11,PLAT:LSY:J63B:EB,g1
R6306,11,SEC:LSY:J63A_J63B:EB,g1
R6307,12,PLAT:LSX:J63B:WB,g1
R6307,12,PLAT:LSX:N63C:WB,g1
R6307,12,PLAT:LSX:N63D:WB,g1
R6307,12,SEC:LSX:J63B_N63C:WB,g1
R6307,12,SEC:LSX:N63C_N63D:WB,g1
R6307,13,PLAT:LSX:J63B:WB,g1
R6307,13,PLAT:LSX:N63C:WB,g1
R6307,13,PLAT:LSX:N63D:WB,g1
R6307,13,SEC:LSX:J63B_N63C:WB,g1
R6307,13,SEC:LSX:N63C_N63D:WB,g1
R6308,14,PLAT:LSY:S63C:EB,g1
R6308,14,PLAT:LSY:S63D:EB,g1
R6308,14,SEC:LSY:S63C_S63D:EB,g1
R6309,4,PLAT:LSX:N63C:WB,g1
R6309,4,PLAT:LSX:N63D:WB,g1
R6309,4,SEC:LSX:N63C_N63D:WB,g1
R6309,5,PLAT:LSX:N63C:WB,g1
R6309,5,PLAT:LSX:N63D:WB,g1
R6309,5,SEC:LSX:N63C_N63D:WB,g1
R6401,1,PLAT:LSX:J64B:EB,g1
R6401,1,PLAT:LSX:N64C:EB,g1
R6401,1,SEC:LSX:J64B_N64C:EB,g1
R6401,2,PLAT:LSX:J64B:EB,g1
R6401,2,PLAT:LSX:N64C:EB,g1
R6401,2,SEC:LSX:J64B_N64C:EB,g1
R6402,4,PLAT:LSX:N64C:WB,g1
R6402,4,PLAT:LSX:N64D:WB,g1
R6402,4,SEC:LSX:N64C_N64D:WB,g1
R6402,5,PLAT:LSX:N64C:WB,g1
R6402,5,PLAT:LSX:N64D:WB,g1
R6402,5,SEC:LSX:N64C_N64D:WB,g1
R6403,6,PLAT:LSX:J64A:EB,g1
R6403,6,PLAT:LSX:J64B:EB,g1
R6403,6,SEC:LSX:J64A_J64B:EB,g1
R6404,7,PLAT:LSY:J64B:WB,g1
R6404,7,PLAT:LSY:S64C:WB,g1
R6404,7,PLAT:LSY:S64D:WB,g1
R6404,7,SEC:LSY:J64B_S64C:WB,g1
R6404,7,SEC:LSY:S64C_S64D:WB,g1
R6404,8,PLAT:LSY:J64B:WB,g1
R6404,8,PLAT:LSY:S64C:WB,g1
R6404,8,PLAT:LSY:S64D:WB,g1
R6404,8,SEC:LSY:J64B_S64C:WB,g1
R6404,8,SEC:LSY:S64C_S64D:WB,g1
R6405,9,PLAT:LSY:S64C:WB,g1
R6405,9,PLAT:LSY:S64D:WB,g1
R6405,9,SEC:LSY:S64C_S64D:WB,g1
R6406,10,PLAT:LSY:J64A:EB,g1
R6406,10,PLAT:LSY:J64B:EB,g1
R6406,10,SEC:LSY:J64A_J64B:EB,g1
R6406,11,PLAT:LSY:J64A:EB,g1
R6406,11,PLAT:LSY:J64B:EB,g1
R6406,11,SEC:LSY:J64A_J64B:EB,g1
R6407,12,PLAT:LSX:J64B:WB,g1
R6407,12,PLAT:LSX:N64C:WB,g1
R6407,12,PLAT:LSX:N64D:WB,g1
R6407,12,SEC:LSX:J64B_N64C:WB,g1
R6407,12,SEC:LSX:N64C_N64D:WB,g1
R6407,13,PLAT:LSX:J64B:WB,g1
R6407,13,PLAT:LSX:N64C:WB,g1
R6407,13,PLAT:LSX:N64D:WB,g1
R6407,13,SEC:LSX:J64B_N64C:WB,g1
R6407,13,SEC:LSX:N64C_N64D:WB,g1
R6408,14,PLAT:LSY:S64C:EB,g1
R6408,14,PLAT:LSY:S64D:EB,g1
R6408,14,SEC:LSY:S64C_S64D:EB,g1
R6409,4,PLAT:LSX:N64C:WB,g1
R6409,4,PLAT:LSX:N64D:WB,g1
R6409,4,SEC:LSX:N64C_N64D:WB,g1
R6409,5,PLAT:LSX:N64C:WB,g1
R6409,5,PLAT:LSX:N64D:WB,g1
R6409,5,SEC:LSX:N64C_N64D:WB,g1
R6501,1,PLAT:LSX:J65B:EB,g1
R6501,1,PLAT:LSX:N65C:EB,g1
R6501,1,SEC:LSX:J65B_N65C:EB,g1
R6501,2,PLAT:LSX:J65B:EB,g1
R6501,2,PLAT:LSX:N65C:EB,g1
R6501,2,SEC:LSX:J65B_N65C:EB,g1
R6502,4,PLAT:LSX:N65C:WB,g1
R6502,4,PLAT:LSX:N65D:WB,g1
R6502,4,SEC:LSX:N65C_N65D:WB,g1
R6502,5,PLAT:LSX:N65C:WB,g1
R6502,5,PLAT:LSX:N65D:WB,g1
R6502,5,SEC:LSX:N65C_N65D:WB,g1
R6503,6,PLAT:LSX:J65A:EB,g1
R6503,6,PLAT:LSX:J65B:EB,g1
R6503,6,SEC:LSX:J65A_J65B:EB,g1
R6504,7,PLAT:LSY:J65B:WB,g1
R6504,7,PLAT:LSY:S65C:WB,g1
R6504,7,PLAT:LSY:S65D:WB,g1
R6504,7,SEC:LSY:J65B_S65C:WB,g1
R6504,7,SEC:LSY:S65C_S65D:WB,g1
R6504,8,PLAT:LSY:J65B:WB,g1
R6504,8,PLAT:LSY:S65C:WB,g1
R6504,8,PLAT:LSY:S65D:WB,g1
R6504,8,SEC:LSY:J65B_S65C:WB,g1
R6504,8,SEC:LSY:S65C_S65D:WB,g1
R6505,9,PLAT:LSY:S65C:WB,g1
R6505,9,PLAT:LSY:S65D:WB,g1
R6505,9,SEC:LSY:S65C_S65D:WB,g1
R6506,10,PLAT:LSY:J65A:EB,g1
R6506,10,PLAT:LSY:J65B:EB,g1
R6506,10,SEC:LSY:J65A_J65B:EB,g1
R6506,11,PLAT:LSY:J65A:EB,g1
R6506,11,PLAT:LSY:J65B:EB,g1
R6506,11,SEC:LSY:J65A_J65B:EB,g1
R6507,12,PLAT:LSX:J65B:WB,g1
R6507,12,PLAT:LSX:N65C:WB,g1
R6507,12,PLAT:LSX:N65D:WB,g1
R6507,12,SEC:LSX:J65B_N65C:WB,g1
R6507,12,SEC:LSX:N65C_N65D:WB,g1
R6507,13,PLAT:LSX:J65B:WB,g1
R6507,13,PLAT:LSX:N65C:WB,g1
R6507,13,PLAT:LSX:N65D:WB,g1
R6507,13,SEC:LSX:J65B_N65C:WB,g1
R6507,13,SEC:LSX:N65C_N65D:WB,g1
R6508,14,PLAT:LSY:S65C:EB,g1
R6508,14,PLAT:LSY:S65D:EB,g1
R6508,14,SEC:LSY:S65C_S65D:EB,g1
R6509,4,PLAT:LSX:N65C:WB,g1
R6509,4,PLAT:LSX:N65D:WB,g1
R6509,4,SEC:LSX:N65C_N65D:WB,g1
R6509,5,PLAT:LSX:N65C:WB,g1
R6509,5,PLAT:LSX:N65D:WB,g1
R6509,5,SEC:LSX:N65C_N65D:WB,g1
R6601,1,PLAT:LSX:J66B:EB,g1
R6601,1,PLAT:LSX:N66C:EB,g1
R6601,1,SEC:LSX:J66B_N66C:EB,g1
R6601,2,PLAT:LSX:J66B:EB,g1
R6601,2,PLAT:LSX:N66C:EB,g1
R6601,2,SEC:LSX:J66B_N66C:EB,g1
R6602,4,PLAT:LSX:N66C:WB,g1
R6602,4,PLAT:LSX:N66D:WB,g1
R6602,4,SEC:LSX:N66C_N66D:WB,g1
R6602,5,PLAT:LSX:N66C:WB,g1
R6602,5,PLAT:LSX:N66D:WB,g1
R6602,5,SEC:LSX:N66C_N66D:WB,g1
R6603,6,PLAT:LSX:J66A:EB,g1
R6603,6,PLAT:LSX:J66B:EB,g1
R6603,6,SEC:LSX:J66A_J66B:EB,g1
R6604,7,PLAT:LSY:J66B:WB,g1
R6604,7,PLAT:LSY:S66C:WB,g1
R6604,7,PLAT:LSY:S66D:WB,g1
R6604,7,SEC:LSY:J66B_S66C:WB,g1
R6604,7,SEC:LSY:S66C_S66D:WB,g1
R6604,8,PLAT:LSY:J66B:WB,g1
R6604,8,PLAT:LSY:S66C:WB,g1
R6604,8,PLAT:LSY:S66D:WB,g1
R6604,8,SEC:LSY:J66B_S66C:WB,g1
R6604,8,SEC:LSY:S66C_S66D:WB,g1
R6605,9,PLAT:LSY:S66C:WB,g1
R6605,9,PLAT:LSY:S66D:WB,g1
R6605,9,SEC:LSY:S66C_S66D:WB,g1
R6606,10,PLAT:LSY:J66A:EB,g1
R6606,10,PLAT:LSY:J66B:EB,g1
R6606,10,SEC:LSY:J66A_J66B:EB,g1
R6606,11,PLAT:LSY:J66A:EB,g1
R6606,11,PLAT:LSY:J66B:EB,g1
R6606,11,SEC:LSY:J66A_J66B:EB,g1
R6607,12,PLAT:LSX:J66B:WB,g1
R6607,12,PLAT:LSX:N66C:WB,g1
R6607,12,PLAT:LSX:N66D:WB,g1
R6607,12,SEC:LSX:J66B_N66C:WB,g1
R6607,12,SEC:LSX:N66C_N66D:WB,g1
R6607,13,PLAT:LSX:J66B:WB,g1
R6607,13,PLAT:LSX:N66C:WB,g1
R6607,13,PLAT:LSX:N66D:WB,g1
R6607,13,SEC:LSX:J66B_N66C:WB,g1
R6607,13,SEC:LSX:N66C_N66D:WB,g1
R6608,14,PLAT:LSY:S66C:EB,g1
R6608,14,PLAT:LSY:S66D:EB,g1
R6608,14,SEC:LSY:S66C_S66D:EB,g1
R6609,4,PLAT:LSX:N66C:WB,g1
R6609,4,PLAT:LSX:N66D:WB,g1
R6609,4,SEC:LSX:N66C_N66D:WB,g1
R6609,5,PLAT:LSX:N66C:WB,g1
R6609,5,PLAT:LSX:N66D:WB,g1
R6609,5,SEC:LSX:N66C_N66D:WB,g1
R6701,1,PLAT:LSX:J67B:EB,g1
R6701,1,PLAT:LSX:N67C:EB,g1
R6701,1,SEC:LSX:J67B_N67C:EB,g1
R6701,2,PLAT:LSX:J67B:EB,g1
R6701,2,PLAT:LSX:N67C:EB,g1
R6701,2,SEC:LSX:J67B_N67C:EB,g1
R6702,4,PLAT:LSX:N67C:WB,g1
R6702,4,PLAT:LSX:N67D:WB,g1
R6702,4,SEC:LSX:N67C_N67D:WB,g1
R6702,5,PLAT:LSX:N67C:WB,g1
R6702,5,PLAT:LSX:N67D:WB,g1
R6702,5,SEC:LSX:N67C_N67D:WB,g1
R6703,6,PLAT:LSX:J67A:EB,g1
R6703,6,PLAT:LSX:J67B:EB,g1
R6703,6,SEC:LSX:J67A_J67B:EB,g1
R6704,7,PLAT:LSY:J67B:WB,g1
R6704,7,PLAT:LSY:S67C:WB,g1
R6704,7,PLAT:LSY:S67D:WB,g1
R6704,7,SEC:LSY:J67B_S67C:WB,g1
R6704,7,SEC:LSY:S67C_S67D:WB,g1
R6704,8,PLAT:LSY:J67B:WB,g1
R6704,8,PLAT:LSY:S67C:WB,g1
R6704,8,PLAT:LSY:S67D:WB,g1
R6704,8,SEC:LSY:J67B_S67C:WB,g1
R6704,8,SEC:LSY:S67C_S67D:WB,g1
R6705,9,PLAT:LSY:S67C:WB,g1
R6705,9,PLAT:LSY:S67D:WB,g1
R6705,9,SEC:LSY:S67C_S67D:WB,g1
R6706,10,PLAT:LSY:J67A:EB,g1
R6706,10,PLAT:LSY:J67B:EB,g1
R6706,10,SEC:LSY:J67A_J67B:EB,g1
R6706,11,PLAT:LSY:J67A:EB,g1
R6706,11,PLAT:LSY:J67B:EB,g1
R6706,11,SEC:LSY:J67A_J67B:EB,g1
R6707,12,PLAT:LSX:J67B:WB,g1
R6707,12,PLAT:LSX:N67C:WB,g1
R6707,12,PLAT:LSX:N67D:WB,g1
R6707,12,SEC:LSX:J67B_N67C:WB,g1
R6707,12,SEC:LSX:N67C_N67D:WB,g1
R6707,13,PLAT:LSX:J67B:WB,g1
R6707,13,PLAT:LSX:N67C:WB,g1
R6707,13,PLAT:LSX:N67D:WB,g1
R6707,13,SEC:LSX:J67B_N67C:WB,g1
R6707,13,SEC:LSX:N67C_N67D:WB,g1
R6708,14,PLAT:LSY:S67C:EB,g1
R6708,14,PLAT:LSY:S67D:EB,g1
R6708,14,SEC:LSY:S67C_S67D:EB,g1
R6709,4,PLAT:LSX:N67C:WB,g1
R6709,4,PLAT:LSX:N67D:WB,g1
R6709,4,SEC:LSX:N67C_N67D:WB,g1
R6709,5,PLAT:LSX:N67C:WB,g1
R6709,5,PLAT:LSX:N67D:WB,g1
R6709,5,SEC:LSX:N67C_N67D:WB,g1
R6801,1,PLAT:LSX:J68B:EB,g1
R6801,1,PLAT:LSX:N68C:EB,g1
R6801,1,SEC:LSX:J68B_N68C:EB,g1
R6801,2,PLAT:LSX:J68B:EB,g1
R6801,2,PLAT:LSX:N68C:EB,g1
R6801,2,SEC:LSX:J68B_N68C:EB,g1
R6802,4,PLAT:LSX:N68C:WB,g1
R6802,4,PLAT:LSX:N68D:WB,g1
R6802,4,SEC:LSX:N68C_N68D:WB,g1
R6802,5,PLAT:LSX:N68C:WB,g1
R6802,5,PLAT:LSX:N68D:WB,g1
R6802,5,SEC:LSX:N68C_N68D:WB,g1
R6803,6,PLAT:LSX:J68A:EB,g1
R6803,6,PLAT:LSX:J68B:EB,g1
R6803,6,SEC:LSX:J68A_J68B:EB,g1
R6804,7,PLAT:LSY:J68B:WB,g1
R6804,7,PLAT:LSY:S68C:WB,g1
R6804,7,PLAT:LSY:S68D:WB,g1
R6804,7,SEC:LSY:J68B_S68C:WB,g1
R6804,7,SEC:LSY:S68C_S68D:WB,g1
R6804,8,PLAT:LSY:J68B:WB,g1
R6804,8,PLAT:LSY:S68C:WB,g1
R6804,8,PLAT:LSY:S68D:WB,g1
R6804,8,SEC:LSY:J68B_S68C:WB,g1
R6804,8,SEC:LSY:S68C_S68D:WB,g1
R6805,9,PLAT:LSY:S68C:WB,g1
R6805,9,PLAT:LSY:S68D:WB,g1
R6805,9,SEC:LSY:S68C_S68D:WB,g1
R6806,10,PLAT:LSY:J68A:EB,g1
R6806,10,PLAT:LSY:J68B:EB,g1
R6806,10,SEC:LSY:J68A_J68B:EB,g1
R6806,11,PLAT:LSY:J68A:EB,g1
R6806,11,PLAT:LSY:J68B:EB,g1
R6806,11,SEC:LSY:J68A_J68B:EB,g1
R6807,12,PLAT:LSX:J68B:WB,g1
R6807,12,PLAT:LSX:N68C:WB,g1
R6807,12,PLAT:LSX:N68D:WB,g1
R6807,12,SEC:LSX:J68B_N68C:WB,g1
R6807,12,SEC:LSX:N68C_N68D:WB,g1
R6807,13,PLAT:LSX:J68B:WB,g1
R6807,13,PLAT:LSX:N68C:WB,g1
R6807,13,PLAT:LSX:N68D:WB,g1
R6807,13,SEC:LSX:J68B_N68C:WB,g1
R6807,13,SEC:LSX:N68C_N68D:WB,g1
R6808,14,PLAT:LSY:S68C:EB,g1
R6808,14,PLAT:LSY:S68D:EB,g1
R6808,14,SEC:LSY:S68C_S68D:EB,g1
R6809,4,PLAT:LSX:N68C:WB,g1
R6809,4,PLAT:LSX:N68D:WB,g1
R6809,4,SEC:LSX:N68C_N68D:WB,g1
R6809,5,PLAT:LSX:N68C:WB,g1
R6809,5,PLAT:LSX:N68D:WB,g1
R6809,5,SEC:LSX:N68C_N68D:WB,g1
R6901,1,PLAT:LSX:J69B:EB,g1
R6901,1,PLAT:LSX:N69C:EB,g1
R6901,1,SEC:LSX:J69B_N69C:EB,g1
R6901,2,PLAT:LSX:J69B:EB,g1
R6901,2,PLAT:LSX:N69C:EB,g1
R6901,2,SEC:LSX:J69B_N69C:EB,g1
R6902,4,PLAT:LSX:N69C:WB,g1
R6902,4,PLAT:LSX:N69D:WB,g1
R6902,4,SEC:LSX:N69C_N69D:WB,g1
R6902,5,PLAT:LSX:N69C:WB,g1
R6902,5,PLAT:LSX:N69D:WB,g1
R6902,5,SEC:LSX:N69C_N69D:WB,g1
R6903,6,PLAT:LSX:J69A:EB,g1
R6903,6,PLAT:LSX:J69B:EB,g1
R6903,6,SEC:LSX:J69A_J69B:EB,g1
R6904,7,PLAT:LSY:J69B:WB,g1
R6904,7,PLAT:LSY:S69C:WB,g1
R6904,7,PLAT:LSY:S69D:WB,g1
R6904,7,SEC:LSY:J69B_S69C:WB,g1
R6904,7,SEC:LSY:S69C_S69D:WB,g1
R6904,8,PLAT:LSY:J69B:WB,g1
R6904,8,PLAT:LSY:S69C:WB,g1
R6904,8,PLAT:LSY:S69D:WB,g1
R6904,8,SEC:LSY:J69B_S69C:WB,g1
R6904,8,SEC:LSY:S69C_S69D:WB,g1
R6905,9,PLAT:LSY:S69C:WB,g1
R6905,9,PLAT:LSY:S69D:WB,g1
R6905,9,SEC:LSY:S69C_S69D:WB,g1
R6906,10,PLAT:LSY:J69A:EB,g1
R6906,10,PLAT:LSY:J69B:EB,g1
R6906,10,SEC:LSY:J69A_J69B:EB,g1
R6906,11,PLAT:LSY:J69A:EB,g1
R6906,11,PLAT:LSY:J69B:EB,g1
R6906,11,SEC:LSY:J69A_J69B:EB,g1
R6907,12,PLAT:LSX:J69B:WB,g1
R6907,12,PLAT:LSX:N69C:WB,g1
R6907,12,PLAT:LSX:N69D:WB,g1
R6907,12,SEC:LSX:J69B_N69C:WB,g1
R6907,12,SEC:LSX:N69C_N69D:WB,g1
R6907,13,PLAT:LSX:J69B:WB,g1
R6907,13,PLAT:LSX:N69C:WB,g1
R6907,13,PLAT:LSX:N69D:WB,g1
R6907,13,SEC:LSX:J69B_N69C:WB,g1
R6907,13,SEC:LSX:N69C_N69D:WB,g1
R6908,14,PLAT:LSY:S69C:EB,g1
R6908,14,PLAT:LSY:S69D:EB,g1
R6908,14,SEC:LSY:S69C_S69D:EB,g1
R6909,4,PLAT:LSX:N69C:WB,g1
R6909,4,PLAT:LSX:N69D:WB,g1
R6909,4,SEC:LSX:N69C_N69D:WB,g1
R6909,5,PLAT:LSX:N69C:WB,g1
R6909,5,PLAT:LSX:N69D:WB,g1
R6909,5,SEC:LSX:N69C_N69D:WB,g1
R7001,1,PLAT:LSX:J70B:EB,g1
R7001,1,PLAT:LSX:N70C:EB,g1
R7001,1,SEC:LSX:J70B_N70C:EB,g1
R7001,2,PLAT:LSX:J70B:EB,g1
R7001,2,PLAT:LSX:N70C:EB,g1
R7001,2,SEC:LSX:J70B_N70C:EB,g1
R7002,4,PLAT:LSX:N70C:WB,g1
R7002,4,PLAT:LSX:N70D:WB,g1
R7002,4,SEC:LSX:N70C_N70D:WB,g1
R7002,5,PLAT:LSX:N70C:WB,g1
R7002,5,PLAT:LSX:N70D:WB,g1
R7002,5,SEC:LSX:N70C_N70D:WB,g1
R7003,6,PLAT:LSX:J70A:EB,g1
R7003,6,PLAT:LSX:J70B:EB,g1
R7003,6,SEC:LSX:J70A_J70B:EB,g1
R7004,7,PLAT:LSY:J70B:WB,g1
R7004,7,PLAT:LSY:S70C:WB,g1
R7004,7,PLAT:LSY:S70D:WB,g1
R7004,7,SEC:LSY:J70B_S70C:WB,g1
R7004,7,SEC:LSY:S70C_S70D:WB,g1
R7004,8,PLAT:LSY:J70B:WB,g1
R7004,8,PLAT:LSY:S70C:WB,g1
R7004,8,PLAT:LSY:S70D:WB,g1
R7004,8,SEC:LSY:J70B_S70C:WB,g1
R7004,8,SEC:LSY:S70C_S70D:WB,g1
R7005,9,PLAT:LSY:S70C:WB,g1
R7005,9,PLAT:LSY:S70D:WB,g1
R7005,9,SEC:LSY:S70C_S70D:WB,g1
R7006,10,PLAT:LSY:J70A:EB,g1
R7006,10,PLAT:LSY:J70B:EB,g1
R7006,10,SEC:LSY:J70A_J70B:EB,g1
R7006,11,PLAT:LSY:J70A:EB,g1
R7006,11,PLAT:LSY:J70B:EB,g1
R7006,11,SEC:LSY:J70A_J70B:EB,g1
R7007,12,PLAT:LSX:J70B:WB,g1
R7007,12,PLAT:LSX:N70C:WB,g1
R7007,12,PLAT:LSX:N70D:WB,g1
R7007,12,SEC:LSX:J70B_N70C:WB,g1
R7007,12,SEC:LSX:N70C_N70D:WB,g1
R7007,13,PLAT:LSX:J70B:WB,g1
R7007,13,PLAT:LSX:N70C:WB,g1
R7007,13,PLAT:LSX:N70D:WB,g1
R7007,13,SEC:LSX:J70B_N70C:WB,g1
R7007,13,SEC:LSX:N70C_N70D:WB,g1
R7008,14,PLAT:LSY:S70C:EB,g1
R7008,14,PLAT:LSY:S70D:EB,g1
R7008,14,SEC:LSY:S70C_S70D:EB,g1
R7009,4,PLAT:LSX:N70C:WB,g1
R7009,4,PLAT:LSX:N70D:WB,g1
R7009,4,SEC:LSX:N70C_N70D:WB,g1
R7009,5,PLAT:LSX:N70C:WB,g1
R7009,5,PLAT:LSX:N70D:WB,g1
R7009,5,SEC:LSX:N70C_N70D:WB,g1
R7101,1,PLAT:LSX:J71B:EB,g1
R7101,1,PLAT:LSX:N71C:EB,g1
R7101,1,SEC:LSX:J71B_N71C:EB,g1
R7101,2,PLAT:LSX:J71B:EB,g1
R7101,2,PLAT:LSX:N71C:EB,g1
R7101,2,SEC:LSX:J71B_N71C:EB,g1
R7102,4,PLAT:LSX:N71C:WB,g1
R7102,4,PLAT:LSX:N71D:WB,g1
R7102,4,SEC:LSX:N71C_N71D:WB,g1
R7102,5,PLAT:LSX:N71C:WB,g1
R7102,5,PLAT:LSX:N71D:WB,g1
R7102,5,SEC:LSX:N71C_N71D:WB,g1
R7103,6,PLAT:LSX:J71A:EB,g1
R7103,6,PLAT:LSX:J71B:EB,g1
R7103,6,SEC:LSX:J71A_J71B:EB,g1
R7104,7,PLAT:LSY:J71B:WB,g1
R7104,7,PLAT:LSY:S71C:WB,g1
R7104,7,PLAT:LSY:S71D:WB,g1
R7104,7,SEC:LSY:J71B_S71C:WB,g1
R7104,7,SEC:LSY:S71C_S71D:WB,g1
R7104,8,PLAT:LSY:J71B:WB,g1
R7104,8,PLAT:LSY:S71C:WB,g1
R7104,8,PLAT:LSY:S71D:WB,g1
R7104,8,SEC:LSY:J71B_S71C:WB,g1
R7104,8,SEC:LSY:S71C_S71D:WB,g1
R7105,9,PLAT:LSY:S71C:WB,g1
R7105,9,PLAT:LSY:S71D:WB,g1
R7105,9,SEC:LSY:S71C_S71D:WB,g1
R7106,10,PLAT:LSY:J71A:EB,g1
R7106,10,PLAT:LSY:J71B:EB,g1
R7106,10,SEC:LSY:J71A_J71B:EB,g1
R7106,11,PLAT:LSY:J71A:EB,g1
R7106,11,PLAT:LSY:J71B:EB,g1
R7106,11,SEC:LSY:J71A_J71B:EB,g1
R7107,12,PLAT:LSX:J71B:WB,g1
R7107,12,PLAT:LSX:N71C:WB,g1
R7107,12,PLAT:LSX:N71D:WB,g1
R7107,12,SEC:LSX:J71B_N71C:WB,g1
R7107,12,SEC:LSX:N71C_N71D:WB,g1
R7107,13,PLAT:LSX:J71B:WB,g1
R7107,13,PLAT:LSX:N71C:WB,g1
R7107,13,PLAT:LSX:N71D:WB,g1
R7107,13,SEC:LSX:J71B_N71C:WB,g1
R7107,13,SEC:LSX:N71C_N71D:WB,g1
R7108,14,PLAT:LSY:S71C:EB,g1
R7108,14,PLAT:LSY:S71D:EB,g1
R7108,14,SEC:LSY:S71C_S71D:EB,g1
R7109,4,PLAT:LSX:N71C:WB,g1
R7109,4,PLAT:LSX:N71D:WB,g1
R7109,4,SEC:LSX:N71C_N71D:WB,g1
R7109,5,PLAT:LSX:N71C:WB,g1
R7109,5,PLAT:LSX:N71D:WB,g1
R7109,5,SEC:LSX:N71C_N71D:WB,g1
R7201,1,PLAT:LSX:J72B:EB,g1
R7201,1,PLAT:LSX:N72C:EB,g1
R7201,1,SEC:LSX:J72B_N72C:EB,g1
R7201,2,PLAT:LSX:J72B:EB,g1
R7201,2,PLAT:LSX:N72C:EB,g1
R7201,2,SEC:LSX:J72B_N72C:EB,g1
R7202,4,PLAT:LSX:N72C:WB,g1
R7202,4,PLAT:LSX:N72D:WB,g1
R7202,4,SEC:LSX:N72C_N72D:WB,g1
R7202,5,PLAT:LSX:N72C:WB,g1
R7202,5,PLAT:LSX:N72D:WB,g1
R7202,5,SEC:LSX:N72C_N72D:WB,g1
R7203,6,PLAT:LSX:J72A:EB,g1
R7203,6,PLAT:LSX:J72B:EB,g1
R7203,6,SEC:LSX:J72A_J72B:EB,g1
R7204,7,PLAT:LSY:J72B:WB,g1
R7204,7,PLAT:LSY:S72C:WB,g1
R7204,7,PLAT:LSY:S72D:WB,g1
R7204,7,SEC:LSY:J72B_S72C:WB,g1
R7204,7,SEC:LSY:S72C_S72D:WB,g1
R7204,8,PLAT:LSY:J72B:WB,g1
R7204,8,PLAT:LSY:S72C:WB,g1
R7204,8,PLAT:LSY:S72D:WB,g1
R7204,8,SEC:LSY:J72B_S72C:WB,g1
R7204,8,SEC:LSY:S72C_S72D:WB,g1
R7205,9,PLAT:LSY:S72C:WB,g1
R7205,9,PLAT:LSY:S72D:WB,g1
R7205,9,SEC:LSY:S72C_S72D:WB,g1
R7206,10,PLAT:LSY:J72A:EB,g1
R7206,10,PLAT:LSY:J72B:EB,g1
R7206,10,SEC:LSY:J72A_J72B:EB,g1
R7206,11,PLAT:LSY:J72A:EB,g1
R7206,11,PLAT:LSY:J72B:EB,g1
R7206,11,SEC:LSY:J72A_J72B:EB,g1
R7207,12,PLAT:LSX:J72B:WB,g1
R7207,12,PLAT:LSX:N72C:WB,g1
R7207,12,PLAT:LSX:N72D:WB,g1
R7207,12,SEC:LSX:J72B_N72C:WB,g1
R7207,12,SEC:LSX:N72C_N72D:WB,g1
R7207,13,PLAT:LSX:J72B:WB,g1
R7207,13,PLAT:LSX:N72C:WB,g1
R7207,13,PLAT:LSX:N72D:WB,g1
R7207,13,SEC:LSX:J72B_N72C:WB,g1
R7207,13,SEC:LSX:N72C_N72D:WB,g1
R7208,14,PLAT:LSY:S72C:EB,g1
R7208,14,PLAT:LSY:S72D:EB,g1
R7208,14,SEC:LSY:S72C_S72D:EB,g1
R7209,4,PLAT:LSX:N72C:WB,g1
R7209,4,PLAT:LSX:N72D:WB,g1
R7209,4,SEC:LSX:N72C_N72D:WB,g1
R7209,5,PLAT:LSX:N72C:WB,g1
R7209,5,PLAT:LSX:N72D:WB,g1
R7209,5,SEC:LSX:N72C_N72D:WB,g1
R7301,1,PLAT:LSX:J73B:EB,g1
R7301,1,PLAT:LSX:N73C:EB,g1
R7301,1,SEC:LSX:J73B_N73C:EB,g1
R7301,2,PLAT:LSX:J73B:EB,g1
R7301,2,PLAT:LSX:N73C:EB,g1
R7301,2,SEC:LSX:J73B_N73C:EB,g1
R7302,4,PLAT:LSX:N73C:WB,g1
R7302,4,PLAT:LSX:N73D:WB,g1
R7302,4,SEC:LSX:N73C_N73D:WB,g1
R7302,5,PLAT:LSX:N73C:WB,g1
R7302,5,PLAT:LSX:N73D:WB,g1
R7302,5,SEC:LSX:N73C_N73D:WB,g1
R7303,6,PLAT:LSX:J73A:EB,g1
R7303,6,PLAT:LSX:J73B:EB,g1
R7303,6,SEC:LSX:J73A_J73B:EB,g1
R7304,7,PLAT:LSY:J73B:WB,g1
R7304,7,PLAT:LSY:S73C:WB,g1
R7304,7,PLAT:LSY:S73D:WB,g1
R7304,7,SEC:LSY:J73B_S73C:WB,g1
R7304,7,SEC:LSY:S73C_S73D:WB,g1
R7304,8,PLAT:LSY:J73B:WB,g1
R7304,8,PLAT:LSY:S73C:WB,g1
R7304,8,PLAT:LSY:S73D:WB,g1
R7304,8,SEC:LSY:J73B_S73C:WB,g1
R7304,8,SEC:LSY:S73C_S73D:WB,g1
R7305,9,PLAT:LSY:S73C:WB,g1
R7305,9,PLAT:LSY:S73D:WB,g1
R7305,9,SEC:LSY:S73C_S73D:WB,g1
R7306,10,PLAT:LSY:J73A:EB,g1
R7306,10,PLAT:LSY:J73B:EB,g1
R7306,10,SEC:LSY:J73A_J73B:EB,g1
R7306,11,PLAT:LSY:J73A:EB,g1
R7306,11,PLAT:LSY:J73B:EB,g1
R7306,11,SEC:LSY:J73A_J73B:EB,g1
R7307,12,PLAT:LSX:J73B:WB,g1
R7307,12,PLAT:LSX:N73C:WB,g1
R7307,12,PLAT:LSX:N73D:WB,g1
R7307,12,SEC:LSX:J73B_N73C:WB,g1
R7307,12,SEC:LSX:N73C_N73D:WB,g1
R7307,13,PLAT:LSX:J73B:WB,g1
R7307,13,PLAT:LSX:N73C:WB,g1
R7307,13,PLAT:LSX:N73D:WB,g1
R7307,13,SEC:LSX:J73B_N73C:WB,g1
R7307,13,SEC:LSX:N73C_N73D:WB,g1
R7308,14,PLAT:LSY:S73C:EB,g1
R7308,14,PLAT:LSY:S73D:EB,g1
R7308,14,SEC:LSY:S73C_S73D:EB,g1
R7309,4,PLAT:LSX:N73C:WB,g1
R7309,4,PLAT:LSX:N73D:WB,g1
R7309,4,SEC:LSX:N73C_N73D:WB,g1
R7309,5,PLAT:LSX:N73C:WB,g1
R7309,5,PLAT:LSX:N73D:WB,g1
R7309,5,SEC:LSX:N73C_N73D:WB,g1
R7401,1,PLAT:LSX:J74B:EB,g1
R7401,1,PLAT:LSX:N74C:EB,g1
R7401,1,SEC:LSX:J74B_N74C:EB,g1
R7401,2,PLAT:LSX:J74B:EB,g1
R7401,2,PLAT:LSX:N74C:EB,g1
R7401,2,SEC:LSX:J74B_N74C:EB,g1
R7402,4,PLAT:LSX:N74C:WB,g1
R7402,4,PLAT:LSX:N74D:WB,g1
R7402,4,SEC:LSX:N74C_N74D:WB,g1
R7402,5,PLAT:LSX:N74C:WB,g1
R7402,5,PLAT:LSX:N74D:WB,g1
R7402,5,SEC:LSX:N74C_N74D:WB,g1
R7403,6,PLAT:LSX:J74A:EB,g1
R7403,6,PLAT:LSX:J74B:EB,g1
R7403,6,SEC:LSX:J74A_J74B:EB,g1
R7404,7,PLAT:LSY:J74B:WB,g1
R7404,7,PLAT:LSY:S74C:WB,g1
R7404,7,PLAT:LSY:S74D:WB,g1
R7404,7,SEC:LSY:J74B_S74C:WB,g1
R7404,7,SEC:LSY:S74C_S74D:WB,g1
R7404,8,PLAT:LSY:J74B:WB,g1
R7404,8,PLAT:LSY:S74C:WB,g1
R7404,8,PLAT:LSY:S74D:WB,g1
R7404,8,SEC:LSY:J74B_S74C:WB,g1
R7404,8,SEC:LSY:S74C_S74D:WB,g1
R7405,9,PLAT:LSY:S74C:WB,g1
R7405,9,PLAT:LSY:S74D:WB,g1
R7405,9,SEC:LSY:S74C_S74D:WB,g1
R7406,10,PLAT:LSY:J74A:EB,g1
R7406,10,PLAT:LSY:J74B:EB,g1
R7406,10,SEC:LSY:J74A_J74B:EB,g1
R7406,11,PLAT:LSY:J74A:EB,g1
R7406,11,PLAT:LSY:J74B:EB,g1
R7406,11,SEC:LSY:J74A_J74B:EB,g1
R7407,12,PLAT:LSX:J74B:WB,g1
R7407,12,PLAT:LSX:N74C:WB,g1
R7407,12,PLAT:LSX:N74D:WB,g1
R7407,12,SEC:LSX:J74B_N74C:WB,g1
R7407,12,SEC:LSX:N74C_N74D:WB,g1
R7407,13,PLAT:LSX:J74B:WB,g1
R7407,13,PLAT:LSX:N74C:WB,g1
R7407,13,PLAT:LSX:N74D:WB,g1
R7407,13,SEC:LSX:J74B_N74C:WB,g1
R7407,13,SEC:LSX:N74C_N74D:WB,g1
R7408,14,PLAT:LSY:S74C:EB,g1
R7408,14,PLAT:LSY:S74D:EB,g1
R7408,14,SEC:LSY:S74C_S74D:EB,g1
R7409,4,PLAT:LSX:N74C:WB,g1
R7409,4,PLAT:LSX:N74D:WB,g1
R7409,4,SEC:LSX:N74C_N74D:WB,g1
R7409,5,PLAT:LSX:N74C:WB,g1
R7409,5,PLAT:LSX:N74D:WB,g1
R7409,5,SEC:LSX:N74C_N74D:WB,g1
R7501,1,PLAT:LSX:J75B:EB,g1
R7501,1,PLAT:LSX:N75C:EB,g1
R7501,1,SEC:LSX:J75B_N75C:EB,g1
R7501,2,PLAT:LSX:J75B:EB,g1
R7501,2,PLAT:LSX:N75C:EB,g1
R7501,2,SEC:LSX:J75B_N75C:EB,g1
R7502,4,PLAT:LSX:N75C:WB,g1
R7502,4,PLAT:LSX:N75D:WB,g1
R7502,4,SEC:LSX:N75C_N75D:WB,g1
R7502,5,PLAT:LSX:N75C:WB,g1
R7502,5,PLAT:LSX:N75D:WB,g1
R7502,5,SEC:LSX:N75C_N75D:WB,g1
R7503,6,PLAT:LSX:J75A:EB,g1
R7503,6,PLAT:LSX:J75B:EB,g1
R7503,6,SEC:LSX:J75A_J75B:EB,g1
R7504,7,PLAT:LSY:J75B:WB,g1
R7504,7,PLAT:LSY:S75C:WB,g1
R7504,7,PLAT:LSY:S75D:WB,g1
R7504,7,SEC:LSY:J75B_S75C:WB,g1
R7504,7,SEC:LSY:S75C_S75D:WB,g1
R7504,8,PLAT:LSY:J75B:WB,g1
R7504,8,PLAT:LSY:S75C:WB,g1
R7504,8,PLAT:LSY:S75D:WB,g1
R7504,8,SEC:LSY:J75B_S75C:WB,g1
R7504,8,SEC:LSY:S75C_S75D:WB,g1
R7505,9,PLAT:LSY:S75C:WB,g1
R7505,9,PLAT:LSY:S75D:WB,g1
R7505,9,SEC:LSY:S75C_S75D:WB,g1
R7506,10,PLAT:LSY:J75A:EB,g1
R7506,10,PLAT:LSY:J75B:EB,g1
R7506,10,SEC:LSY:J75A_J75B:EB,g1
R7506,11,PLAT:LSY:J75A:EB,g1
R7506,11,PLAT:LSY:J75B:EB,g1
R7506,11,SEC:LSY:J75A_J75B:EB,g1
R7507,12,PLAT:LSX:J75B:WB,g1
R7507,12,PLAT:LSX:N75C:WB,g1
R7507,12,PLAT:LSX:N75D:WB,g1
R7507,12,SEC:LSX:J75B_N75C:WB,g1
R7507,12,SEC:LSX:N75C_N75D:WB,g1
R7507,13,PLAT:LSX:J75B:WB,g1
R7507,13,PLAT:LSX:N75C:WB,g1
R7507,13,PLAT:LSX:N75D:WB,g1
R7507,13,SEC:LSX:J75B_N75C:WB,g1
R7507,13,SEC:LSX:N75C_N75D:WB,g1
R7508,14,PLAT:LSY:S75C:EB,g1
R7508,14,PLAT:LSY:S75D:EB,g1
R7508,14,SEC:LSY:S75C_S75D:EB,g1
R7509,4,PLAT:LSX:N75C:WB,g1
R7509,4,PLAT:LSX:N75D:WB,g1
R7509,4,SEC:LSX:N75C_N75D:WB,g1
R7509,5,PLAT:LSX:N75C:WB,g1
R7509,5,PLAT:LSX:N75D:WB,g1
R7509,5,SEC:LSX:N75C_N75D:WB,g1
R7601,1,PLAT:LSX:J76B:EB,g1
R7601,1,PLAT:LSX:N76C:EB,g1
R7601,1,SEC:LSX:J76B_N76C:EB,g1
R7601,2,PLAT:LSX:J76B:EB,g1
R7601,2,PLAT:LSX:N76C:EB,g1
R7601,2,SEC:LSX:J76B_N76C:EB,g1
R7602,4,PLAT:LSX:N76C:WB,g1
R7602,4,PLAT:LSX:N76D:WB,g1
R7602,4,SEC:LSX:N76C_N76D:WB,g1
R7602,5,PLAT:LSX:N76C:WB,g1
R7602,5,PLAT:LSX:N76D:WB,g1
R7602,5,SEC:LSX:N76C_N76D:WB,g1
R7603,6,PLAT:LSX:J76A:EB,g1
R7603,6,PLAT:LSX:J76B:EB,g1
R7603,6,SEC:LSX:J76A_J76B:EB,g1
R7604,7,PLAT:LSY:J76B:WB,g1
R7604,7,PLAT:LSY:S76C:WB,g1
R7604,7,PLAT:LSY:S76D:WB,g1
R7604,7,SEC:LSY:J76B_S76C:WB,g1
R7604,7,SEC:LSY:S76C_S76D:WB,g1
R7604,8,PLAT:LSY:J76B:WB,g1
R7604,8,PLAT:LSY:S76C:WB,g1
R7604,8,PLAT:LSY:S76D:WB,g1
R7604,8,SEC:LSY:J76B_S76C:WB,g1
R7604,8,SEC:LSY:S76C_S76D:WB,g1
R7605,9,PLAT:LSY:S76C:WB,g1
R7605,9,PLAT:LSY:S76D:WB,g1
R7605,9,SEC:LSY:S76C_S76D:WB,g1
R7606,10,PLAT:LSY:J76A:EB,g1
R7606,10,PLAT:LSY:J76B:EB,g1
R7606,10,SEC:LSY:J76A_J76B:EB,g1
R7606,11,PLAT:LSY:J76A:EB,g1
R7606,11,PLAT:LSY:J76B:EB,g1
R7606,11,SEC:LSY:J76A_J76B:EB,g1
R7607,12,PLAT:LSX:J76B:WB,g1
R7607,12,PLAT:LSX:N76C:WB,g1
R7607,12,PLAT:LSX:N76D:WB,g1
R7607,12,SEC:LSX:J76B_N76C:WB,g1
R7607,12,SEC:LSX:N76C_N76D:WB,g1
R7607,13,PLAT:LSX:J76B:WB,g1
R7607,13,PLAT:LSX:N76C:WB,g1
R7607,13,PLAT:LSX:N76D:WB,g1
R7607,13,SEC:LSX:J76B_N76C:WB,g1
R7607,13,SEC:LSX:N76C_N76D:WB,g1
R7608,14,PLAT:LSY:S76C:EB,g1
R7608,14,PLAT:LSY:S76D:EB,g1
R7608,14,SEC:LSY:S76C_S76D:EB,g1
R7609,4,PLAT:LSX:N76C:WB,g1
R7609,4,PLAT:LSX:N76D:WB,g1
R7609,4,SEC:LSX:N76C_N76D:WB,g1
R7609,5,PLAT:LSX:N76C:WB,g1
R7609,5,PLAT:LSX:N76D:WB,g1
R7609,5,SEC:LSX:N76C_N76D:WB,g1
R7701,1,PLAT:LSX:J77B:EB,g1
R7701,1,PLAT:LSX:N77C:EB,g1
R7701,1,SEC:LSX:J77B_N77C:EB,g1
R7701,2,PLAT:LSX:J77B:EB,g1
R7701,2,PLAT:LSX:N77C:EB,g1
R7701,2,SEC:LSX:J77B_N77C:EB,g1
R7702,4,PLAT:LSX:N77C:WB,g1
R7702,4,PLAT:LSX:N77D:WB,g1
R7702,4,SEC:LSX:N77C_N77D:WB,g1
R7702,5,PLAT:LSX:N77C:WB,g1
R7702,5,PLAT:LSX:N77D:WB,g1
R7702,5,SEC:LSX:N77C_N77D:WB,g1
R7703,6,PLAT:LSX:J77A:EB,g1
R7703,6,PLAT:LSX:J77B:EB,g1
R7703,6,SEC:LSX:J77A_J77B:EB,g1
R7704,7,PLAT:LSY:J77B:WB,g1
R7704,7,PLAT:LSY:S77C:WB,g1
R7704,7,PLAT:LSY:S77D:WB,g1
R7704,7,SEC:LSY:J77B_S77C:WB,g1
R7704,7,SEC:LSY:S77C_S77D:WB,g1
R7704,8,PLAT:LSY:J77B:WB,g1
R7704,8,PLAT:LSY:S77C:WB,g1
R7704,8,PLAT:LSY:S77D:WB,g1
R7704,8,SEC:LSY:J77B_S77C:WB,g1
R7704,8,SEC:LSY:S77C_S77D:WB,g1
R7705,9,PLAT:LSY:S77C:WB,g1
R7705,9,PLAT:LSY:S77D:WB,g1
R7705,9,SEC:LSY:S77C_S77D:WB,g1
R7706,10,PLAT:LSY:J77A:EB,g1
R7706,10,PLAT:LSY:J77B:EB,g1
R7706,10,SEC:LSY:J77A_J77B:EB,g1
R7706,11,PLAT:LSY:J77A:EB,g1
R7706,11,PLAT:LSY:J77B:EB,g1
R7706,11,SEC:LSY:J77A_J77B:EB,g1
R7707,12,PLAT:LSX:J77B:WB,g1
R7707,12,PLAT:LSX:N77C:WB,g1
R7707,12,PLAT:LSX:N77D:WB,g1
R7707,12,SEC:LSX:J77B_N77C:WB,g1
R7707,12,SEC:LSX:N77C_N77D:WB,g1
R7707,13,PLAT:LSX:J77B:WB,g1
R7707,13,PLAT:LSX:N77C:WB,g1
R7707,13,PLAT:LSX:N77D:WB,g1
R7707,13,SEC:LSX:J77B_N77C:WB,g1
R7707,13,SEC:LSX:N77C_N77D:WB,g1
R7708,14,PLAT:LSY:S77C:EB,g1
R7708,14,PLAT:LSY:S77D:EB,g1
R7708,14,SEC:LSY:S77C_S77D:EB,g1
R7709,4,PLAT:LSX:N77C:WB,g1
R7709,4,PLAT:LSX:N77D:WB,g1
R7709,4,SEC:LSX:N77C_N77D:WB,g1
R7709,5,PLAT:LSX:N77C:WB,g1
R7709,5,PLAT:LSX:N77D:WB,g1
R7709,5,SEC:LSX:N77C_N77D:WB,g1
R7801,1,PLAT:LSX:J78B:EB,g1
R7801,1,PLAT:LSX:N78C:EB,g1
R7801,1,SEC:LSX:J78B_N78C:EB,g1
R7801,2,PLAT:LSX:J78B:EB,g1
R7801,2,PLAT:LSX:N78C:EB,g1
R7801,2,SEC:LSX:J78B_N78C:EB,g1
R7802,4,PLAT:LSX:N78C:WB,g1
R7802,4,PLAT:LSX:N78D:WB,g1
R7802,4,SEC:LSX:N78C_N78D:WB,g1
R7802,5,PLAT:LSX:N78C:WB,g1
R7802,5,PLAT:LSX:N78D:WB,g1
R7802,5,SEC:LSX:N78C_N78D:WB,g1
R7803,6,PLAT:LSX:J78A:EB,g1
R7803,6,PLAT:LSX:J78B:EB,g1
R7803,6,SEC:LSX:J78A_J78B:EB,g1
R7804,7,PLAT:LSY:J78B:WB,g1
R7804,7,PLAT:LSY:S78C:WB,g1
R7804,7,PLAT:LSY:S78D:WB,g1
R7804,7,SEC:LSY:J78B_S78C:WB,g1
R7804,7,SEC:LSY:S78C_S78D:WB,g1
R7804,8,PLAT:LSY:J78B:WB,g1
R7804,8,PLAT:LSY:S78C:WB,g1
R7804,8,PLAT:LSY:S78D:WB,g1
R7804,8,SEC:LSY:J78B_S78C:WB,g1
R7804,8,SEC:LSY:S78C_S78D:WB,g1
R7805,9,PLAT:LSY:S78C:WB,g1
R7805,9,PLAT:LSY:S78D:WB,g1
R7805,9,SEC:LSY:S78C_S78D:WB,g1
R7806,10,PLAT:LSY:J78A:EB,g1
R7806,10,PLAT:LSY:J78B:EB,g1
R7806,10,SEC:LSY:J78A_J78B:EB,g1
R7806,11,PLAT:LSY:J78A:EB,g1
R7806,11,PLAT:LSY:J78B:EB,g1
R7806,11,SEC:LSY:J78A_J78B:EB,g1
R7807,12,PLAT:LSX:J78B:WB,g1
R7807,12,PLAT:LSX:N78C:WB,g1
R7807,12,PLAT:LSX:N78D:WB,g1
R7807,12,SEC:LSX:J78B_N78C:WB,g1
R7807,12,SEC:LSX:N78C_N78D:WB,g1
R7807,13,PLAT:LSX:J78B:WB,g1
R7807,13,PLAT:LSX:N78C:WB,g1
R7807,13,PLAT:LSX:N78D:WB,g1
R7807,13,SEC:LSX:J78B_N78C:WB,g1
R7807,13,SEC:LSX:N78C_N78D:WB,g1
R7808,14,PLAT:LSY:S78C:EB,g1
R7808,14,PLAT:LSY:S78D:EB,g1
R7808,14,SEC:LSY:S78C_S78D:EB,g1
R7809,4,PLAT:LSX:N78C:WB,g1
R7809,4,PLAT:LSX:N78D:WB,g1
R7809,4,SEC:LSX:N78C_N78D:WB,g1
R7809,5,PLAT:LSX:N78C:WB,g1
R7809,5,PLAT:LSX:N78D:WB,g1
R7809,5,SEC:LSX:N78C_N78D:WB,g1
R7901,1,PLAT:LSX:J79B:EB,g1
R7901,1,PLAT:LSX:N79C:EB,g1
R7901,1,SEC:LSX:J79B_N79C:EB,g1
R7901,2,PLAT:LSX:J79B:EB,g1
R7901,2,PLAT:LSX:N79C:EB,g1
R7901,2,SEC:LSX:J79B_N79C:EB,g1
R7902,4,PLAT:LSX:N79C:WB,g1
R7902,4,PLAT:LSX:N79D:WB,g1
R7902,4,SEC:LSX:N79C_N79D:WB,g1
R7902,5,PLAT:LSX:N79C:WB,g1
R7902,5,PLAT:LSX:N79D:WB,g1
R7902,5,SEC:LSX:N79C_N79D:WB,g1
R7903,6,PLAT:LSX:J79A:EB,g1
R7903,6,PLAT:LSX:J79B:EB,g1
R7903,6,SEC:LSX:J79A_J79B:EB,g1
R7904,7,PLAT:LSY:J79B:WB,g1
R7904,7,PLAT:LSY:S79C:WB,g1
R7904,7,PLAT:LSY:S79D:WB,g1
R7904,7,SEC:LSY:J79B_S79C:WB,g1
R7904,7,SEC:LSY:S79C_S79D:WB,g1
R7904,8,PLAT:LSY:J79B:WB,g1
R7904,8,PLAT:LSY:S79C:WB,g1
R7904,8,PLAT:LSY:S79D:WB,g1
R7904,8,SEC:LSY:J79B_S79C:WB,g1
R7904,8,SEC:LSY:S79C_S79D:WB,g1
R7905,9,PLAT:LSY:S79C:WB,g1
R7905,9,PLAT:LSY:S79D:WB,g1
R7905,9,SEC:LSY:S79C_S79D:WB,g1
R7906,10,PLAT:LSY:J79A:EB,g1
R7906,10,PLAT:LSY:J79B:EB,g1
R7906,10,SEC:LSY:J79A_J79B:EB,g1
R7906,11,PLAT:LSY:J79A:EB,g1
R7906,11,PLAT:LSY:J79B:EB,g1
R7906,11,SEC:LSY:J79A_J79B:EB,g1
R7907,12,PLAT:LSX:J79B:WB,g1
R7907,12,PLAT:LSX:N79C:WB,g1
R7907,12,PLAT:LSX:N79D:WB,g1
R7907,12,SEC:LSX:J79B_N79C:WB,g1
R7907,12,SEC:LSX:N79C_N79D:WB,g1
R7907,13,PLAT:LSX:J79B:WB,g1
R7907,13,PLAT:LSX:N79C:WB,g1
R7907,13,PLAT:LSX:N79D:WB,g1
R7907,13,SEC:LSX:J79B_N79C:WB,g1
R7907,13,SEC:LSX:N79C_N79D:WB,g1
R7908,14,PLAT:LSY:S79C:EB,g1
R7908,14,PLAT:LSY:S79D:EB,g1
R7908,14,SEC:LSY:S79C_S79D:EB,g1
R7909,4,PLAT:LSX:N79C:WB,g1
R7909,4,PLAT:LSX:N79D:WB,g1
R7909,4,SEC:LSX:N79C_N79D:WB,g1
R7909,5,PLAT:LSX:N79C:WB,g1
R7909,5,PLAT:LSX:N79D:WB,g1
R7909,5,SEC:LSX:N79C_N79D:WB,g1
R8001,1,PLAT:LSX:J80B:EB,g1
R8001,1,PLAT:LSX:N80C:EB,g1
R8001,1,SEC:LSX:J80B_N80C:EB,g1
R8001,2,PLAT:LSX:J80B:EB,g1
R8001,2,PLAT:LSX:N80C:EB,g1
R8001,2,SEC:LSX:J80B_N80C:EB,g1
R8002,4,PLAT:LSX:N80C:WB,g1
R8002,4,PLAT:LSX:N80D:WB,g1
R8002,4,SEC:LSX:N80C_N80D:WB,g1
R8002,5,PLAT:LSX:N80C:WB,g1
R8002,5,PLAT:LSX:N80D:WB,g1
R8002,5,SEC:LSX:N80C_N80D:WB,g1
R8003,6,PLAT:LSX:J80A:EB,g1
R8003,6,PLAT:LSX:J80B:EB,g1
R8003,6,SEC:LSX:J80A_J80B:EB,g1
R8004,7,PLAT:LSY:J80B:WB,g1
R8004,7,PLAT:LSY:S80C:WB,g1
R8004,7,PLAT:LSY:S80D:WB,g1
R8004,7,SEC:LSY:J80B_S80C:WB,g1
R8004,7,SEC:LSY:S80C_S80D:WB,g1
R8004,8,PLAT:LSY:J80B:WB,g1
R8004,8,PLAT:LSY:S80C:WB,g1
R8004,8,PLAT:LSY:S80D:WB,g1
R8004,8,SEC:LSY:J80B_S80C:WB,g1
R8004,8,SEC:LSY:S80C_S80D:WB,g1
R8005,9,PLAT:LSY:S80C:WB,g1
R8005,9,PLAT:LSY:S80D:WB,g1
R8005,9,SEC:LSY:S80C_S80D:WB,g1
R8006,10,PLAT:LSY:J80A:EB,g1
R8006,10,PLAT:LSY:J80B:EB,g1
R8006,10,SEC:LSY:J80A_J80B:EB,g1
R8006,11,PLAT:LSY:J80A:EB,g1
R8006,11,PLAT:LSY:J80B:EB,g1
R8006,11,SEC:LSY:J80A_J80B:EB,g1
R8007,12,PLAT:LSX:J80B:WB,g1
R8007,12,PLAT:LSX:N80C:WB,g1
R8007,12,PLAT:LSX:N80D:WB,g1
R8007,12,SEC:LSX:J80B_N80C:WB,g1
R8007,12,SEC:LSX:N80C_N80D:WB,g1
R8007,13,PLAT:LSX:J80B:WB,g1
R8007,13,PLAT:LSX:N80C:WB,g1
R8007,13,PLAT:LSX:N80D:WB,g1
R8007,13,SEC:LSX:J80B_N80C:WB,g1
R8007,13,SEC:LSX:N80C_N80D:WB,g1
R8008,14,PLAT:LSY:S80C:EB,g1
R8008,14,PLAT:LSY:S80D:EB,g1
R8008,14,SEC:LSY:S80C_S80D:EB,g1
R8009,4,PLAT:LSX:N80C:WB,g1
R8009,4,PLAT:LSX:N80D:WB,g1
R8009,4,SEC:LSX:N80C_N80D:WB,g1
R8009,5,PLAT:LSX:N80C:WB,g1
R8009,5,PLAT:LSX:N80D:WB,g1
R8009,5,SEC:LSX:N80C_N80D:WB,g1
